"","team","league","league2","team2","strdist","color"
"1","Detroit City FC","United Soccer League","usl","Detroit",8,NA
"2","Rio Grande Valley FC Toros","United Soccer League","usl","Rio Grande",16,NA
"3","Colorado Springs Switchbacks FC","United Soccer League","usl","Colorado Springs",15,NA
"4","El Paso Locomotive FC","United Soccer League","usl","El Paso",14,NA
"5","Tulsa Roughnecks","United Soccer League","usl","FC Tulsa",12,NA
"6","Swope Park Rangers","United Soccer League","usl","Sporting Kansas City 2",12,NA
"7","Pittsburgh Riverhounds","United Soccer League","usl","Pittsburgh",12,NA
"8","Birmingham Legion FC","United Soccer League","usl","Birmingham",10,NA
"9","Loudoun United FC","United Soccer League","usl","Loudoun",10,NA
"10","Bethlehem Steel FC","United Soccer League","usl","Bethlehem",9,NA
"11","Reno 1868 FC","United Soccer League","usl","Reno",8,NA
"12","Charleston Battery","United Soccer League","usl","Charleston",8,NA
"13","Tampa Bay Rowdies","United Soccer League","usl","Tampa Bay",8,NA
"14","Portland Timbers 2","United Soccer League","usl","Portland 2",8,NA
"15","Memphis 901 FC","United Soccer League","usl","Memphis",7,NA
"16","New Mexico United","United Soccer League","usl","New Mexico",7,NA
"17","Charlotte Independence","United Soccer League","usl","Charlotte Independ.",4,NA
"18","Real Monarchs SLC","United Soccer League","usl","Real Monarchs",4,NA
"19","Louisville City FC","United Soccer League","usl","Louisville City",3,NA
"20","North Carolina FC","United Soccer League","usl","North Carolina",3,NA
"21","Oklahoma City Energy FC","United Soccer League","usl","Oklahoma City Energy",3,NA
"22","Fresno FC","United Soccer League","usl","Fresno",3,NA
"23","Arizona United","United Soccer League","usl","Phoenix Rising",0,NA
"24","Sacramento Republic FC","United Soccer League","usl","Sacramento Republic",3,NA
"25","San Antonio FC","United Soccer League","usl","San Antonio",3,NA
"26","Las Vegas Lights FC","United Soccer League","usl","Las Vegas Lights",3,NA
"27","Ottawa Fury FC","United Soccer League","usl","Ottawa Fury",3,NA
"28","Penn FC","United Soccer League","usl","Penn",3,NA
"29","Austin Bold FC","United Soccer League","usl","Austin Bold",3,NA
"30","San Diego Loyal SC","United Soccer League","usl","San Diego Loyal",3,NA
"31","New York Red Bulls II","United Soccer League","usl","New York Red Bulls 2",2,NA
"32","LA Galaxy II","United Soccer League","usl","LA Galaxy 2",2,NA
"33","Tacoma Defiance","United Soccer League","usl","Tacoma Defiance",0,NA
"34","Orange County SC","United Soccer League","usl","Orange County SC",0,NA
"35","Richmond Kickers","United Soccer League","usl","Richmond Kickers",0,NA
"36","Nashville SC","United Soccer League","usl","Nashville SC",0,NA
"37","Atlanta United 2","United Soccer League","usl","Atlanta United 2",0,NA
"38","Arizona United","United Soccer League","usl","Arizona United",0,NA
"39","Saint Louis FC","United Soccer League","usl","Saint Louis FC",0,NA
"40","Indy Eleven","United Soccer League","usl","Indy Eleven",0,NA
"41","FC Cincinnati","United Soccer League","usl","FC Cincinnati",0,NA
"42","Toronto FC II","United Soccer League","usl","Toronto FC II",0,NA
"43","Hartford Athletic","United Soccer League","usl","Hartford Athletic",0,NA
"44","Miami FC","United Soccer League","usl","Miami FC",0,NA
"45","Oakland Roots","United Soccer League","usl","Oakland Roots",0,NA
"46","1. FC Union Berlin","UEFA Europa League","europa-league","Union Berlin",6,NA
"47","SC Freiburg","UEFA Europa League","europa-league","Freiburg",0,NA
"48","Union Saint Gilloise","UEFA Europa League","europa-league","Royale Union SG",5,NA
"49","AS Monaco","UEFA Europa League","europa-league","Monaco",3,NA
"50","West Ham United","UEFA Europa League","europa-league","West Ham",3,NA
"51","SK Sturm Graz","UEFA Europa League","europa-league","Sturm Graz",3,NA
"52","FC Midtjylland","UEFA Europa League","europa-league","Midtjylland",3,NA
"53","Legia Warsaw","UEFA Europa League","europa-league","Legia",7,NA
"54","Zenit St Petersburg","UEFA Europa League","europa-league","Zenit",14,NA
"55","FK Partizan Belgrade","UEFA Europa League","europa-league","Partizan",12,NA
"56","Red Star Belgrade","UEFA Europa League","europa-league","Crvena zvezda (Srb)",11,NA
"57","Steaua Bucuresti","UEFA Europa League","europa-league","FCSB (Rou)",11,NA
"58","FC Spartak Trnava","UEFA Europa League","europa-league","Trnava",11,NA
"59","Apollon Limassol","UEFA Europa League","europa-league","Apollon",9,NA
"60","Istanbul Basaksehir","UEFA Europa League","europa-league","Basaksehir",9,NA
"61","SV Zulte Waregem","UEFA Europa League","europa-league","Waregem",9,NA
"62","Viktoria Plzen","UEFA Europa League","europa-league","Plzen",9,NA
"63","Borussia Dortmund","UEFA Europa League","europa-league","Dortmund",9,NA
"64","PAOK Salonika","UEFA Europa League","europa-league","PAOK",9,NA
"65","Akhisar Belediye","UEFA Europa League","europa-league","Akhisarspor",9,NA
"66","Internazionale","UEFA Europa League","europa-league","Inter",9,NA
"67","BATE Borisov","UEFA Europa League","europa-league","BATE",8,NA
"68","Tottenham Hotspur","UEFA Europa League","europa-league","Tottenham",8,NA
"69","Omonia Nicosia","UEFA Europa League","europa-league","Omonia",8,NA
"70","Videoton FC","UEFA Europa League","europa-league","MOL Fehervar (Hun)",7,NA
"71","Olympiacos","UEFA Europa League","europa-league","Olympiacos Piraeus (Gre)",7,NA
"72","Borussia Monchengladbach","UEFA Europa League","europa-league","B. Monchengladbach",7,NA
"73","Slovan Liberec","UEFA Europa League","europa-league","Liberec",7,NA
"74","Hapoel Be'er","UEFA Europa League","europa-league","H. Beer Sheva (Isr)",6,NA
"75","Skenderbeu Korce","UEFA Europa League","europa-league","Skenderbeu",6,NA
"76","Stade Rennes","UEFA Europa League","europa-league","Rennes",6,NA
"77","Standard Liege","UEFA Europa League","europa-league","St. Liege",6,NA
"78","Apoel Nicosia","UEFA Europa League","europa-league","APOEL (Cyp)",6,NA
"79","Dynamo Kiev","UEFA Europa League","europa-league","Dyn. Kyiv",5,NA
"80","Guimaraes","UEFA Europa League","europa-league","Vitoria Guimaraes (Por)",5,NA
"81","Athletic Bilbao","UEFA Europa League","europa-league","Ath Bilbao",5,NA
"82","Östersunds FK","UEFA Europa League","europa-league","Ostersunds",5,NA
"83","Atletico Madrid","UEFA Europa League","europa-league","Atl. Madrid",5,NA
"84","Dinamo Zagreb","UEFA Europa League","europa-league","D. Zagreb",5,NA
"85","Vorskla","UEFA Europa League","europa-league","Vorskla Poltava (Ukr)",5,NA
"86","Real Betis","UEFA Europa League","europa-league","Betis",5,NA
"87","CFR 1907 Cluj","UEFA Europa League","europa-league","CFR Cluj",5,NA
"88","LASK Linz","UEFA Europa League","europa-league","LASK",5,NA
"89","Wolverhampton","UEFA Europa League","europa-league","Wolves",5,NA
"90","Leicester City","UEFA Europa League","europa-league","Leicester",5,NA
"91","TSG Hoffenheim","UEFA Europa League","europa-league","Hoffenheim",4,NA
"92","FC Cologne","UEFA Europa League","europa-league","FC Koln",4,NA
"93","F91 Dudelange","UEFA Europa League","europa-league","Dudelange",4,NA
"94","KAA Gent","UEFA Europa League","europa-league","Gent",4,NA
"95","VfL Wolfsburg","UEFA Europa League","europa-league","Wolfsburg",4,NA
"96","PFC Oleksandriya","UEFA Europa League","europa-league","Oleksandriya",4,NA
"97","FK Austria Vienna","UEFA Europa League","europa-league","Austria Vienna",3,NA
"98","FC Salzburg","UEFA Europa League","europa-league","Salzburg",3,NA
"99","FC Lugano","UEFA Europa League","europa-league","Lugano",3,NA
"100","AEK Athens","UEFA Europa League","europa-league","AEK Athens FC",3,NA
"101","FC Sheriff Tiraspol","UEFA Europa League","europa-league","Sheriff Tiraspol",3,NA
"102","Sporting CP","UEFA Europa League","europa-league","Sporting",3,NA
"103","Sevilla FC","UEFA Europa League","europa-league","Sevilla",3,NA
"104","FC Zurich","UEFA Europa League","europa-league","Zurich",3,NA
"105","FK Qarabag","UEFA Europa League","europa-league","Qarabag",3,NA
"106","Sarpsborg","UEFA Europa League","europa-league","Sarpsborg 08",3,NA
"107","FC Krasnodar","UEFA Europa League","europa-league","Krasnodar",3,NA
"108","Club Brugge","UEFA Europa League","europa-league","Club Brugge KV",3,NA
"109","Manchester United","UEFA Europa League","europa-league","Manchester Utd",3,NA
"110","AZ","UEFA Europa League","europa-league","AZ Alkmaar",3,NA
"111","Granada","UEFA Europa League","europa-league","Granada CF",3,NA
"112","Zlín","UEFA Europa League","europa-league","Zlin",2,NA
"113","FC Zorya Luhansk","UEFA Europa League","europa-league","FK Zorya Luhansk",1,NA
"114","Maccabi Tel-Aviv","UEFA Europa League","europa-league","Maccabi Tel Aviv",1,NA
"115","Atalanta","UEFA Europa League","europa-league","Atalanta",0,NA
"116","Slavia Prague","UEFA Europa League","europa-league","Slavia Prague",0,NA
"117","Villarreal","UEFA Europa League","europa-league","Villarreal",0,NA
"118","Rijeka","UEFA Europa League","europa-league","Rijeka",0,NA
"119","FC Copenhagen","UEFA Europa League","europa-league","FC Copenhagen",0,NA
"120","Young Boys","UEFA Europa League","europa-league","Young Boys",0,NA
"121","Arsenal","UEFA Europa League","europa-league","Arsenal",0,NA
"122","Vitesse","UEFA Europa League","europa-league","Vitesse",0,NA
"123","Vardar","UEFA Europa League","europa-league","Vardar",0,NA
"124","Marseille","UEFA Europa League","europa-league","Marseille",0,NA
"125","Real Sociedad","UEFA Europa League","europa-league","Real Sociedad",0,NA
"126","Hertha Berlin","UEFA Europa League","europa-league","Hertha Berlin",0,NA
"127","FC Astana","UEFA Europa League","europa-league","FC Astana",0,NA
"128","Nice","UEFA Europa League","europa-league","Nice",0,NA
"129","Lazio","UEFA Europa League","europa-league","Lazio",0,NA
"130","Rosenborg","UEFA Europa League","europa-league","Rosenborg",0,NA
"131","Konyaspor","UEFA Europa League","europa-league","Konyaspor",0,NA
"132","Braga","UEFA Europa League","europa-league","Braga",0,NA
"133","Lyon","UEFA Europa League","europa-league","Lyon",0,NA
"134","AC Milan","UEFA Europa League","europa-league","AC Milan",0,NA
"135","Everton","UEFA Europa League","europa-league","Everton",0,NA
"136","Ludogorets","UEFA Europa League","europa-league","Ludogorets",0,NA
"137","Lokomotiv Moscow","UEFA Europa League","europa-league","Lokomotiv Moscow",0,NA
"138","Spartak Moscow","UEFA Europa League","europa-league","Spartak Moscow",0,NA
"139","Celtic","UEFA Europa League","europa-league","Celtic",0,NA
"140","Napoli","UEFA Europa League","europa-league","Napoli",0,NA
"141","CSKA Moscow","UEFA Europa League","europa-league","CSKA Moscow",0,NA
"142","RB Leipzig","UEFA Europa League","europa-league","RB Leipzig",0,NA
"143","Genk","UEFA Europa League","europa-league","Genk",0,NA
"144","Besiktas","UEFA Europa League","europa-league","Besiktas",0,NA
"145","Rapid Vienna","UEFA Europa League","europa-league","Rapid Vienna",0,NA
"146","AEK Larnaca","UEFA Europa League","europa-league","AEK Larnaca",0,NA
"147","Bayer Leverkusen","UEFA Europa League","europa-league","Bayer Leverkusen",0,NA
"148","Bordeaux","UEFA Europa League","europa-league","Bordeaux",0,NA
"149","Anderlecht","UEFA Europa League","europa-league","Anderlecht",0,NA
"150","Fenerbahce","UEFA Europa League","europa-league","Fenerbahce",0,NA
"151","Eintracht Frankfurt","UEFA Europa League","europa-league","Eintracht Frankfurt",0,NA
"152","Rangers","UEFA Europa League","europa-league","Rangers",0,NA
"153","Jablonec","UEFA Europa League","europa-league","Jablonec",0,NA
"154","HJK Helsinki","UEFA Europa League","europa-league","HJK",3,"HJK Helsinki"
"155","Chelsea","UEFA Europa League","europa-league","Chelsea",0,NA
"156","Malmo FF","UEFA Europa League","europa-league","Malmo FF",0,NA
"157","Galatasaray","UEFA Europa League","europa-league","Galatasaray",0,NA
"158","Shakhtar Donetsk","UEFA Europa League","europa-league","Shakhtar Donetsk",0,NA
"159","Valencia","UEFA Europa League","europa-league","Valencia",0,NA
"160","Benfica","UEFA Europa League","europa-league","Benfica",0,NA
"161","Basel","UEFA Europa League","europa-league","Basel",0,NA
"162","PSV","UEFA Europa League","europa-league","PSV",0,NA
"163","Getafe","UEFA Europa League","europa-league","Getafe",0,NA
"164","FC Porto","UEFA Europa League","europa-league","FC Porto",0,NA
"165","Espanyol","UEFA Europa League","europa-league","Espanyol",0,NA
"166","AS Roma","UEFA Europa League","europa-league","AS Roma",0,NA
"167","Slovan Bratislava","UEFA Europa League","europa-league","Slovan Bratislava",0,NA
"168","Wolfsberger","UEFA Europa League","europa-league","Wolfsberger AC",0,NA
"169","St Etienne","UEFA Europa League","europa-league","St Etienne",0,NA
"170","Ferencvaros","UEFA Europa League","europa-league","Ferencvaros",0,NA
"171","Feyenoord","UEFA Europa League","europa-league","Feyenoord",0,NA
"172","Trabzonspor","UEFA Europa League","europa-league","Trabzonspor",0,NA
"173","Ajax","UEFA Europa League","europa-league","Ajax",0,NA
"174","Dundalk","UEFA Europa League","europa-league","Dundalk",0,NA
"175","Lech Poznan","UEFA Europa League","europa-league","Lech Poznan",0,NA
"176","CSKA Sofia","UEFA Europa League","europa-league","CSKA Sofia",0,NA
"177","Sparta Prague","UEFA Europa League","europa-league","Sparta Prague",0,NA
"178","Antwerp","UEFA Europa League","europa-league","Antwerp",0,NA
"179","Lille","UEFA Europa League","europa-league","Lille",0,NA
"180","Sivasspor","UEFA Europa League","europa-league","Sivasspor",0,NA
"181","Molde","UEFA Europa League","europa-league","Molde",0,NA
"182","VfL Wolfsburg","UEFA Champions League","champions-league","Wolfsburg",4,NA
"183","FC Sheriff Tiraspol","UEFA Champions League","champions-league","Sheriff Tiraspol",3,NA
"184","Zenit St Petersburg","UEFA Champions League","champions-league","Zenit",14,NA
"185","Paris Saint-Germain","UEFA Champions League","champions-league","Paris SG",11,NA
"186","Red Star Belgrade","UEFA Champions League","champions-league","Crvena zvezda (Srb)",11,NA
"187","Borussia Dortmund","UEFA Champions League","champions-league","Dortmund",9,NA
"188","Internazionale","UEFA Champions League","champions-league","Inter",9,NA
"189","Viktoria Plzen","UEFA Champions League","champions-league","Plzen",9,NA
"190","Istanbul Basaksehir","UEFA Champions League","champions-league","Basaksehir",9,NA
"191","Tottenham Hotspur","UEFA Champions League","champions-league","Tottenham",8,NA
"192","Legia Warsaw","UEFA Champions League","champions-league","Legia",7,NA
"193","Borussia Monchengladbach","UEFA Champions League","champions-league","B. Monchengladbach",7,NA
"194","Olympiacos","UEFA Champions League","champions-league","Olympiacos Piraeus",6,NA
"195","Apoel Nicosia","UEFA Champions League","champions-league","APOEL (Cyp)",6,NA
"196","Stade Rennes","UEFA Champions League","champions-league","Rennes",6,NA
"197","Dynamo Kiev","UEFA Champions League","champions-league","Dyn. Kyiv",5,NA
"198","Dinamo Zagreb","UEFA Champions League","champions-league","D. Zagreb",5,NA
"199","Leicester City","UEFA Champions League","champions-league","Leicester",5,NA
"200","Atletico Madrid","UEFA Champions League","champions-league","Atl. Madrid",5,NA
"201","TSG Hoffenheim","UEFA Champions League","champions-league","Hoffenheim",4,NA
"202","Club Brugge","UEFA Champions League","champions-league","Club Brugge KV",3,NA
"203","Sporting","UEFA Champions League","champions-league","Sporting CP",3,NA
"204","AS Monaco","UEFA Champions League","champions-league","Monaco",3,NA
"205","Sevilla FC","UEFA Champions League","champions-league","Sevilla",3,NA
"206","Rostov","UEFA Champions League","champions-league","FK Rostov",3,NA
"207","Manchester United","UEFA Champions League","champions-league","Manchester Utd",3,NA
"208","NK Maribor","UEFA Champions League","champions-league","Maribor",3,NA
"209","FK Qarabag","UEFA Champions League","champions-league","Qarabag",3,NA
"210","Schalke 04","UEFA Champions League","champions-league","Schalke",3,NA
"211","AEK Athens","UEFA Champions League","champions-league","AEK Athens FC",3,NA
"212","FC Salzburg","UEFA Champions League","champions-league","Salzburg",3,NA
"213","FC Midtjylland","UEFA Champions League","champions-league","Midtjylland",3,NA
"214","FC Krasnodar","UEFA Champions League","champions-league","Krasnodar",3,NA
"215","Basel","UEFA Champions League","champions-league","Basel",0,NA
"216","Benfica","UEFA Champions League","champions-league","Benfica",0,NA
"217","PSV","UEFA Champions League","champions-league","PSV",0,NA
"218","Barcelona","UEFA Champions League","champions-league","Barcelona",0,NA
"219","Bayern Munich","UEFA Champions League","champions-league","Bayern Munich",0,NA
"220","Manchester City","UEFA Champions League","champions-league","Manchester City",0,NA
"221","Bayer Leverkusen","UEFA Champions League","champions-league","Bayer Leverkusen",0,NA
"222","Lyon","UEFA Champions League","champions-league","Lyon",0,NA
"223","FC Porto","UEFA Champions League","champions-league","FC Porto",0,NA
"224","Real Madrid","UEFA Champions League","champions-league","Real Madrid",0,NA
"225","Juventus","UEFA Champions League","champions-league","Juventus",0,NA
"226","FC Copenhagen","UEFA Champions League","champions-league","FC Copenhagen",0,NA
"227","CSKA Moscow","UEFA Champions League","champions-league","CSKA Moscow",0,NA
"228","Arsenal","UEFA Champions League","champions-league","Arsenal",0,NA
"229","Celtic","UEFA Champions League","champions-league","Celtic",0,NA
"230","Besiktas","UEFA Champions League","champions-league","Besiktas",0,NA
"231","Ludogorets","UEFA Champions League","champions-league","Ludogorets",0,NA
"232","Napoli","UEFA Champions League","champions-league","Napoli",0,NA
"233","Chelsea","UEFA Champions League","champions-league","Chelsea",0,NA
"234","AS Roma","UEFA Champions League","champions-league","AS Roma",0,NA
"235","Feyenoord","UEFA Champions League","champions-league","Feyenoord",0,NA
"236","Shakhtar Donetsk","UEFA Champions League","champions-league","Shakhtar Donetsk",0,NA
"237","Liverpool","UEFA Champions League","champions-league","Liverpool",0,NA
"238","RB Leipzig","UEFA Champions League","champions-league","RB Leipzig",0,NA
"239","Spartak Moscow","UEFA Champions League","champions-league","Spartak Moscow",0,NA
"240","Anderlecht","UEFA Champions League","champions-league","Anderlecht",0,NA
"241","Galatasaray","UEFA Champions League","champions-league","Galatasaray",0,NA
"242","Ajax","UEFA Champions League","champions-league","Ajax",0,NA
"243","Young Boys","UEFA Champions League","champions-league","Young Boys",0,NA
"244","Valencia","UEFA Champions League","champions-league","Valencia",0,NA
"245","Lokomotiv Moscow","UEFA Champions League","champions-league","Lokomotiv Moscow",0,NA
"246","Atalanta","UEFA Champions League","champions-league","Atalanta",0,NA
"247","Genk","UEFA Champions League","champions-league","Genk",0,NA
"248","Slavia Prague","UEFA Champions League","champions-league","Slavia Prague",0,NA
"249","Lille","UEFA Champions League","champions-league","Lille",0,NA
"250","Lazio","UEFA Champions League","champions-league","Lazio",0,NA
"251","Marseille","UEFA Champions League","champions-league","Marseille",0,NA
"252","Ferencvaros","UEFA Champions League","champions-league","Ferencvaros",0,NA
"253","Gazisehir Gaziantep","Turkish Turkcell Super Lig","super-lig","Gaziantep",10,NA
"254","Fatih Karagümrük","Turkish Turkcell Super Lig","super-lig","Karagumruk",10,NA
"255","Istanbul Basaksehir","Turkish Turkcell Super Lig","super-lig","Basaksehir",9,NA
"256","Akhisar Belediye","Turkish Turkcell Super Lig","super-lig","Akhisarspor",9,NA
"257","Caykur Rizespor","Turkish Turkcell Super Lig","super-lig","Rizespor",7,NA
"258","Karabükspor","Turkish Turkcell Super Lig","super-lig","Kardemir Karabuk",5,NA
"259","Erzurumspor","Turkish Turkcell Super Lig","super-lig","Erzurum BB",4,NA
"260","Genclerbirligi","Turkish Turkcell Super Lig","super-lig","Genclerbirligi",0,NA
"261","Alanyaspor","Turkish Turkcell Super Lig","super-lig","Alanyaspor",0,NA
"262","Goztepe","Turkish Turkcell Super Lig","super-lig","Goztepe",0,NA
"263","Trabzonspor","Turkish Turkcell Super Lig","super-lig","Trabzonspor",0,NA
"264","Yeni Malatyaspor","Turkish Turkcell Super Lig","super-lig","Yeni Malatyaspor",0,NA
"265","Besiktas","Turkish Turkcell Super Lig","super-lig","Besiktas",0,NA
"266","Galatasaray","Turkish Turkcell Super Lig","super-lig","Galatasaray",0,NA
"267","Kasimpasa","Turkish Turkcell Super Lig","super-lig","Kasimpasa",0,NA
"268","Bursaspor","Turkish Turkcell Super Lig","super-lig","Bursaspor",0,NA
"269","Sivasspor","Turkish Turkcell Super Lig","super-lig","Sivasspor",0,NA
"270","Ankaraspor","Turkish Turkcell Super Lig","super-lig","Ankaraspor",0,NA
"271","Kayserispor","Turkish Turkcell Super Lig","super-lig","Kayserispor",0,NA
"272","Antalyaspor","Turkish Turkcell Super Lig","super-lig","Antalyaspor",0,NA
"273","Fenerbahce","Turkish Turkcell Super Lig","super-lig","Fenerbahce",0,NA
"274","Konyaspor","Turkish Turkcell Super Lig","super-lig","Konyaspor",0,NA
"275","Ankaragucu","Turkish Turkcell Super Lig","super-lig","Ankaragucu",0,NA
"276","Denizlispor","Turkish Turkcell Super Lig","super-lig","Denizlispor",0,NA
"277","Hatayspor","Turkish Turkcell Super Lig","super-lig","Hatayspor",0,NA
"278","Altay","Turkish Turkcell Super Lig","super-lig","Altay",0,NA
"279","Istanbulspor","Turkish Turkcell Super Lig","super-lig","Istanbulspor AS",0,NA
"280","Adana Demirspor","Turkish Turkcell Super Lig","super-lig","Adana Demirspor",0,NA
"281","Giresunspor","Turkish Turkcell Super Lig","super-lig","Giresunspor",0,NA
"282","Neuchatel Xamax","Swiss Raiffeisen Super League","super-league","Xamax",10,NA
"283","Grasshoppers Zürich","Swiss Raiffeisen Super League","super-league","Grasshoppers",8,NA
"284","Lausanne Sports","Swiss Raiffeisen Super League","super-league","Lausanne",7,NA
"285","FC Luzern","Swiss Raiffeisen Super League","super-league","Luzern",3,NA
"286","FC Zurich","Swiss Raiffeisen Super League","super-league","Zurich",3,NA
"287","FC Lugano","Swiss Raiffeisen Super League","super-league","Lugano",3,NA
"288","FC Sion","Swiss Raiffeisen Super League","super-league","Sion",3,NA
"289","FC Vaduz","Swiss Raiffeisen Super League","super-league","Vaduz",3,NA
"290","St Gallen","Swiss Raiffeisen Super League","super-league","St. Gallen",1,NA
"291","Young Boys","Swiss Raiffeisen Super League","super-league","Young Boys",0,NA
"292","Thun","Swiss Raiffeisen Super League","super-league","Thun",0,NA
"293","Basel","Swiss Raiffeisen Super League","super-league","Basel",0,NA
"294","Servette","Swiss Raiffeisen Super League","super-league","Servette",0,NA
"295","Vasby United","Swedish Allsvenskan","allsvenskan","AFC Eskilstuna",9,NA
"296","Jonkopings Sodra IF","Swedish Allsvenskan","allsvenskan","Jonkoping",9,NA
"297","Varbergs BoIS FC","Swedish Allsvenskan","allsvenskan","Varberg",8,NA
"298","Östersunds FK","Swedish Allsvenskan","allsvenskan","Ostersund",5,NA
"299","IFK Goteborg","Swedish Allsvenskan","allsvenskan","Goteborg",4,NA
"300","Halmstads BK","Swedish Allsvenskan","allsvenskan","Halmstad",4,NA
"301","GIF Sundsvall","Swedish Allsvenskan","allsvenskan","Sundsvall",4,NA
"302","IFK Norrkoping","Swedish Allsvenskan","allsvenskan","Norrkoping",4,NA
"303","Djurgardens IF","Swedish Allsvenskan","allsvenskan","Djurgarden",4,NA
"304","Helsingborgs IF","Swedish Allsvenskan","allsvenskan","Helsingborg",4,NA
"305","Kalmar FF","Swedish Allsvenskan","allsvenskan","Kalmar",3,NA
"306","Orebro SK","Swedish Allsvenskan","allsvenskan","Orebro",3,NA
"307","IK Sirius","Swedish Allsvenskan","allsvenskan","Sirius",3,NA
"308","BK Hacken","Swedish Allsvenskan","allsvenskan","Hacken",3,NA
"309","IF Elfsborg","Swedish Allsvenskan","allsvenskan","Elfsborg",3,NA
"310","Trelleborgs FF","Swedish Allsvenskan","allsvenskan","Trelleborg",3,NA
"311","Dalkurd FF","Swedish Allsvenskan","allsvenskan","Dalkurd",3,NA
"312","Falkenbergs FF","Swedish Allsvenskan","allsvenskan","Falkenberg",3,NA
"313","Degerfors IF","Swedish Allsvenskan","allsvenskan","Degerfors",3,NA
"314","AIK","Swedish Allsvenskan","allsvenskan","AIK",0,NA
"315","Hammarby","Swedish Allsvenskan","allsvenskan","Hammarby",0,NA
"316","Malmo FF","Swedish Allsvenskan","allsvenskan","Malmo FF",0,NA
"317","Brommapojkarna","Swedish Allsvenskan","allsvenskan","Brommapojkarna",0,NA
"318","Mjallby","Swedish Allsvenskan","allsvenskan","Mjallby",0,NA
"319","Cartagena","Spanish Segunda Division","laliga2","FC Cartagena SAD",0,NA
"320","FC Andorra","Spanish Segunda Division","laliga2","Andorra",0,NA
"321","Alavés","Spanish Segunda Division","laliga2","Alaves",2,NA
"322","Gimnástic Tarragona","Spanish Segunda Division","laliga2","Gimnastic",12,NA
"323","Sporting Gijón","Spanish Segunda Division","laliga2","Gijon",11,NA
"324","Cultural Leonesa","Spanish Segunda Division","laliga2","Leonesa",9,NA
"325","Sevilla Atletico","Spanish Segunda Division","laliga2","Sevilla FC B",8,NA
"326","Deportivo La Coruña","Spanish Segunda Division","laliga2","Dep. La Coruna",8,NA
"327","La Hoya Lorca","Spanish Segunda Division","laliga2","Lorca FC",7,NA
"328","Real Valladolid","Spanish Segunda Division","laliga2","Valladolid",5,NA
"329","Real Zaragoza","Spanish Segunda Division","laliga2","Zaragoza",5,NA
"330","FC Barcelona II","Spanish Segunda Division","laliga2","Barcelona B",5,NA
"331","Real Sociedad II","Spanish Segunda Division","laliga2","R. Sociedad B",5,NA
"332","AD Alcorcon","Spanish Segunda Division","laliga2","Alcorcon",3,NA
"333","Real Oviedo","Spanish Segunda Division","laliga2","R. Oviedo",3,NA
"334","Granada","Spanish Segunda Division","laliga2","Granada CF",3,NA
"335","SD Huesca","Spanish Segunda Division","laliga2","Huesca",3,NA
"336","Cadiz","Spanish Segunda Division","laliga2","Cadiz CF",3,NA
"337","Girona FC","Spanish Segunda Division","laliga2","Girona",3,NA
"338","SD Ponferradina","Spanish Segunda Division","laliga2","Ponferradina",3,NA
"339","FC Cartagena","Spanish Segunda Division","laliga2","Cartagena",3,NA
"340","CD Sabadell","Spanish Segunda Division","laliga2","Sabadell",3,NA
"341","Málaga","Spanish Segunda Division","laliga2","Malaga",2,NA
"342","Tenerife","Spanish Segunda Division","laliga2","Tenerife",0,NA
"343","Osasuna","Spanish Segunda Division","laliga2","Osasuna",0,NA
"344","Cordoba","Spanish Segunda Division","laliga2","Cordoba",0,NA
"345","Numancia","Spanish Segunda Division","laliga2","Numancia",0,NA
"346","Lugo","Spanish Segunda Division","laliga2","Lugo",0,NA
"347","Albacete","Spanish Segunda Division","laliga2","Albacete",0,NA
"348","Rayo Vallecano","Spanish Segunda Division","laliga2","Rayo Vallecano",0,NA
"349","Almeria","Spanish Segunda Division","laliga2","Almeria",0,NA
"350","Reus Deportiu","Spanish Segunda Division","laliga2","Reus Deportiu",0,NA
"351","Elche","Spanish Segunda Division","laliga2","Elche",0,NA
"352","Mallorca","Spanish Segunda Division","laliga2","Mallorca",0,NA
"353","Las Palmas","Spanish Segunda Division","laliga2","Las Palmas",0,NA
"354","Extremadura UD","Spanish Segunda Division","laliga2","Extremadura UD",0,NA
"355","Rayo Majadahonda","Spanish Segunda Division","laliga2","Rayo Majadahonda",0,NA
"356","Racing Santander","Spanish Segunda Division","laliga2","Racing Santander",0,NA
"357","Mirandes","Spanish Segunda Division","laliga2","Mirandes",0,NA
"358","Fuenlabrada","Spanish Segunda Division","laliga2","Fuenlabrada",0,NA
"359","Leganes","Spanish Segunda Division","laliga2","Leganes",0,NA
"360","Espanyol","Spanish Segunda Division","laliga2","Espanyol",0,NA
"361","Castellon","Spanish Segunda Division","laliga2","Castellon",0,NA
"362","Logrones","Spanish Segunda Division","laliga2","Logrones",0,NA
"363","Burgos","Spanish Segunda Division","laliga2","Burgos CF",0,NA
"364","Sporting Gijón","Spanish Primera Division","laliga","Gijon",11,NA
"365","Deportivo La Coruña","Spanish Primera Division","laliga","Dep. La Coruna",8,NA
"366","Atletico Madrid","Spanish Primera Division","laliga","Atl. Madrid",5,NA
"367","Real Betis","Spanish Primera Division","laliga","Betis",5,NA
"368","Athletic Bilbao","Spanish Primera Division","laliga","Ath Bilbao",5,NA
"369","Real Valladolid","Spanish Primera Division","laliga","Valladolid",5,NA
"370","Granada","Spanish Primera Division","laliga","Granada CF",3,NA
"371","Sevilla FC","Spanish Primera Division","laliga","Sevilla",3,NA
"372","Girona FC","Spanish Primera Division","laliga","Girona",3,NA
"373","SD Huesca","Spanish Primera Division","laliga","Huesca",3,NA
"374","Cadiz","Spanish Primera Division","laliga","Cadiz CF",3,NA
"375","Málaga","Spanish Primera Division","laliga","Malaga",2,NA
"376","Alavés","Spanish Primera Division","laliga","Alaves",2,NA
"377","Barcelona","Spanish Primera Division","laliga","Barcelona",0,NA
"378","Real Sociedad","Spanish Primera Division","laliga","Real Sociedad",0,NA
"379","Celta Vigo","Spanish Primera Division","laliga","Celta Vigo",0,NA
"380","Valencia","Spanish Primera Division","laliga","Valencia",0,NA
"381","Espanyol","Spanish Primera Division","laliga","Espanyol",0,NA
"382","Osasuna","Spanish Primera Division","laliga","Osasuna",0,NA
"383","Eibar","Spanish Primera Division","laliga","Eibar",0,NA
"384","Real Madrid","Spanish Primera Division","laliga","Real Madrid",0,NA
"385","Leganes","Spanish Primera Division","laliga","Leganes",0,NA
"386","Las Palmas","Spanish Primera Division","laliga","Las Palmas",0,NA
"387","Villarreal","Spanish Primera Division","laliga","Villarreal",0,NA
"388","Levante","Spanish Primera Division","laliga","Levante",0,NA
"389","Getafe","Spanish Primera Division","laliga","Getafe",0,NA
"390","Rayo Vallecano","Spanish Primera Division","laliga","Rayo Vallecano",0,NA
"391","Mallorca","Spanish Primera Division","laliga","Mallorca",0,NA
"392","Elche","Spanish Primera Division","laliga","Elche",0,NA
"393","Black Aces","South African ABSA Premier League","premier-league","Cape Town City",7,NA
"394","Tshakhuma","South African ABSA Premier League","premier-league","Marumo Gallants",0,NA
"395","Sekhukhune United","South African ABSA Premier League","premier-league","Sekhukhune",7,NA
"396","Bloem Celtic","South African ABSA Premier League","premier-league","Royal AM",0,NA
"397","Tshakhuma Tsha Madzivhandila","South African ABSA Premier League","premier-league","Tshakhuma",0,NA
"398","Moroka Swallows","South African ABSA Premier League","premier-league","Swallows",7,NA
"399","Polokwane City FC","South African ABSA Premier League","premier-league","Polokwane",8,NA
"400","Highlands Park FC","South African ABSA Premier League","premier-league","Highlands",8,NA
"401","Chippa United","South African ABSA Premier League","premier-league","Chippa Utd.",4,NA
"402","SuperSport United","South African ABSA Premier League","premier-league","Supersport Utd",3,NA
"403","Baroka FC","South African ABSA Premier League","premier-league","Baroka",3,NA
"404","Stellenbosch FC","South African ABSA Premier League","premier-league","Stellenbosch",3,NA
"405","Mamelodi Sundowns","South African ABSA Premier League","premier-league","Mamelodi Sundowns",0,NA
"406","Black Leopards","South African ABSA Premier League","premier-league","Black Leopards",0,NA
"407","Bidvest Wits","South African ABSA Premier League","premier-league","Bidvest Wits",0,NA
"408","Orlando Pirates","South African ABSA Premier League","premier-league","Orlando Pirates",0,NA
"409","AmaZulu","South African ABSA Premier League","premier-league","AmaZulu",0,NA
"410","Maritzburg Utd","South African ABSA Premier League","premier-league","Maritzburg Utd",0,NA
"411","Kaizer Chiefs","South African ABSA Premier League","premier-league","Kaizer Chiefs",0,NA
"412","Golden Arrows","South African ABSA Premier League","premier-league","Golden Arrows",0,NA
"413","Free State Stars","South African ABSA Premier League","premier-league","Free State Stars",0,NA
"414","Hamilton Academical","Scottish Premiership","premiership","Hamilton",11,NA
"415","Dundee","Scottish Premiership","premiership","Dundee FC",3,NA
"416","St Mirren","Scottish Premiership","premiership","St. Mirren",1,NA
"417","Celtic","Scottish Premiership","premiership","Celtic",0,NA
"418","Hibernian","Scottish Premiership","premiership","Hibernian",0,NA
"419","Kilmarnock","Scottish Premiership","premiership","Kilmarnock",0,NA
"420","Motherwell","Scottish Premiership","premiership","Motherwell",0,NA
"421","Aberdeen","Scottish Premiership","premiership","Aberdeen",0,NA
"422","Partick Thistle","Scottish Premiership","premiership","Partick Thistle",0,NA
"423","Rangers","Scottish Premiership","premiership","Rangers",0,NA
"424","St Johnstone","Scottish Premiership","premiership","St Johnstone",0,NA
"425","Ross County","Scottish Premiership","premiership","Ross County",0,NA
"426","Hearts","Scottish Premiership","premiership","Hearts",0,NA
"427","Livingston","Scottish Premiership","premiership","Livingston",0,NA
"428","Dundee Utd","Scottish Premiership","premiership","Dundee Utd",0,NA
"429","Ural Sverdlovsk Oblast","Russian Premier Liga","premier-league","Ural",18,NA
"430","Zenit St Petersburg","Russian Premier Liga","premier-league","Zenit",14,NA
"431","Metallurg Krasnoyarsk","Russian Premier Liga","premier-league","Yenisey",13,NA
"432","Krylia Sovetov","Russian Premier Liga","premier-league","Krylya Sovetov",9,NA
"433","Gazovik Orenburg","Russian Premier Liga","premier-league","Orenburg",8,NA
"434","Energiya Khabarovsk","Russian Premier Liga","premier-league","SKA Khabarovsk",7,NA
"435","Terek Grozny","Russian Premier Liga","premier-league","Akhmat Grozny",6,NA
"436","Anzhi Makhachkala","Russian Premier Liga","premier-league","FK Anzi Makhackala",5,NA
"437","Amkar Perm","Russian Premier Liga","premier-league","Amkar",5,NA
"438","FC Tosno","Russian Premier Liga","premier-league","Tosno",3,NA
"439","FC Krasnodar","Russian Premier Liga","premier-league","Krasnodar",3,NA
"440","FC Ufa","Russian Premier Liga","premier-league","Ufa",3,NA
"441","Rostov","Russian Premier Liga","premier-league","FK Rostov",3,NA
"442","FC Arsenal Tula","Russian Premier Liga","premier-league","Arsenal Tula",3,NA
"443","FC Tambov","Russian Premier Liga","premier-league","Tambov",3,NA
"444","FC Khimki","Russian Premier Liga","premier-league","Khimki",3,NA
"445","FK Nizhny Novgorod","Russian Premier Liga","premier-league","Nizhny Novgorod",3,NA
"446","FK Volgograd","Russian Premier Liga","premier-league","R. Volgograd",2,NA
"447","Dinamo Moscow","Russian Premier Liga","premier-league","Dynamo Moscow",1,NA
"448","Rubin Kazan","Russian Premier Liga","premier-league","Rubin Kazan",0,NA
"449","Lokomotiv Moscow","Russian Premier Liga","premier-league","Lokomotiv Moscow",0,NA
"450","CSKA Moscow","Russian Premier Liga","premier-league","CSKA Moscow",0,NA
"451","Torpedo Moskow","Russian Premier Liga","premier-league","Torpedo Moscow",0,NA
"452","Spartak Moscow","Russian Premier Liga","premier-league","Spartak Moscow",0,NA
"453","Sochi","Russian Premier Liga","premier-league","Sochi",0,NA
"454","Desportivo Aves","Portuguese Liga","liga-portugal","Aves",11,NA
"455","Guimaraes","Portuguese Liga","liga-portugal","Vitoria Guimaraes",6,NA
"456","Pacos Ferreira","Portuguese Liga","liga-portugal","Pacos Ferreira",6,NA
"457","Estoril Praia","Portuguese Liga","liga-portugal","Estoril",6,NA
"458","C.D. Nacional","Portuguese Liga","liga-portugal","Nacional",5,NA
"459","Sporting","Portuguese Liga","liga-portugal","Sporting CP",3,NA
"460","FC Arouca","Portuguese Liga","liga-portugal","Arouca",3,NA
"461","Vitoria Setubal","Portuguese Liga","liga-portugal","Vitoria Setubal",0,NA
"462","Portimonense","Portuguese Liga","liga-portugal","Portimonense",0,NA
"463","Feirense","Portuguese Liga","liga-portugal","Feirense",0,NA
"464","Rio Ave","Portuguese Liga","liga-portugal","Rio Ave",0,NA
"465","Maritimo","Portuguese Liga","liga-portugal","Maritimo",0,NA
"466","FC Porto","Portuguese Liga","liga-portugal","FC Porto",0,NA
"467","Benfica","Portuguese Liga","liga-portugal","Benfica",0,NA
"468","Moreirense","Portuguese Liga","liga-portugal","Moreirense",0,NA
"469","Belenenses","Portuguese Liga","liga-portugal","Belenenses",0,NA
"470","Boavista","Portuguese Liga","liga-portugal","Boavista",0,NA
"471","Braga","Portuguese Liga","liga-portugal","Braga",0,NA
"472","Tondela","Portuguese Liga","liga-portugal","Tondela",0,NA
"473","Chaves","Portuguese Liga","liga-portugal","Chaves",0,NA
"474","Santa Clara","Portuguese Liga","liga-portugal","Santa Clara",0,NA
"475","Gil Vicente","Portuguese Liga","liga-portugal","Gil Vicente",0,NA
"476","Famalicao","Portuguese Liga","liga-portugal","Famalicao",0,NA
"477","SC Farense","Portuguese Liga","liga-portugal","SC Farense",0,NA
"478","Vizela","Portuguese Liga","liga-portugal","Vizela",0,NA
"479","FC Kansas City","NWSL Challenge Cup","nwsl-challenge-cup-women","Kansas City NWSL W",7,NA
"480","Seattle Reign FC","NWSL Challenge Cup","nwsl-challenge-cup-women","Reign W",10,NA
"481","Sky Blue FC","NWSL Challenge Cup","nwsl-challenge-cup-women","Gotham W",10,NA
"482","North Carolina FC","NWSL Challenge Cup","nwsl-challenge-cup-women","North Carolina Courage W",9,NA
"483","Chicago Red Stars","NWSL Challenge Cup","nwsl-challenge-cup-women","Chicago W",9,NA
"484","Kansas City","NWSL Challenge Cup","nwsl-challenge-cup-women","Kansas City NWSL W",7,NA
"485","Houston Dash","NWSL Challenge Cup","nwsl-challenge-cup-women","Houston Dash W",2,NA
"486","Portland Thorns","NWSL Challenge Cup","nwsl-challenge-cup-women","Portland Thorns W",2,NA
"487","Washington Spirit","NWSL Challenge Cup","nwsl-challenge-cup-women","Washington Spirit W",2,NA
"488","Utah Royals FC","NWSL Challenge Cup","nwsl-challenge-cup-women","Utah Royals W",2,NA
"489","Racing Louisville FC","NWSL Challenge Cup","nwsl-challenge-cup-women","Racing Louisville W",2,NA
"490","Orlando Pride","NWSL Challenge Cup","nwsl-challenge-cup-women","Orlando Pride W",2,NA
"491","Kristiansund BK","Norwegian Tippeligaen","eliteserien","Kristiansund",3,NA
"492","Sarpsborg","Norwegian Tippeligaen","eliteserien","Sarpsborg 08",3,NA
"493","FK Jerv","Norwegian Tippeligaen","eliteserien","Jerv",3,NA
"494","Hamarkamaratene","Norwegian Tippeligaen","eliteserien","Ham-Kam",3,NA
"495","Odd BK","Norwegian Tippeligaen","eliteserien","Odd",3,NA
"496","SK Brann","Norwegian Tippeligaen","eliteserien","Brann",3,NA
"497","Viking FK","Norwegian Tippeligaen","eliteserien","Viking",3,NA
"498","IK Start","Norwegian Tippeligaen","eliteserien","Start",3,NA
"499","Lillestrom","Norwegian Tippeligaen","eliteserien","Lillestrom",0,NA
"500","Stabaek","Norwegian Tippeligaen","eliteserien","Stabaek",0,NA
"501","Tromso","Norwegian Tippeligaen","eliteserien","Tromso",0,NA
"502","Stromsgodset","Norwegian Tippeligaen","eliteserien","Stromsgodset",0,NA
"503","Rosenborg","Norwegian Tippeligaen","eliteserien","Rosenborg",0,NA
"504","Valerenga","Norwegian Tippeligaen","eliteserien","Valerenga",0,NA
"505","Sandefjord","Norwegian Tippeligaen","eliteserien","Sandefjord",0,NA
"506","Sogndal","Norwegian Tippeligaen","eliteserien","Sogndal",0,NA
"507","Molde","Norwegian Tippeligaen","eliteserien","Molde",0,NA
"508","Aalesund","Norwegian Tippeligaen","eliteserien","Aalesund",0,NA
"509","Haugesund","Norwegian Tippeligaen","eliteserien","Haugesund",0,NA
"510","Bodo/Glimt","Norwegian Tippeligaen","eliteserien","Bodo/Glimt",0,NA
"511","Ranheim","Norwegian Tippeligaen","eliteserien","Ranheim",0,NA
"512","Mjondalen","Norwegian Tippeligaen","eliteserien","Mjondalen",0,NA
"513","Seattle Reign FC","National Women's Soccer League","nwsl-women","Reign W",10,NA
"514","Sky Blue FC","National Women's Soccer League","nwsl-women","Gotham W",10,NA
"515","Chicago Red Stars","National Women's Soccer League","nwsl-women","Chicago W",9,NA
"516","North Carolina FC","National Women's Soccer League","nwsl-women","North Carolina Courage W",9,NA
"517","FC Kansas City","National Women's Soccer League","nwsl-women","Kansas City W",5,NA
"518","Houston Dash","National Women's Soccer League","nwsl-women","Houston Dash W",2,NA
"519","Portland Thorns","National Women's Soccer League","nwsl-women","Portland Thorns W",2,NA
"520","Washington Spirit","National Women's Soccer League","nwsl-women","Washington Spirit W",2,NA
"521","Orlando Pride","National Women's Soccer League","nwsl-women","Orlando Pride W",2,NA
"522","Boston Breakers","National Women's Soccer League","nwsl-women","Boston Breakers W",2,NA
"523","Utah Royals FC","National Women's Soccer League","nwsl-women","Utah Royals W",2,NA
"524","Racing Louisville FC","National Women's Soccer League","nwsl-women","Racing Louisville W",2,NA
"525","Kansas City","National Women's Soccer League","nwsl-women","Kansas City Current W",2,NA
"526","Tigres UANL","Mexican Primera Division Torneo Clausura","liga-mx","U.A.N.L.- Tigres",8,NA
"527","Guadalajara","Mexican Primera Division Torneo Clausura","liga-mx","Guadalajara Chivas",7,NA
"528","Pumas Unam","Mexican Primera Division Torneo Clausura","liga-mx","U.N.A.M.- Pumas",6,NA
"529","Lobos de la BUAP","Mexican Primera Division Torneo Clausura","liga-mx","Lobos BUAP",6,NA
"530","Tijuana","Mexican Primera Division Torneo Clausura","liga-mx","Club Tijuana",5,NA
"531","Atlético San Luis","Mexican Primera Division Torneo Clausura","liga-mx","Atl. San Luis",6,NA
"532","Morelia","Mexican Primera Division Torneo Clausura","liga-mx","Atl. Morelia",5,NA
"533","León","Mexican Primera Division Torneo Clausura","liga-mx","Club Leon",5,NA
"534","FC Juárez","Mexican Primera Division Torneo Clausura","liga-mx","Juarez",5,NA
"535","Tijuana","Mexican Primera Division Torneo Clausura","liga-mx","Toluca",4,NA
"536","Chiapas FC","Mexican Primera Division Torneo Clausura","liga-mx","Chiapas",3,NA
"537","Querétaro","Mexican Primera Division Torneo Clausura","liga-mx","Queretaro",2,NA
"538","Club América","Mexican Primera Division Torneo Clausura","liga-mx","Club America",2,NA
"539","Mazatlán FC","Mexican Primera Division Torneo Clausura","liga-mx","Mazatlan FC",2,NA
"540","Veracruz","Mexican Primera Division Torneo Clausura","liga-mx","Veracruz",0,NA
"541","Cruz Azul","Mexican Primera Division Torneo Clausura","liga-mx","Cruz Azul",0,NA
"542","Toluca","Mexican Primera Division Torneo Clausura","liga-mx","Toluca",0,NA
"543","Puebla","Mexican Primera Division Torneo Clausura","liga-mx","Puebla",0,NA
"544","Monterrey","Mexican Primera Division Torneo Clausura","liga-mx","Monterrey",0,NA
"545","Atlas","Mexican Primera Division Torneo Clausura","liga-mx","Atlas",0,NA
"546","Pachuca","Mexican Primera Division Torneo Clausura","liga-mx","Pachuca",0,NA
"547","Necaxa","Mexican Primera Division Torneo Clausura","liga-mx","Necaxa",0,NA
"548","Santos Laguna","Mexican Primera Division Torneo Clausura","liga-mx","Santos Laguna",0,NA
"549","Tigres UANL","Mexican Primera Division Torneo Apertura","liga-mx","U.A.N.L.- Tigres",8,NA
"550","Guadalajara","Mexican Primera Division Torneo Apertura","liga-mx","Guadalajara Chivas",7,NA
"551","Tijuana","Mexican Primera Division Torneo Apertura","liga-mx","Club Tijuana",5,NA
"552","Lobos de la BUAP","Mexican Primera Division Torneo Apertura","liga-mx","Lobos BUAP",6,NA
"553","Pumas Unam","Mexican Primera Division Torneo Apertura","liga-mx","U.N.A.M.- Pumas",6,NA
"554","Atlético San Luis","Mexican Primera Division Torneo Apertura","liga-mx","Atl. San Luis",6,NA
"555","Morelia","Mexican Primera Division Torneo Apertura","liga-mx","Atl. Morelia",5,NA
"556","León","Mexican Primera Division Torneo Apertura","liga-mx","Club Leon",5,NA
"557","FC Juárez","Mexican Primera Division Torneo Apertura","liga-mx","Juarez",5,NA
"558","Tijuana","Mexican Primera Division Torneo Apertura","liga-mx","Toluca",4,NA
"559","Club América","Mexican Primera Division Torneo Apertura","liga-mx","Club America",2,NA
"560","Querétaro","Mexican Primera Division Torneo Apertura","liga-mx","Queretaro",2,NA
"561","Mazatlán FC","Mexican Primera Division Torneo Apertura","liga-mx","Mazatlan FC",2,NA
"562","Veracruz","Mexican Primera Division Torneo Apertura","liga-mx","Veracruz",0,NA
"563","Puebla","Mexican Primera Division Torneo Apertura","liga-mx","Puebla",0,NA
"564","Atlas","Mexican Primera Division Torneo Apertura","liga-mx","Atlas",0,NA
"565","Cruz Azul","Mexican Primera Division Torneo Apertura","liga-mx","Cruz Azul",0,NA
"566","Monterrey","Mexican Primera Division Torneo Apertura","liga-mx","Monterrey",0,NA
"567","Pachuca","Mexican Primera Division Torneo Apertura","liga-mx","Pachuca",0,NA
"568","Necaxa","Mexican Primera Division Torneo Apertura","liga-mx","Necaxa",0,NA
"569","Toluca","Mexican Primera Division Torneo Apertura","liga-mx","Toluca",0,NA
"570","Santos Laguna","Mexican Primera Division Torneo Apertura","liga-mx","Santos Laguna",0,NA
"571","Charlotte FC","Major League Soccer","mls","Charlotte",3,NA
"572","Montreal Impact","Major League Soccer","mls","CF Montreal",9,NA
"573","Atlanta United FC","Major League Soccer","mls","Atlanta Utd",6,NA
"574","Orlando City SC","Major League Soccer","mls","Orlando City",3,NA
"575","New York City FC","Major League Soccer","mls","New York City",3,NA
"576","Minnesota United FC","Major League Soccer","mls","Minnesota United",3,NA
"577","Seattle Sounders FC","Major League Soccer","mls","Seattle Sounders",3,NA
"578","Inter Miami CF","Major League Soccer","mls","Inter Miami",3,NA
"579","Portland Timbers","Major League Soccer","mls","Portland Timbers",0,NA
"580","Columbus Crew","Major League Soccer","mls","Columbus Crew",0,NA
"581","Los Angeles Galaxy","Major League Soccer","mls","Los Angeles Galaxy",0,NA
"582","Real Salt Lake","Major League Soccer","mls","Real Salt Lake",0,NA
"583","Colorado Rapids","Major League Soccer","mls","Colorado Rapids",0,NA
"584","DC United","Major League Soccer","mls","DC United",0,NA
"585","Houston Dynamo","Major League Soccer","mls","Houston Dynamo",0,NA
"586","San Jose Earthquakes","Major League Soccer","mls","San Jose Earthquakes",0,NA
"587","Vancouver Whitecaps","Major League Soccer","mls","Vancouver Whitecaps",0,NA
"588","Chicago Fire","Major League Soccer","mls","Chicago Fire",0,NA
"589","New York Red Bulls","Major League Soccer","mls","New York Red Bulls",0,NA
"590","Philadelphia Union","Major League Soccer","mls","Philadelphia Union",0,NA
"591","Sporting Kansas City","Major League Soccer","mls","Sporting Kansas City",0,NA
"592","FC Dallas","Major League Soccer","mls","FC Dallas",0,NA
"593","New England Revolution","Major League Soccer","mls","New England Revolution",0,NA
"594","Toronto FC","Major League Soccer","mls","Toronto FC",0,NA
"595","Los Angeles FC","Major League Soccer","mls","Los Angeles FC",0,NA
"596","FC Cincinnati","Major League Soccer","mls","FC Cincinnati",0,NA
"597","Nashville SC","Major League Soccer","mls","Nashville SC",0,NA
"598","Austin FC","Major League Soccer","mls","Austin FC",0,NA
"599","Matsumoto Yamaga FC","Japanese J League","j1-league","Yamaga",13,NA
"600","Consadole Sapporo","Japanese J League","j1-league","Hokkaido Consadole Sapporo",9,NA
"601","Urawa Red Diamonds","Japanese J League","j1-league","Urawa Reds",8,NA
"602","Jubilo Iwata","Japanese J League","j1-league","Iwata",7,NA
"603","Kyoto Purple Sanga","Japanese J League","j1-league","Kyoto",10,NA
"604","Tokushima Vortis","Japanese J League","j1-league","Tokushima",7,NA
"605","Nagoya Grampus Eight","Japanese J League","j1-league","Nagoya Grampus",6,NA
"606","Shimizu S-Pulse","Japanese J League","j1-league","Shimizu S-Pulse",0,NA
"607","Vegalta Sendai","Japanese J League","j1-league","Vegalta Sendai",0,NA
"608","Cerezo Osaka","Japanese J League","j1-league","Cerezo Osaka",0,NA
"609","Kashima Antlers","Japanese J League","j1-league","Kashima Antlers",0,NA
"610","V-Varen Nagasaki","Japanese J League","j1-league","V-Varen Nagasaki",0,NA
"611","Yokohama F. Marinos","Japanese J League","j1-league","Yokohama F. Marinos",0,NA
"612","Kashiwa Reysol","Japanese J League","j1-league","Kashiwa Reysol",0,NA
"613","Kawasaki Frontale","Japanese J League","j1-league","Kawasaki Frontale",0,NA
"614","FC Tokyo","Japanese J League","j1-league","FC Tokyo",0,NA
"615","Sanfrecce Hiroshima","Japanese J League","j1-league","Sanfrecce Hiroshima",0,NA
"616","Sagan Tosu","Japanese J League","j1-league","Sagan Tosu",0,NA
"617","Gamba Osaka","Japanese J League","j1-league","Gamba Osaka",0,NA
"618","Shonan Bellmare","Japanese J League","j1-league","Shonan Bellmare",0,NA
"619","Vissel Kobe","Japanese J League","j1-league","Vissel Kobe",0,NA
"620","Oita Trinita","Japanese J League","j1-league","Oita Trinita",0,NA
"621","Yokohama FC","Japanese J League","j1-league","Yokohama FC",0,NA
"622","Avispa Fukuoka","Japanese J League","j1-league","Avispa Fukuoka",0,NA
"623","F.B.C Unione Venezia","Italy Serie B","serie-b","Venezia",13,NA
"624","Venezia","Italy Serie B","serie-b","Venezia",13,NA
"625","Virtus Entella","Italy Serie B","serie-b","Entella",7,NA
"626","Pordenone Calcio","Italy Serie B","serie-b","Pordenone",7,NA
"627","Chievo Verona","Italy Serie B","serie-b","Chievo",7,NA
"628","US Pescara","Italy Serie B","serie-b","Pescara",3,NA
"629","Vicenza","Italy Serie B","serie-b","L.R. Vicenza",3,NA
"630","Parma","Italy Serie B","serie-b","Parma",0,NA
"631","Carpi","Italy Serie B","serie-b","Carpi",0,NA
"632","Pro Vercelli","Italy Serie B","serie-b","Pro Vercelli",0,NA
"633","Ternana","Italy Serie B","serie-b","Ternana",0,NA
"634","Avellino","Italy Serie B","serie-b","Avellino",0,NA
"635","Palermo","Italy Serie B","serie-b","Palermo",0,NA
"636","Cittadella","Italy Serie B","serie-b","Cittadella",0,NA
"637","Bari","Italy Serie B","serie-b","Bari",0,NA
"638","Brescia","Italy Serie B","serie-b","Brescia",0,NA
"639","Empoli","Italy Serie B","serie-b","Empoli",0,NA
"640","Spezia","Italy Serie B","serie-b","Spezia",0,NA
"641","Cesena","Italy Serie B","serie-b","Cesena",0,NA
"642","Frosinone","Italy Serie B","serie-b","Frosinone",0,NA
"643","Perugia","Italy Serie B","serie-b","Perugia",0,NA
"644","Ascoli","Italy Serie B","serie-b","Ascoli",0,NA
"645","Foggia","Italy Serie B","serie-b","Foggia",0,NA
"646","Novara","Italy Serie B","serie-b","Novara",0,NA
"647","Cremonese","Italy Serie B","serie-b","Cremonese",0,NA
"648","Salernitana","Italy Serie B","serie-b","Salernitana",0,NA
"649","Verona","Italy Serie B","serie-b","Verona",0,NA
"650","Benevento","Italy Serie B","serie-b","Benevento",0,NA
"651","Padova","Italy Serie B","serie-b","Padova",0,NA
"652","Cosenza","Italy Serie B","serie-b","Cosenza",0,NA
"653","Crotone","Italy Serie B","serie-b","Crotone",0,NA
"654","Lecce","Italy Serie B","serie-b","Lecce",0,NA
"655","Livorno","Italy Serie B","serie-b","Livorno",0,NA
"656","Pisa","Italy Serie B","serie-b","Pisa",0,NA
"657","Trapani","Italy Serie B","serie-b","Trapani",0,NA
"658","Juve Stabia","Italy Serie B","serie-b","Juve Stabia",0,NA
"659","Monza","Italy Serie B","serie-b","Monza",0,NA
"660","Reggiana","Italy Serie B","serie-b","Reggiana",0,NA
"661","Spal","Italy Serie B","serie-b","Spal",0,NA
"662","Reggina","Italy Serie B","serie-b","Reggina",0,NA
"663","Internazionale","Italy Serie A","serie-a","Inter",9,NA
"664","Chievo Verona","Italy Serie A","serie-a","Verona",7,NA
"665","US Pescara","Italy Serie A","serie-a","Pescara",3,NA
"666","AS Roma","Italy Serie A","serie-a","AS Roma",0,NA
"667","Juventus","Italy Serie A","serie-a","Juventus",0,NA
"668","AC Milan","Italy Serie A","serie-a","AC Milan",0,NA
"669","Palermo","Italy Serie A","serie-a","Palermo",0,NA
"670","Bologna","Italy Serie A","serie-a","Bologna",0,NA
"671","Genoa","Italy Serie A","serie-a","Genoa",0,NA
"672","Atalanta","Italy Serie A","serie-a","Atalanta",0,NA
"673","Empoli","Italy Serie A","serie-a","Empoli",0,NA
"674","Lazio","Italy Serie A","serie-a","Lazio",0,NA
"675","Napoli","Italy Serie A","serie-a","Napoli",0,NA
"676","Torino","Italy Serie A","serie-a","Torino",0,NA
"677","Sassuolo","Italy Serie A","serie-a","Sassuolo",0,NA
"678","Sampdoria","Italy Serie A","serie-a","Sampdoria",0,NA
"679","Udinese","Italy Serie A","serie-a","Udinese",0,NA
"680","Crotone","Italy Serie A","serie-a","Crotone",0,NA
"681","Cagliari","Italy Serie A","serie-a","Cagliari",0,NA
"682","Fiorentina","Italy Serie A","serie-a","Fiorentina",0,NA
"683","Verona","Italy Serie A","serie-a","Verona",0,NA
"684","Benevento","Italy Serie A","serie-a","Benevento",0,NA
"685","Spal","Italy Serie A","serie-a","Spal",0,NA
"686","Parma","Italy Serie A","serie-a","Parma",0,NA
"687","Frosinone","Italy Serie A","serie-a","Frosinone",0,NA
"688","Lecce","Italy Serie A","serie-a","Lecce",0,NA
"689","Brescia","Italy Serie A","serie-a","Brescia",0,NA
"690","Spezia","Italy Serie A","serie-a","Spezia",0,NA
"691","F.B.C Unione Venezia","Italy Serie A","serie-a","Venezia",13,NA
"692","Ionikos FC","Greek Super League","super-league","Ionikos",9,NA
"693","PAOK Salonika","Greek Super League","super-league","PAOK",9,NA
"694","Apollon Smyrni","Greek Super League","super-league","Apollon Smyrnis",9,NA
"695","Aris Salonika","Greek Super League","super-league","Aris",9,NA
"696","FC Xanthi","Greek Super League","super-league","Xanthi FC",6,NA
"697","Olympiacos","Greek Super League","super-league","Olympiacos Piraeus",6,NA
"698","Volos NFC","Greek Super League","super-league","Volos",4,NA
"699","AEK Athens","Greek Super League","super-league","AEK Athens FC",3,NA
"700","Larissa","Greek Super League","super-league","Aris",3,NA
"701","Panetolikos","Greek Super League","super-league","Panetolikos",0,NA
"702","Panionios","Greek Super League","super-league","Panionios",0,NA
"703","Lamia","Greek Super League","super-league","Lamia",0,NA
"704","Panathinaikos","Greek Super League","super-league","Panathinaikos",0,NA
"705","Asteras Tripolis","Greek Super League","super-league","Asteras Tripolis",0,NA
"706","Atromitos","Greek Super League","super-league","Atromitos",0,NA
"707","Levadiakos","Greek Super League","super-league","Levadiakos",0,NA
"708","OFI Crete","Greek Super League","super-league","OFI Crete",0,NA
"709","Giannina","Greek Super League","super-league","Giannina",0,NA
"710","VfL Bochum","German Bundesliga","bundesliga","Bochum",10,NA
"711","Fortuna Düsseldorf","German Bundesliga","bundesliga","Dusseldorf",10,NA
"712","Borussia Dortmund","German Bundesliga","bundesliga","Dortmund",9,NA
"713","1. FC Nürnberg","German Bundesliga","bundesliga","Nurnberg",8,NA
"714","Borussia Monchengladbach","German Bundesliga","bundesliga","B. Monchengladbach",7,NA
"715","SV Darmstadt 98","German Bundesliga","bundesliga","Darmstadt",6,NA
"716","FC Ingolstadt 04","German Bundesliga","bundesliga","Ingolstadt",6,NA
"717","1. FC Union Berlin","German Bundesliga","bundesliga","Union Berlin",6,NA
"718","FC Cologne","German Bundesliga","bundesliga","FC Koln",4,NA
"719","TSG Hoffenheim","German Bundesliga","bundesliga","Hoffenheim",4,NA
"720","VfL Wolfsburg","German Bundesliga","bundesliga","Wolfsburg",4,NA
"721","VfB Stuttgart","German Bundesliga","bundesliga","Stuttgart",4,NA
"722","FC Augsburg","German Bundesliga","bundesliga","Augsburg",3,NA
"723","Schalke 04","German Bundesliga","bundesliga","Schalke",3,NA
"724","SC Freiburg","German Bundesliga","bundesliga","Freiburg",3,NA
"725","Hannover 96","German Bundesliga","bundesliga","Hannover",3,NA
"726","SC Paderborn","German Bundesliga","bundesliga","Paderborn",3,NA
"727","Hamburg SV","German Bundesliga","bundesliga","Hamburger SV",2,NA
"728","Bayern Munich","German Bundesliga","bundesliga","Bayern Munich",0,NA
"729","Eintracht Frankfurt","German Bundesliga","bundesliga","Eintracht Frankfurt",0,NA
"730","Hertha Berlin","German Bundesliga","bundesliga","Hertha Berlin",0,NA
"731","Bayer Leverkusen","German Bundesliga","bundesliga","Bayer Leverkusen",0,NA
"732","RB Leipzig","German Bundesliga","bundesliga","RB Leipzig",0,NA
"733","Werder Bremen","German Bundesliga","bundesliga","Werder Bremen",0,NA
"734","Mainz","German Bundesliga","bundesliga","Mainz",0,NA
"735","Arminia Bielefeld","German Bundesliga","bundesliga","Arminia Bielefeld",0,NA
"736","SV Wehen Wiesbaden","German 2. Bundesliga","2-bundesliga","Wehen",13,NA
"737","Erzgebirge Aue","German 2. Bundesliga","2-bundesliga","Aue",11,NA
"738","1. FC Heidenheim 1846","German 2. Bundesliga","2-bundesliga","Heidenheim",11,NA
"739","Fortuna Düsseldorf","German 2. Bundesliga","2-bundesliga","Dusseldorf",10,NA
"740","Eintracht Braunschweig","German 2. Bundesliga","2-bundesliga","Braunschweig",10,NA
"741","1. FC Nürnberg","German 2. Bundesliga","2-bundesliga","Nurnberg",8,NA
"742","SpVgg Greuther Fürth","German 2. Bundesliga","2-bundesliga","Greuther Furth",8,NA
"743","FC Ingolstadt 04","German 2. Bundesliga","2-bundesliga","Ingolstadt",6,NA
"744","SV Darmstadt 98","German 2. Bundesliga","2-bundesliga","Darmstadt",6,NA
"745","1. FC Union Berlin","German 2. Bundesliga","2-bundesliga","Union Berlin",6,NA
"746","1. FC Kaiserslautern","German 2. Bundesliga","2-bundesliga","Kaiserslautern",6,NA
"747","1. FC Magdeburg","German 2. Bundesliga","2-bundesliga","Magdeburg",6,NA
"748","Jahn Regensburg","German 2. Bundesliga","2-bundesliga","Regensburg",5,NA
"749","VfL Bochum","German 2. Bundesliga","2-bundesliga","Bochum",4,NA
"750","MSV Duisburg","German 2. Bundesliga","2-bundesliga","Duisburg",4,NA
"751","FC Cologne","German 2. Bundesliga","2-bundesliga","FC Koln",4,NA
"752","VfB Stuttgart","German 2. Bundesliga","2-bundesliga","Stuttgart",4,NA
"753","Dynamo Dresden","German 2. Bundesliga","2-bundesliga","SG Dynamo Dresden",3,NA
"754","SV Sandhausen","German 2. Bundesliga","2-bundesliga","Sandhausen",3,NA
"755","FC St. Pauli","German 2. Bundesliga","2-bundesliga","St. Pauli",3,NA
"756","SC Paderborn","German 2. Bundesliga","2-bundesliga","Paderborn",3,NA
"757","Hannover 96","German 2. Bundesliga","2-bundesliga","Hannover",3,NA
"758","Schalke 04","German 2. Bundesliga","2-bundesliga","Schalke",3,NA
"759","Hamburg SV","German 2. Bundesliga","2-bundesliga","Hamburger SV",2,NA
"760","Würzburger Kickers","German 2. Bundesliga","2-bundesliga","Wurzburger Kickers",2,NA
"761","Arminia Bielefeld","German 2. Bundesliga","2-bundesliga","Arminia Bielefeld",0,NA
"762","Holstein Kiel","German 2. Bundesliga","2-bundesliga","Holstein Kiel",0,NA
"763","VfL Osnabruck","German 2. Bundesliga","2-bundesliga","VfL Osnabruck",0,NA
"764","Karlsruher SC","German 2. Bundesliga","2-bundesliga","Karlsruher SC",0,NA
"765","Hansa Rostock","German 2. Bundesliga","2-bundesliga","Hansa Rostock",0,NA
"766","Werder Bremen","German 2. Bundesliga","2-bundesliga","Werder Bremen",0,NA
"767","AS Nancy Lorraine","French Ligue 2","ligue-2","Nancy",12,NA
"768","Chambly Thelle FC","French Ligue 2","ligue-2","Chambly",10,NA
"769","US Quevilly","French Ligue 2","ligue-2","Quevilly Rouen",9,NA
"770","Bourg-Peronnas","French Ligue 2","ligue-2","Bourg en Bresse",9,NA
"771","Red Star FC 93","French Ligue 2","ligue-2","Red Star",6,NA
"772","Clermont Foot","French Ligue 2","ligue-2","Clermont",5,NA
"773","Dijon FCO","French Ligue 2","ligue-2","Dijon",4,NA
"774","Beziers AS","French Ligue 2","ligue-2","Beziers",3,NA
"775","Pau","French Ligue 2","ligue-2","Pau FC",3,NA
"776","Orléans","French Ligue 2","ligue-2","Orleans",2,NA
"777","Sochaux","French Ligue 2","ligue-2","Sochaux",0,NA
"778","Brest","French Ligue 2","ligue-2","Brest",0,NA
"779","Valenciennes","French Ligue 2","ligue-2","Valenciennes",0,NA
"780","Nimes","French Ligue 2","ligue-2","Nimes",0,NA
"781","Paris FC","French Ligue 2","ligue-2","Paris FC",0,NA
"782","Tours","French Ligue 2","ligue-2","Tours",0,NA
"783","Niort","French Ligue 2","ligue-2","Niort",0,NA
"784","Lorient","French Ligue 2","ligue-2","Lorient",0,NA
"785","Auxerre","French Ligue 2","ligue-2","Auxerre",0,NA
"786","Le Havre","French Ligue 2","ligue-2","Le Havre",0,NA
"787","GFC Ajaccio","French Ligue 2","ligue-2","GFC Ajaccio",0,NA
"788","Lens","French Ligue 2","ligue-2","Lens",0,NA
"789","AC Ajaccio","French Ligue 2","ligue-2","AC Ajaccio",0,NA
"790","Chateauroux","French Ligue 2","ligue-2","Chateauroux",0,NA
"791","Reims","French Ligue 2","ligue-2","Reims",0,NA
"792","Grenoble","French Ligue 2","ligue-2","Grenoble",0,NA
"793","Troyes","French Ligue 2","ligue-2","Troyes",0,NA
"794","Metz","French Ligue 2","ligue-2","Metz",0,NA
"795","Guingamp","French Ligue 2","ligue-2","Guingamp",0,NA
"796","Rodez","French Ligue 2","ligue-2","Rodez",0,NA
"797","Le Mans","French Ligue 2","ligue-2","Le Mans",0,NA
"798","Caen","French Ligue 2","ligue-2","Caen",0,NA
"799","Toulouse","French Ligue 2","ligue-2","Toulouse",0,NA
"800","Amiens","French Ligue 2","ligue-2","Amiens",0,NA
"801","Dunkerque","French Ligue 2","ligue-2","Dunkerque",0,NA
"802","Bastia","French Ligue 2","ligue-2","Bastia",0,NA
"803","AS Nancy Lorraine","French Ligue 1","ligue-1","Nancy",12,NA
"804","Paris Saint-Germain","French Ligue 1","ligue-1","Paris SG",11,NA
"805","Stade Rennes","French Ligue 1","ligue-1","Rennes",6,NA
"806","Clermont Foot","French Ligue 1","ligue-1","Clermont",5,NA
"807","Dijon FCO","French Ligue 1","ligue-1","Dijon",4,NA
"808","AS Monaco","French Ligue 1","ligue-1","Monaco",3,NA
"809","Bastia","French Ligue 1","ligue-1","Bastia",0,NA
"810","Bordeaux","French Ligue 1","ligue-1","Bordeaux",0,NA
"811","Montpellier","French Ligue 1","ligue-1","Montpellier",0,NA
"812","Caen","French Ligue 1","ligue-1","Caen",0,NA
"813","Metz","French Ligue 1","ligue-1","Metz",0,NA
"814","Nice","French Ligue 1","ligue-1","Nice",0,NA
"815","Marseille","French Ligue 1","ligue-1","Marseille",0,NA
"816","Lyon","French Ligue 1","ligue-1","Lyon",0,NA
"817","Nantes","French Ligue 1","ligue-1","Nantes",0,NA
"818","Angers","French Ligue 1","ligue-1","Angers",0,NA
"819","Lille","French Ligue 1","ligue-1","Lille",0,NA
"820","Lorient","French Ligue 1","ligue-1","Lorient",0,NA
"821","Toulouse","French Ligue 1","ligue-1","Toulouse",0,NA
"822","Guingamp","French Ligue 1","ligue-1","Guingamp",0,NA
"823","St Etienne","French Ligue 1","ligue-1","St Etienne",0,NA
"824","Troyes","French Ligue 1","ligue-1","Troyes",0,NA
"825","Amiens","French Ligue 1","ligue-1","Amiens",0,NA
"826","Strasbourg","French Ligue 1","ligue-1","Strasbourg",0,NA
"827","Reims","French Ligue 1","ligue-1","Reims",0,NA
"828","Nimes","French Ligue 1","ligue-1","Nimes",0,NA
"829","Brest","French Ligue 1","ligue-1","Brest",0,NA
"830","Lens","French Ligue 1","ligue-1","Lens",0,NA
"831","Notts County Ladies","FA Women's Super League","women-s-super-league","Notts Co W",14,NA
"832","Leicester City WFC","FA Women's Super League","women-s-super-league","Leicester W",7,NA
"833","Brighton & Hove Albion","FA Women's Super League","women-s-super-league","Brighton W",13,NA
"834","West Ham United Ladies","FA Women's Super League","women-s-super-league","West Ham W",13,NA
"835","Yeovil Town Ladies","FA Women's Super League","women-s-super-league","Yeovil W",10,NA
"836","Chelsea FC Women","FA Women's Super League","women-s-super-league","Chelsea W",7,NA
"837","Manchester United Women","FA Women's Super League","women-s-super-league","Manchester Utd W",7,NA
"838","Everton Ladies","FA Women's Super League","women-s-super-league","Everton W",6,NA
"839","Bristol Academy","FA Women's Super League","women-s-super-league","Bristol City W",6,NA
"840","Liverpool Women","FA Women's Super League","women-s-super-league","Liverpool W",4,NA
"841","Arsenal Women","FA Women's Super League","women-s-super-league","Arsenal W",4,NA
"842","Manchester City Women","FA Women's Super League","women-s-super-league","Manchester City W",4,NA
"843","Birmingham City","FA Women's Super League","women-s-super-league","Birmingham W",4,NA
"844","Tottenham Women","FA Women's Super League","women-s-super-league","Tottenham W",4,NA
"845","Reading","FA Women's Super League","women-s-super-league","Reading W",2,NA
"846","Aston Villa","FA Women's Super League","women-s-super-league","Aston Villa W",2,NA
"847","Sutton United","English League Two","league-two","Sutton",7,NA
"848","Milton Keynes Dons","English League Two","league-two","MK Dons",11,NA
"849","Crewe Alexandra","English League Two","league-two","Crewe",10,NA
"850","Oldham Athletic","English League Two","league-two","Oldham",9,NA
"851","Colchester United","English League Two","league-two","Colchester",7,NA
"852","Forest Green Rovers","English League Two","league-two","Forest Green",7,NA
"853","Newport County","English League Two","league-two","Newport",7,NA
"854","Carlisle United","English League Two","league-two","Carlisle",7,NA
"855","Tranmere Rovers","English League Two","league-two","Tranmere",7,NA
"856","Plymouth Argyle","English League Two","league-two","Plymouth",7,NA
"857","Southend United","English League Two","league-two","Southend",7,NA
"858","Northampton Town","English League Two","league-two","Northampton",5,NA
"859","Grimsby Town","English League Two","league-two","Grimsby",5,NA
"860","Exeter City","English League Two","league-two","Exeter",5,NA
"861","Swindon Town","English League Two","league-two","Swindon",5,NA
"862","Mansfield Town","English League Two","league-two","Mansfield",5,NA
"863","Cheltenham Town","English League Two","league-two","Cheltenham",5,NA
"864","Lincoln City","English League Two","league-two","Lincoln",5,NA
"865","Crawley Town","English League Two","league-two","Crawley",5,NA
"866","Yeovil Town","English League Two","league-two","Yeovil",5,NA
"867","Salford City","English League Two","league-two","Salford",5,NA
"868","Harrogate Town","English League Two","league-two","Harrogate",5,NA
"869","Notts County","English League Two","league-two","Notts Co",4,NA
"870","Cambridge United","English League Two","league-two","Cambridge Utd",3,NA
"871","Stevenage","English League Two","league-two","Stevenage",0,NA
"872","Bury","English League Two","league-two","Bury",0,NA
"873","Port Vale","English League Two","league-two","Port Vale",0,NA
"874","Morecambe","English League Two","league-two","Morecambe",0,NA
"875","Macclesfield","English League Two","league-two","Macclesfield",0,NA
"876","Leyton Orient","English League Two","league-two","Leyton Orient",0,NA
"877","Bradford City","English League Two","league-two","Bradford City",0,NA
"878","Scunthorpe","English League Two","league-two","Scunthorpe",0,NA
"879","Walsall","English League Two","league-two","Walsall",0,NA
"880","Barrow","English League Two","league-two","Barrow",0,NA
"881","Bolton","English League Two","league-two","Bolton",0,NA
"882","Hartlepool","English League Two","league-two","Hartlepool",0,NA
"883","Rochdale","English League Two","league-two","Rochdale",0,NA
"884","Bristol Rovers","English League Two","league-two","Bristol Rovers",0,NA
"885","Doncaster Rovers","English League Two","league-two","Doncaster",7,NA
"886","Milton Keynes Dons","English League One","league-one","MK Dons",11,NA
"887","Wycombe Wanderers","English League One","league-one","Wycombe",10,NA
"888","Crewe Alexandra","English League One","league-one","Crewe",10,NA
"889","Charlton Athletic","English League One","league-one","Charlton",9,NA
"890","Accrington Stanley","English League One","league-one","Accrington",8,NA
"891","Burton Albion","English League One","league-one","Burton",7,NA
"892","Southend United","English League One","league-one","Southend",7,NA
"893","Peterborough United","English League One","league-one","Peterborough",7,NA
"894","Doncaster Rovers","English League One","league-one","Doncaster",7,NA
"895","Plymouth Argyle","English League One","league-one","Plymouth",7,NA
"896","Forest Green Rovers","English League One","league-one","Forest Green",7,NA
"897","Tranmere Rovers","English League One","league-one","Tranmere",7,NA
"898","Rotherham United","English League One","league-one","Rotherham",7,NA
"899","Sheffield Wednesday","English League One","league-one","Sheffield Wed",6,NA
"900","Fleetwood Town","English League One","league-one","Fleetwood",5,NA
"901","Shrewsbury Town","English League One","league-one","Shrewsbury",5,NA
"902","Coventry City","English League One","league-one","Coventry",5,NA
"903","Luton Town","English League One","league-one","Luton",5,NA
"904","Lincoln City","English League One","league-one","Lincoln",5,NA
"905","Ipswich Town","English League One","league-one","Ipswich",5,NA
"906","Northampton Town","English League One","league-one","Northampton",5,NA
"907","Swindon Town","English League One","league-one","Swindon",5,NA
"908","Hull City","English League One","league-one","Hull",5,NA
"909","Cheltenham Town","English League One","league-one","Cheltenham",5,NA
"910","Oxford United","English League One","league-one","Oxford Utd",3,NA
"911","Cambridge United","English League One","league-one","Cambridge Utd",3,NA
"912","Sunderland","English League One","league-one","Sunderland",0,NA
"913","Portsmouth","English League One","league-one","Portsmouth",0,NA
"914","Walsall","English League One","league-one","Walsall",0,NA
"915","Barnsley","English League One","league-one","Barnsley",0,NA
"916","Scunthorpe","English League One","league-one","Scunthorpe",0,NA
"917","AFC Wimbledon","English League One","league-one","AFC Wimbledon",0,NA
"918","Blackpool","English League One","league-one","Blackpool",0,NA
"919","Exeter City","English League One","league-one","Exeter",5,NA
"920","Bradford City","English League One","league-one","Bradford City",0,NA
"921","Rochdale","English League One","league-one","Rochdale",0,NA
"922","Gillingham","English League One","league-one","Gillingham",0,NA
"923","Bristol Rovers","English League One","league-one","Bristol Rovers",0,NA
"924","Bolton","English League One","league-one","Bolton",0,NA
"925","Wigan","English League One","league-one","Wigan",0,NA
"926","Morecambe","English League One","league-one","Morecambe",0,NA
"927","Derby County","English League One","league-one","Derby",7,NA
"928","Queens Park Rangers","English League Championship","championship","QPR",14,NA
"929","West Bromwich Albion","English League Championship","championship","West Brom",11,NA
"930","Preston North End","English League Championship","championship","Preston",10,NA
"931","Wycombe Wanderers","English League Championship","championship","Wycombe",10,NA
"932","Charlton Athletic","English League Championship","championship","Charlton",9,NA
"933","Nottingham Forest","English League Championship","championship","Nottingham",7,NA
"934","Burton Albion","English League Championship","championship","Burton",7,NA
"935","Wolverhampton","English League Championship","championship","Wolves",7,NA
"936","Derby County","English League Championship","championship","Derby",7,NA
"937","Leeds United","English League Championship","championship","Leeds",7,NA
"938","Rotherham United","English League Championship","championship","Rotherham",7,NA
"939","Peterborough United","English League Championship","championship","Peterborough",7,NA
"940","Sheffield Wednesday","English League Championship","championship","Sheffield Wed",6,NA
"941","Ipswich Town","English League Championship","championship","Ipswich",5,NA
"942","Hull City","English League Championship","championship","Hull",5,NA
"943","Cardiff City","English League Championship","championship","Cardiff",5,NA
"944","Norwich City","English League Championship","championship","Norwich",5,NA
"945","Swansea City","English League Championship","championship","Swansea",5,NA
"946","Stoke City","English League Championship","championship","Stoke",5,NA
"947","Luton Town","English League Championship","championship","Luton",5,NA
"948","Huddersfield Town","English League Championship","championship","Huddersfield",5,NA
"949","Coventry City","English League Championship","championship","Coventry",5,NA
"950","AFC Bournemouth","English League Championship","championship","Bournemouth",4,NA
"951","Sheffield United","English League Championship","championship","Sheffield Utd",3,NA
"952","Sunderland","English League Championship","championship","Sunderland",0,NA
"953","Fulham","English League Championship","championship","Fulham",0,NA
"954","Bristol City","English League Championship","championship","Bristol City",0,NA
"955","Aston Villa","English League Championship","championship","Aston Villa",0,NA
"956","Bolton","English League Championship","championship","Bolton",0,NA
"957","Barnsley","English League Championship","championship","Barnsley",0,NA
"958","Brentford","English League Championship","championship","Brentford",0,NA
"959","Birmingham","English League Championship","championship","Birmingham",0,NA
"960","Millwall","English League Championship","championship","Millwall",0,NA
"961","Reading","English League Championship","championship","Reading",0,NA
"962","Middlesbrough","English League Championship","championship","Middlesbrough",0,NA
"963","Wigan","English League Championship","championship","Wigan",0,NA
"964","Blackburn","English League Championship","championship","Blackburn",0,NA
"965","Watford","English League Championship","championship","Watford",0,NA
"966","Blackpool","English League Championship","championship","Blackpool",0,NA
"967","NEC","Dutch Eredivisie","eredivisie","Nijmegen",8,NA
"968","RKC","Dutch Eredivisie","eredivisie","Waalwijk",8,NA
"969","Cambuur Leeuwarden","Dutch Eredivisie","eredivisie","Cambuur",11,NA
"970","Fortuna Sittard","Dutch Eredivisie","eredivisie","Sittard",8,NA
"971","Go Ahead Eagles","Dutch Eredivisie","eredivisie","G.A. Eagles",6,NA
"972","Sparta","Dutch Eredivisie","eredivisie","Sparta Rotterdam",5,NA
"973","ADO Den Haag","Dutch Eredivisie","eredivisie","Den Haag",4,NA
"974","VVV Venlo","Dutch Eredivisie","eredivisie","Venlo",4,NA
"975","PEC Zwolle","Dutch Eredivisie","eredivisie","Zwolle",4,NA
"976","FC Groningen","Dutch Eredivisie","eredivisie","Groningen",3,NA
"977","Roda JC","Dutch Eredivisie","eredivisie","Roda",3,NA
"978","FC Twente","Dutch Eredivisie","eredivisie","Twente",3,NA
"979","AZ","Dutch Eredivisie","eredivisie","AZ Alkmaar",3,NA
"980","FC Utrecht","Dutch Eredivisie","eredivisie","Utrecht",3,NA
"981","NAC","Dutch Eredivisie","eredivisie","Ajax",3,NA
"982","De Graafschap","Dutch Eredivisie","eredivisie","Graafschap",3,NA
"983","Emmen","Dutch Eredivisie","eredivisie","FC Emmen",3,NA
"984","RKC","Dutch Eredivisie","eredivisie","PSV",3,NA
"985","PSV","Dutch Eredivisie","eredivisie","PSV",0,NA
"986","Vitesse","Dutch Eredivisie","eredivisie","Vitesse",0,NA
"987","Heracles","Dutch Eredivisie","eredivisie","Heracles",0,NA
"988","Willem II","Dutch Eredivisie","eredivisie","Willem II",0,NA
"989","Feyenoord","Dutch Eredivisie","eredivisie","Feyenoord",0,NA
"990","Heerenveen","Dutch Eredivisie","eredivisie","Heerenveen",0,NA
"991","Excelsior","Dutch Eredivisie","eredivisie","Excelsior",0,NA
"992","Ajax","Dutch Eredivisie","eredivisie","Ajax",0,NA
"993","AaB","Danish SAS-Ligaen","superliga","Aalborg",4,NA
"994","AGF Aarhus","Danish SAS-Ligaen","superliga","Aarhus",4,NA
"995","FC Midtjylland","Danish SAS-Ligaen","superliga","Midtjylland",3,NA
"996","FC Nordsjaelland","Danish SAS-Ligaen","superliga","Nordsjaelland",3,NA
"997","AC Horsens","Danish SAS-Ligaen","superliga","Horsens",3,NA
"998","Odense BK","Danish SAS-Ligaen","superliga","Odense",3,NA
"999","Hobro IK","Danish SAS-Ligaen","superliga","Hobro",3,NA
"1000","Vejle","Danish SAS-Ligaen","superliga","Vejle",0,NA
"1001","Sonderjyske","Danish SAS-Ligaen","superliga","Sonderjyske",0,NA
"1002","Vendsyssel","Danish SAS-Ligaen","superliga","Vendsyssel",0,NA
"1003","FC Copenhagen","Danish SAS-Ligaen","superliga","FC Copenhagen",0,NA
"1004","Randers FC","Danish SAS-Ligaen","superliga","Randers FC",0,NA
"1005","Esbjerg","Danish SAS-Ligaen","superliga","Esbjerg",0,NA
"1006","Brondby","Danish SAS-Ligaen","superliga","Brondby",0,NA
"1007","Lyngby","Danish SAS-Ligaen","superliga","Lyngby",0,NA
"1008","Silkeborg","Danish SAS-Ligaen","superliga","Silkeborg",0,NA
"1009","Viborg","Danish SAS-Ligaen","superliga","Viborg",0,NA
"1010","Guizhou Hengfeng Zhicheng","Chinese Super League","super-league","Guizhou",18,NA
"1011","Hebei China Fortune FC","Chinese Super League","super-league","Hebei",17,NA
"1012","Guangzhou Evergrande","Chinese Super League","super-league","Guangzhou FC",10,NA
"1013","Chongqing Lifan","Chinese Super League","super-league","Chongqing Liangjiang Athletic",9,NA
"1014","Henan Jianye","Chinese Super League","super-league","Henan Songshan Longmen",9,NA
"1015","Shandong Luneng","Chinese Super League","super-league","Shandong Taishan",7,NA
"1016","Shanghai Greenland","Chinese Super League","super-league","Shanghai Shenhua",7,NA
"1017","Guizhou Renhe","Chinese Super League","super-league","Guizhou",6,NA
"1018","Tianjin Quanujian","Chinese Super League","super-league","Tianjin Tianhai",6,NA
"1019","Tianjin Teda","Chinese Super League","super-league","Tianjin Tianhai",5,NA
"1020","Dalian Aerbin","Chinese Super League","super-league","Dalian Pro",5,NA
"1021","Shanghai SIPG","Chinese Super League","super-league","Shanghai Port",4,NA
"1022","Wuhan Zall","Chinese Super League","super-league","Wuhan FC",4,NA
"1023","Jiangsu Suning FC","Chinese Super League","super-league","Jiangsu Suning",3,NA
"1024","Shenzhen FC","Chinese Super League","super-league","Shenzhen",3,NA
"1025","Guangzhou RF","Chinese Super League","super-league","Guangzhou FC",2,NA
"1026","Changchun Yatai","Chinese Super League","super-league","Changchun Yatai",0,NA
"1027","Beijing Guoan","Chinese Super League","super-league","Beijing Guoan",0,NA
"1028","Atlético Paranaense","Brasileiro Série A","serie-a","Athletico-PR",14,NA
"1029","Atlético Goianiense","Brasileiro Série A","serie-a","Atletico GO",10,NA
"1030","Vasco da Gama","Brasileiro Série A","serie-a","Vasco",8,NA
"1031","América Mineiro","Brasileiro Série A","serie-a","America MG",8,NA
"1032","Atletico Mineiro","Brasileiro Série A","serie-a","Atletico-MG",6,NA
"1033","Flamengo","Brasileiro Série A","serie-a","Flamengo RJ",3,NA
"1034","Chapecoense AF","Brasileiro Série A","serie-a","Chapecoense-SC",3,NA
"1035","Botafogo","Brasileiro Série A","serie-a","Botafogo RJ",3,NA
"1036","Bahía","Brasileiro Série A","serie-a","Bahia",2,NA
"1037","Avaí","Brasileiro Série A","serie-a","Avai",2,NA
"1038","Grêmio","Brasileiro Série A","serie-a","Gremio",2,NA
"1039","Vítoria","Brasileiro Série A","serie-a","Vitoria",2,NA
"1040","São Paulo","Brasileiro Série A","serie-a","Sao Paulo",2,NA
"1041","Paraná","Brasileiro Série A","serie-a","Parana",2,NA
"1042","Ceará","Brasileiro Série A","serie-a","Ceara",2,NA
"1043","Goiás","Brasileiro Série A","serie-a","Goias",2,NA
"1044","Corinthians","Brasileiro Série A","serie-a","Corinthians",0,NA
"1045","Fluminense","Brasileiro Série A","serie-a","Fluminense",0,NA
"1046","Cruzeiro","Brasileiro Série A","serie-a","Cruzeiro",0,NA
"1047","Palmeiras","Brasileiro Série A","serie-a","Palmeiras",0,NA
"1048","Ponte Preta","Brasileiro Série A","serie-a","Ponte Preta",0,NA
"1049","Coritiba","Brasileiro Série A","serie-a","Coritiba",0,NA
"1050","Santos","Brasileiro Série A","serie-a","Santos",0,NA
"1051","Sport Recife","Brasileiro Série A","serie-a","Sport Recife",0,NA
"1052","Internacional","Brasileiro Série A","serie-a","Internacional",0,NA
"1053","CSA","Brasileiro Série A","serie-a","CSA",0,NA
"1054","Fortaleza","Brasileiro Série A","serie-a","Fortaleza",0,NA
"1055","Bragantino","Brasileiro Série A","serie-a","Bragantino",0,NA
"1056","Cuiaba","Brasileiro Série A","serie-a","Cuiaba",0,NA
"1057","Juventude","Brasileiro Série A","serie-a","Juventude",0,NA
"1058","KFCO Beerschot-Wilrijk","Belgian Jupiler League","jupiler-league","Beerschot VA",13,NA
"1059","Sporting de Charleroi","Belgian Jupiler League","jupiler-league","Charleroi",12,NA
"1060","Union Saint Gilloise","Belgian Jupiler League","jupiler-league","Royale Union SG",10,NA
"1061","SV Zulte Waregem","Belgian Jupiler League","jupiler-league","Waregem",9,NA
"1062","Mouscron-Peruwelz","Belgian Jupiler League","jupiler-league","Mouscron",9,NA
"1063","Standard Liege","Belgian Jupiler League","jupiler-league","St. Liege",6,NA
"1064","KSC Lokeren","Belgian Jupiler League","jupiler-league","Lokeren",4,NA
"1065","Cercle Brugge","Belgian Jupiler League","jupiler-league","Cercle Brugge KSV",4,NA
"1066","KAA Gent","Belgian Jupiler League","jupiler-league","Gent",4,NA
"1067","RFC Seraing","Belgian Jupiler League","jupiler-league","Seraing",4,NA
"1068","KV Kortrijk","Belgian Jupiler League","jupiler-league","Kortrijk",3,NA
"1069","KV Oostende","Belgian Jupiler League","jupiler-league","Oostende",3,NA
"1070","Club Brugge","Belgian Jupiler League","jupiler-league","Club Brugge KV",3,NA
"1071","OH Leuven","Belgian Jupiler League","jupiler-league","Leuven",3,NA
"1072","St. Truidense","Belgian Jupiler League","jupiler-league","St. Truiden",2,NA
"1073","Waasland-Beveren","Belgian Jupiler League","jupiler-league","Beveren",0,NA
"1074","Eupen","Belgian Jupiler League","jupiler-league","Eupen",0,NA
"1075","Antwerp","Belgian Jupiler League","jupiler-league","Antwerp",0,NA
"1076","Anderlecht","Belgian Jupiler League","jupiler-league","Anderlecht",0,NA
"1077","Genk","Belgian Jupiler League","jupiler-league","Genk",0,NA
"1078","KV Mechelen","Belgian Jupiler League","jupiler-league","KV Mechelen",0,NA
"1079","KVC Westerlo","Belgian Jupiler League","jupiler-league","Westerlo",0,NA
"1080","Nottingham Forest","Barclays Premier League","premier-league","Nottingham",7,NA
"1081","Brighton and Hove Albion","Barclays Premier League","premier-league","Brighton",16,NA
"1082","West Bromwich Albion","Barclays Premier League","premier-league","West Brom",11,NA
"1083","Tottenham Hotspur","Barclays Premier League","premier-league","Tottenham",8,NA
"1084","West Ham United","Barclays Premier League","premier-league","West Ham",7,NA
"1085","Leeds United","Barclays Premier League","premier-league","Leeds",7,NA
"1086","Hull City","Barclays Premier League","premier-league","Hull",5,NA
"1087","Stoke City","Barclays Premier League","premier-league","Stoke",5,NA
"1088","Swansea City","Barclays Premier League","premier-league","Swansea",5,NA
"1089","Leicester City","Barclays Premier League","premier-league","Leicester",5,NA
"1090","Huddersfield Town","Barclays Premier League","premier-league","Huddersfield",5,NA
"1091","Wolverhampton","Barclays Premier League","premier-league","Wolves",5,NA
"1092","Cardiff City","Barclays Premier League","premier-league","Cardiff",5,NA
"1093","Norwich City","Barclays Premier League","premier-league","Norwich",5,NA
"1094","AFC Bournemouth","Barclays Premier League","premier-league","Bournemouth",4,NA
"1095","Manchester United","Barclays Premier League","premier-league","Manchester Utd",3,NA
"1096","Sheffield United","Barclays Premier League","premier-league","Sheffield Utd",3,NA
"1097","Everton","Barclays Premier League","premier-league","Everton",0,NA
"1098","Crystal Palace","Barclays Premier League","premier-league","Crystal Palace",0,NA
"1099","Southampton","Barclays Premier League","premier-league","Southampton",0,NA
"1100","Middlesbrough","Barclays Premier League","premier-league","Middlesbrough",0,NA
"1101","Burnley","Barclays Premier League","premier-league","Burnley",0,NA
"1102","Manchester City","Barclays Premier League","premier-league","Manchester City",0,NA
"1103","Arsenal","Barclays Premier League","premier-league","Arsenal",0,NA
"1104","Chelsea","Barclays Premier League","premier-league","Chelsea",0,NA
"1105","Watford","Barclays Premier League","premier-league","Watford",0,NA
"1106","Sunderland","Barclays Premier League","premier-league","Sunderland",0,NA
"1107","Liverpool","Barclays Premier League","premier-league","Liverpool",0,NA
"1108","Newcastle","Barclays Premier League","premier-league","Newcastle",0,NA
"1109","Fulham","Barclays Premier League","premier-league","Fulham",0,NA
"1110","Aston Villa","Barclays Premier League","premier-league","Aston Villa",0,NA
"1111","Brentford","Barclays Premier League","premier-league","Brentford",0,NA
"1112","Austria Lustenau","Austrian T-Mobile Bundesliga","admiral-bundesliga","A. Lustenau",16,NA
"1113","Cashpoint SC Rheindorf Altach","Austrian T-Mobile Bundesliga","admiral-bundesliga","Altach",23,NA
"1114","WSG Swarovski Wattens","Austrian T-Mobile Bundesliga","admiral-bundesliga","Tirol",16,NA
"1115","FC Trenkwalder Admira","Austrian T-Mobile Bundesliga","admiral-bundesliga","Admira",15,NA
"1116","SK Austria Klagenfurt","Austrian T-Mobile Bundesliga","admiral-bundesliga","A. Klagenfurt",9,NA
"1117","LASK Linz","Austrian T-Mobile Bundesliga","admiral-bundesliga","LASK",5,NA
"1118","SK Sturm Graz","Austrian T-Mobile Bundesliga","admiral-bundesliga","Sturm Graz",3,NA
"1119","FC Salzburg","Austrian T-Mobile Bundesliga","admiral-bundesliga","Salzburg",3,NA
"1120","SV Mattersburg","Austrian T-Mobile Bundesliga","admiral-bundesliga","Mattersburg",3,NA
"1121","FK Austria Vienna","Austrian T-Mobile Bundesliga","admiral-bundesliga","Austria Vienna",3,NA
"1122","FC Wacker Innsbruck","Austrian T-Mobile Bundesliga","admiral-bundesliga","Wacker Innsbruck",3,NA
"1123","SV Ried","Austrian T-Mobile Bundesliga","admiral-bundesliga","Ried",3,NA
"1124","St. Pölten","Austrian T-Mobile Bundesliga","admiral-bundesliga","St. Polten",2,NA
"1125","Rapid Vienna","Austrian T-Mobile Bundesliga","admiral-bundesliga","Rapid Vienna",0,NA
"1126","Wolfsberger","Austrian T-Mobile Bundesliga","admiral-bundesliga","Wolfsberger AC",0,NA
"1127","Hartberg","Austrian T-Mobile Bundesliga","admiral-bundesliga","Hartberg",0,NA
"1128","Western Sydney FC","Australian A-League","a-league","WS Wanderers",8,NA
"1129","Adelaide United","Australian A-League","a-league","Adelaide United",0,NA
"1130","Melbourne Victory","Australian A-League","a-league","Melbourne Victory",0,NA
"1131","Wellington Phoenix","Australian A-League","a-league","Wellington Phoenix",0,NA
"1132","Brisbane Roar","Australian A-League","a-league","Brisbane Roar",0,NA
"1133","Perth Glory","Australian A-League","a-league","Perth Glory",0,NA
"1134","Central Coast Mariners","Australian A-League","a-league","Central Coast Mariners",0,NA
"1135","Sydney FC","Australian A-League","a-league","Sydney FC",0,NA
"1136","Melbourne City","Australian A-League","a-league","Melbourne City",0,NA
"1137","Newcastle Jets","Australian A-League","a-league","Newcastle Jets",0,NA
"1138","Western United","Australian A-League","a-league","Western United",0,NA
"1139","Macarthur FC","Australian A-League","a-league","Macarthur FC",0,NA
"1140","Central Córdoba Santiago del Estero","Argentina Primera Division","liga-profesional","Central Cordoba",22,NA
"1141","San Martin de Tucuman","Argentina Primera Division","liga-profesional","San Martin T.",9,NA
"1142","Atlético Tucumán","Argentina Primera Division","liga-profesional","Atl. Tucuman",8,NA
"1143","Belgrano Cordoba","Argentina Primera Division","liga-profesional","Belgrano",8,NA
"1144","Chacarita Juniors","Argentina Primera Division","liga-profesional","Chacarita Juniors",7,NA
"1145","San Martin San Juan","Argentina Primera Division","liga-profesional","San Martin S.J.",6,NA
"1146","Gimnasia La Plata","Argentina Primera Division","liga-profesional","Gimnasia L.P.",6,NA
"1147","Sarmiento","Argentina Primera Division","liga-profesional","Sarmiento Junin",6,NA
"1148","Talleres de Córdoba","Argentina Primera Division","liga-profesional","Talleres Cordoba",5,NA
"1149","Estudiantes","Argentina Primera Division","liga-profesional","Estudiantes L.P.",5,NA
"1150","Olimpo","Argentina Primera Division","liga-profesional","Olimpo Bahia Blanca",5,NA
"1151","Argentinos Juniors","Argentina Primera Division","liga-profesional","Argentinos Jrs",4,NA
"1152","CA Independiente","Argentina Primera Division","liga-profesional","Independiente",3,NA
"1153","Union Santa Fe","Argentina Primera Division","liga-profesional","Union de Santa Fe",3,NA
"1154","Huracán","Argentina Primera Division","liga-profesional","Huracan",2,NA
"1155","Newell's Old Boys","Argentina Primera Division","liga-profesional","Newells Old Boys",1,NA
"1156","Tigre","Argentina Primera Division","liga-profesional","Tigre",0,NA
"1157","Banfield","Argentina Primera Division","liga-profesional","Banfield",0,NA
"1158","Defensa y Justicia","Argentina Primera Division","liga-profesional","Defensa y Justicia",0,NA
"1159","Colon Santa Fe","Argentina Primera Division","liga-profesional","Colon Santa Fe",0,NA
"1160","San Lorenzo","Argentina Primera Division","liga-profesional","San Lorenzo",0,NA
"1161","Boca Juniors","Argentina Primera Division","liga-profesional","Boca Juniors",0,NA
"1162","Temperley","Argentina Primera Division","liga-profesional","Temperley",0,NA
"1163","Arsenal Sarandi","Argentina Primera Division","liga-profesional","Arsenal Sarandi",0,NA
"1164","Velez Sarsfield","Argentina Primera Division","liga-profesional","Velez Sarsfield",0,NA
"1165","Patronato","Argentina Primera Division","liga-profesional","Patronato",0,NA
"1166","Racing Club","Argentina Primera Division","liga-profesional","Racing Club",0,NA
"1167","Godoy Cruz","Argentina Primera Division","liga-profesional","Godoy Cruz",0,NA
"1168","Rosario Central","Argentina Primera Division","liga-profesional","Rosario Central",0,NA
"1169","River Plate","Argentina Primera Division","liga-profesional","River Plate",0,NA
"1170","Lanus","Argentina Primera Division","liga-profesional","Lanus",0,NA
"1171","Aldosivi","Argentina Primera Division","liga-profesional","Aldosivi",0,NA
"1172","Platense","Argentina Primera Division","liga-profesional","Platense",0,NA
