"","Time","League","Matchup","MGM Market Name","BetRivers Market Name","Draftkings Market Name","Caesars Market Name","Fanduel Market Name","PointsBet Market Name","MGM Selection Name","BetRivers Selection Name","Draftkings Selection Name","Caesars Selection Name","Fanduel Selection","PointsBet Selection","MGM Odds","BetRivers Odds","Draftkings Odds","Caesars Odds","Fanduel Odds","PointsBet Odds","update_time"
"1","2023-09-16T13:00:00Z","Czech Republic 1. Liga","Karvina-Teplice","1st Half - Total Goals (0.5)","Total Goals - 1st Half 0.5","Over/Under - 1st Half 0.5","1st Half Over/Under 0.5 Goals","1st Half Over/Under 0.5 Goals",NA,"Over 0.5","Over","Over","Over 0.5","Over 0.5",NA,-263,-315,-275,-230,-270,NA,2023-09-15 15:04:21.021578
"2","2023-09-16T13:00:00Z","Czech Republic 1. Liga","Karvina-Teplice","1st Half - Total Goals (0.5)","Total Goals - 1st Half 0.5","Over/Under - 1st Half 0.5","1st Half Over/Under 0.5 Goals","1st Half Over/Under 0.5 Goals",NA,"Under 0.5","Under","Over","Under 0.5","Under 0.5",NA,180,210,NA,175,200,NA,2023-09-15 15:04:21.021578
"3","2023-09-16T13:00:00Z","Czech Republic 1. Liga","Bohemians 1905-Banik Ostrava","1st Half - Total Goals (0.5)","Total Goals - 1st Half 0.5","Over/Under - 1st Half 0.5","1st Half Over/Under 0.5 Goals","1st Half Over/Under 0.5 Goals",NA,"Over 0.5","Over","Under","Over 0.5","Over 0.5",NA,-312,-360,NA,-270,-310,NA,2023-09-15 15:04:21.021578
"4","2023-09-16T13:00:00Z","Czech Republic 1. Liga","Bohemians 1905-Banik Ostrava","1st Half - Total Goals (0.5)","Total Goals - 1st Half 0.5","Over/Under - 1st Half 0.5","1st Half Over/Under 0.5 Goals","1st Half Over/Under 0.5 Goals",NA,"Under 0.5","Under","Under","Under 0.5","Under 0.5",NA,210,235,220,205,220,NA,2023-09-15 15:04:21.021578
"5","2023-09-16T13:00:00Z","Czech Republic 1. Liga","Olomouc-Ceske Budejovice","1st Half - Total Goals (0.5)","Total Goals - 1st Half 0.5","Over/Under - 1st Half 0.5","1st Half Over/Under 0.5 Goals","1st Half Over/Under 0.5 Goals",NA,"Over 0.5","Over","Over","Over 0.5","Over 0.5",NA,-345,-435,-350,-290,-360,NA,2023-09-15 15:04:21.021578
"6","2023-09-16T13:00:00Z","Czech Republic 1. Liga","Olomouc-Ceske Budejovice","1st Half - Total Goals (0.5)","Total Goals - 1st Half 0.5","Over/Under - 1st Half 0.5","1st Half Over/Under 0.5 Goals","1st Half Over/Under 0.5 Goals",NA,"Under 0.5","Under","Over","Under 0.5","Under 0.5",NA,230,270,NA,220,260,NA,2023-09-15 15:04:21.021578
"7","2023-09-16T16:00:00Z","Czech Republic 1. Liga","Pardubice-Slavia Prague","1st Half - Total Goals (0.5)","Total Goals - 1st Half 0.5","Over/Under - 1st Half 0.5","1st Half Over/Under 0.5 Goals","1st Half Over/Under 0.5 Goals",NA,"Over 0.5","Over","Under","Over 0.5","Over 0.5",NA,-385,-480,NA,-320,-400,NA,2023-09-15 15:04:21.021578
"8","2023-09-16T16:00:00Z","Czech Republic 1. Liga","Pardubice-Slavia Prague","1st Half - Total Goals (0.5)","Total Goals - 1st Half 0.5","Over/Under - 1st Half 0.5","1st Half Over/Under 0.5 Goals","1st Half Over/Under 0.5 Goals",NA,"Under 0.5","Under","Under","Under 0.5","Under 0.5",NA,250,295,260,240,280,NA,2023-09-15 15:04:21.021578
"9","2023-09-16T13:00:00Z","Czech Republic 1. Liga","Mlada Boleslav-Hradec Kralove","1st Half - Total Goals (1.5)","Total Goals - 1st Half 1.5","Over/Under - 1st Half 1.5","1st Half Over/Under 1.5 Goals","1st Half Over/Under 1.5 Goals","1st half goals 1.5","Over 1.5","Over","Over","Over 1.5","Over 1.5","Over 1.5",155,163,170,170,170,165,2023-09-15 15:04:21.021578
"10","2023-09-16T13:00:00Z","Czech Republic 1. Liga","Mlada Boleslav-Hradec Kralove","1st Half - Total Goals (1.5)","Total Goals - 1st Half 1.5","Over/Under - 1st Half 1.5","1st Half Over/Under 1.5 Goals","1st Half Over/Under 1.5 Goals","1st half goals 1.5","Under 1.5","Under","Over","Under 1.5","Under 1.5","Under 1.5",-227,-235,NA,-220,-220,-240,2023-09-15 15:04:21.021578
"11","2023-09-16T13:00:00Z","Czech Republic 1. Liga","Karvina-Teplice","1st Half - Total Goals (1.5)","Total Goals - 1st Half 1.5","Over/Under - 1st Half 1.5","1st Half Over/Under 1.5 Goals","1st Half Over/Under 1.5 Goals","1st half goals 1.5","Over 1.5","Over","Under","Over 1.5","Over 1.5","Over 1.5",170,175,NA,190,192,175,2023-09-15 15:04:21.021578
"12","2023-09-16T13:00:00Z","Czech Republic 1. Liga","Karvina-Teplice","1st Half - Total Goals (1.5)","Total Goals - 1st Half 1.5","Over/Under - 1st Half 1.5","1st Half Over/Under 1.5 Goals","1st Half Over/Under 1.5 Goals","1st half goals 1.5","Under 1.5","Under","Under","Under 1.5","Under 1.5","Under 1.5",-250,-250,-255,-250,-260,-250,2023-09-15 15:04:21.021578
"13","2023-09-16T13:00:00Z","Czech Republic 1. Liga","Bohemians 1905-Banik Ostrava","1st Half - Total Goals (1.5)","Total Goals - 1st Half 1.5",NA,"1st Half Over/Under 1.5 Goals","1st Half Over/Under 1.5 Goals","1st half goals 1.5","Over 1.5","Over",NA,"Over 1.5","Over 1.5","Over 1.5",145,155,NA,160,168,150,2023-09-15 15:04:21.021578
"14","2023-09-16T13:00:00Z","Czech Republic 1. Liga","Bohemians 1905-Banik Ostrava","1st Half - Total Goals (1.5)","Total Goals - 1st Half 1.5",NA,"1st Half Over/Under 1.5 Goals","1st Half Over/Under 1.5 Goals","1st half goals 1.5","Under 1.5","Under",NA,"Under 1.5","Under 1.5","Under 1.5",-213,-225,NA,-200,-215,-215,2023-09-15 15:04:21.021578
"15","2023-09-16T13:00:00Z","Czech Republic 1. Liga","Olomouc-Ceske Budejovice","1st Half - Total Goals (1.5)","Total Goals - 1st Half 1.5","Over/Under - 1st Half 1.5","1st Half Over/Under 1.5 Goals","1st Half Over/Under 1.5 Goals","1st half goals 1.5","Over 1.5","Over","Under","Over 1.5","Over 1.5","Over 1.5",130,130,NA,135,140,135,2023-09-15 15:04:21.021578
"16","2023-09-16T13:00:00Z","Czech Republic 1. Liga","Olomouc-Ceske Budejovice","1st Half - Total Goals (1.5)","Total Goals - 1st Half 1.5","Over/Under - 1st Half 1.5","1st Half Over/Under 1.5 Goals","1st Half Over/Under 1.5 Goals","1st half goals 1.5","Under 1.5","Under","Under","Under 1.5","Under 1.5","Under 1.5",-189,-182,-190,-175,-180,-190,2023-09-15 15:04:21.021578
"17","2023-09-16T16:00:00Z","Czech Republic 1. Liga","Pardubice-Slavia Prague","1st Half - Total Goals (1.5)","Total Goals - 1st Half 1.5",NA,"1st Half Over/Under 1.5 Goals","1st Half Over/Under 1.5 Goals","1st half goals 1.5","Over 1.5","Over",NA,"Over 1.5","Over 1.5","Over 1.5",115,115,NA,122,128,118,2023-09-15 15:04:21.021578
"18","2023-09-16T16:00:00Z","Czech Republic 1. Liga","Pardubice-Slavia Prague","1st Half - Total Goals (1.5)","Total Goals - 1st Half 1.5",NA,"1st Half Over/Under 1.5 Goals","1st Half Over/Under 1.5 Goals","1st half goals 1.5","Under 1.5","Under",NA,"Under 1.5","Under 1.5","Under 1.5",-164,-159,NA,-155,-164,-165,2023-09-15 15:04:21.021578
"19","2023-09-16T13:00:00Z","Czech Republic 1. Liga","Mlada Boleslav-Hradec Kralove","Correct Score","Correct Score","Correct Score","Correct Score","Correct Score","correct score","Any other score","MladÃ¡ Boleslav 1-0","Hradec Kralove 2-1","Hradec Kralove 1-0","Mlada Boleslav","Mlada Boleslav",NA,650,NA,NA,NA,NA,2023-09-15 15:04:21.021578
"20","2023-09-16T13:00:00Z","Czech Republic 1. Liga","Mlada Boleslav-Hradec Kralove","Correct Score","Correct Score","Correct Score","Correct Score","Correct Score","correct score","Draw 0-0","Draw 0-0","Hradec Kralove 2-1","Draw 0-0","Draw 0-0","Draw 0-0",1000,1200,NA,1100,1200,1000,2023-09-15 15:04:21.021578
"21","2023-09-16T13:00:00Z","Czech Republic 1. Liga","Mlada Boleslav-Hradec Kralove","Correct Score","Correct Score","Correct Score","Correct Score","Correct Score","correct score","Draw 1-1","Draw 1-1","Mlada Boleslav 1-0","Draw 1-1","Draw 1-1","Draw 1-1",650,650,NA,550,650,600,2023-09-15 15:04:21.021578
"22","2023-09-16T13:00:00Z","Czech Republic 1. Liga","Mlada Boleslav-Hradec Kralove","Correct Score","Correct Score","Correct Score","Correct Score","Correct Score","correct score","Draw 2-2","Draw 2-2","Hradec Kralove 2-1","Draw 2-2","Draw 2-2","Draw 2-2",1350,1400,NA,1300,1400,1200,2023-09-15 15:04:21.021578
"23","2023-09-16T13:00:00Z","Czech Republic 1. Liga","Mlada Boleslav-Hradec Kralove","Correct Score","Correct Score","Correct Score","Correct Score","Correct Score","correct score","Draw 3-3","Draw 3-3","Hradec Kralove 3-2","Draw 3-3","Draw 3-3","Draw 3-3",4500,5500,NA,5000,6000,4000,2023-09-15 15:04:21.021578
"24","2023-09-16T13:00:00Z","Czech Republic 1. Liga","Mlada Boleslav-Hradec Kralove","Correct Score","Correct Score","Correct Score","Correct Score","Correct Score","correct score","Draw 4-4","Draw 0-0","Hradec Kralove 4-2","Draw 4-4","Draw 4-4","Draw 4-4",12500,1200,NA,12500,25000,15000,2023-09-15 15:04:21.021578
"25","2023-09-16T13:00:00Z","Czech Republic 1. Liga","Mlada Boleslav-Hradec Kralove","Correct Score","Correct Score","Correct Score","Correct Score","Correct Score","correct score","Hradec Kralove","Hradec KrÃ¡lovÃ© 1-0","Hradec Kralove 2-1","Hradec Kralove 1-0","Hradec Kralove","Hradec Kralove",1150,1150,1000,1200,1400,1300,2023-09-15 15:04:21.021578
"26","2023-09-16T13:00:00Z","Czech Republic 1. Liga","Mlada Boleslav-Hradec Kralove","Correct Score","Correct Score","Correct Score","Correct Score","Correct Score","correct score","Mlada Boleslav","MladÃ¡ Boleslav 1-0","Mlada Boleslav 1-0","Mlada Boleslav 1-0","Mlada Boleslav","Mlada Boleslav",650,650,550,625,650,600,2023-09-15 15:04:21.021578
"27","2023-09-16T13:00:00Z","Czech Republic 1. Liga","Karvina-Teplice","Correct Score","Correct Score","Correct Score","Correct Score","Correct Score","correct score","Any other score","Teplice","MFK Karvina 1-0","Draw 1-1","Teplice","Teplice",NA,950,NA,NA,NA,NA,2023-09-15 15:04:21.021578
"28","2023-09-16T13:00:00Z","Czech Republic 1. Liga","Karvina-Teplice","Correct Score","Correct Score","Correct Score","Correct Score","Correct Score","correct score","Draw 0-0","Draw 0-0","Teplice 2-0","Draw 0-0","Draw 0-0","Draw 0-0",950,1000,NA,1000,1000,900,2023-09-15 15:04:21.021578
"29","2023-09-16T13:00:00Z","Czech Republic 1. Liga","Karvina-Teplice","Correct Score","Correct Score","Correct Score","Correct Score","Correct Score","correct score","Draw 1-1","Draw 1-1","Teplice 3-1","Draw 1-1","Draw 1-1","Draw 1-1",575,550,NA,500,550,550,2023-09-15 15:04:21.021578
"30","2023-09-16T13:00:00Z","Czech Republic 1. Liga","Karvina-Teplice","Correct Score","Correct Score","Correct Score","Correct Score","Correct Score","correct score","Draw 2-2","Draw 2-2","Teplice 2-0","Draw 2-2","Draw 2-2","Draw 2-2",1200,1150,NA,1200,1200,1100,2023-09-15 15:04:21.021578
"31","2023-09-16T13:00:00Z","Czech Republic 1. Liga","Karvina-Teplice","Correct Score","Correct Score","Correct Score","Correct Score","Correct Score","correct score","Draw 3-3","Draw 3-3","Teplice 3-1","Draw 3-3","Draw 3-3","Draw 3-3",4000,4500,NA,4500,5500,4000,2023-09-15 15:04:21.021578
"32","2023-09-16T13:00:00Z","Czech Republic 1. Liga","Karvina-Teplice","Correct Score","Correct Score","Correct Score","Correct Score","Correct Score","correct score","Draw 4-4","Draw 4-4","Teplice 4-1","Draw 4-4","Draw 4-4","Draw 4-4",12500,25000,NA,12500,25000,15000,2023-09-15 15:04:21.021578
"33","2023-09-16T13:00:00Z","Czech Republic 1. Liga","Karvina-Teplice","Correct Score","Correct Score","Correct Score","Correct Score","Correct Score","correct score","Karvina","MFK KarvinÃ¡ 1-0","MFK Karvina 1-0","Karvina 1-0","Karvina","Karvina",NA,700,600,750,750,650,2023-09-15 15:04:21.021578
"34","2023-09-16T13:00:00Z","Czech Republic 1. Liga","Karvina-Teplice","Correct Score","Correct Score","Correct Score","Correct Score","Correct Score","correct score","Teplice","Teplice","Teplice 2-0","Teplice 1-0","Teplice","Teplice",950,950,1400,900,1000,900,2023-09-15 15:04:21.021578
"35","2023-09-16T13:00:00Z","Czech Republic 1. Liga","Bohemians 1905-Banik Ostrava","Correct Score","Correct Score","Correct Score","Correct Score","Correct Score","correct score","Any other score","BanÃ­k Ostrava 1-0","Bohemians 1905 1-0","Bohemians 1905 1-0","Banik Ostrava","Banik Ostrava",NA,1000,NA,NA,NA,NA,2023-09-15 15:04:21.021578
"36","2023-09-16T13:00:00Z","Czech Republic 1. Liga","Bohemians 1905-Banik Ostrava","Correct Score","Correct Score","Correct Score","Correct Score","Correct Score","correct score","Banik Ostrava","BanÃ­k Ostrava 1-0","Banik Ostrava 1-0","Banik Ostrava 1-0","Banik Ostrava","Banik Ostrava",900,1000,800,900,1000,900,2023-09-15 15:04:21.021578
"37","2023-09-16T13:00:00Z","Czech Republic 1. Liga","Bohemians 1905-Banik Ostrava","Correct Score","Correct Score","Correct Score","Correct Score","Correct Score","correct score","Bohemians 1905","Bohemians 1905","Bohemians 1905 1-0","Bohemians 1905 1-0","Bohemians 1905","Bohemians 1905",850,850,750,750,900,800,2023-09-15 15:04:21.021578
"38","2023-09-16T13:00:00Z","Czech Republic 1. Liga","Bohemians 1905-Banik Ostrava","Correct Score","Correct Score","Correct Score","Correct Score","Correct Score","correct score","Draw 0-0","Draw 0-0","Bohemians 1905 1-0","Draw 0-0","Draw 0-0","Draw 0-0",1100,1200,NA,1000,1200,1100,2023-09-15 15:04:21.021578
"39","2023-09-16T13:00:00Z","Czech Republic 1. Liga","Bohemians 1905-Banik Ostrava","Correct Score","Correct Score","Correct Score","Correct Score","Correct Score","correct score","Draw 1-1","Draw 1-1","Bohemians 1905 1-0","Draw 1-1","Draw 1-1","Draw 1-1",600,600,NA,500,550,550,2023-09-15 15:04:21.021578
"40","2023-09-16T13:00:00Z","Czech Republic 1. Liga","Bohemians 1905-Banik Ostrava","Correct Score","Correct Score","Correct Score","Correct Score","Correct Score","correct score","Draw 2-2","Draw 2-2","Banik Ostrava 1-0","Draw 2-2","Draw 2-2","Draw 2-2",1100,1100,NA,1100,1100,1000,2023-09-15 15:04:21.021578
"41","2023-09-16T13:00:00Z","Czech Republic 1. Liga","Bohemians 1905-Banik Ostrava","Correct Score","Correct Score","Correct Score","Correct Score","Correct Score","correct score","Draw 3-3","Draw 3-3","Banik Ostrava 3-0","Draw 3-3","Draw 3-3","Draw 3-3",3500,4000,NA,4500,4500,3500,2023-09-15 15:04:21.021578
"42","2023-09-16T13:00:00Z","Czech Republic 1. Liga","Bohemians 1905-Banik Ostrava","Correct Score","Correct Score","Correct Score","Correct Score","Correct Score","correct score","Draw 4-4","Draw 4-4","Banik Ostrava 4-0","Draw 4-4","Draw 4-4","Draw 4-4",10000,20000,NA,12500,25000,10000,2023-09-15 15:04:21.021578
"43","2023-09-16T13:00:00Z","Czech Republic 1. Liga","Olomouc-Ceske Budejovice","Correct Score","Correct Score","Correct Score","Correct Score","Correct Score","correct score","Any other score","Olomouc","Sigma Olomouc 1-0","Ceske Budejovice 1-0","Olomouc","Olomouc",NA,750,NA,NA,NA,NA,2023-09-15 15:04:21.021578
"44","2023-09-16T13:00:00Z","Czech Republic 1. Liga","Olomouc-Ceske Budejovice","Correct Score","Correct Score","Correct Score","Correct Score","Correct Score","correct score","Ceske Budejovice","ÄeskÃ© BudÄjovice 1-0","Ceske Budejovice 1-0","Ceske Budejovice 1-0","Ceske Budejovice","Ceske Budejovice",NA,1600,1400,1600,2100,1600,2023-09-15 15:04:21.021578
"45","2023-09-16T13:00:00Z","Czech Republic 1. Liga","Olomouc-Ceske Budejovice","Correct Score","Correct Score","Correct Score","Correct Score","Correct Score","correct score","Draw 0-0","Draw 0-0","Sigma Olomouc 1-0","Draw 0-0","Draw 0-0","Draw 0-0",1350,1500,NA,1300,1600,1300,2023-09-15 15:04:21.021578
"46","2023-09-16T13:00:00Z","Czech Republic 1. Liga","Olomouc-Ceske Budejovice","Correct Score","Correct Score","Correct Score","Correct Score","Correct Score","correct score","Draw 1-1","Draw 1-1","Sigma Olomouc 1-0","Draw 1-1","Draw 1-1","Draw 1-1",775,750,NA,675,800,700,2023-09-15 15:04:21.021578
"47","2023-09-16T13:00:00Z","Czech Republic 1. Liga","Olomouc-Ceske Budejovice","Correct Score","Correct Score","Correct Score","Correct Score","Correct Score","correct score","Draw 2-2","Draw 2-2","Sigma Olomouc 2-0","Draw 2-2","Draw 2-2","Draw 2-2",1400,1300,NA,1500,1500,1300,2023-09-15 15:04:21.021578
"48","2023-09-16T13:00:00Z","Czech Republic 1. Liga","Olomouc-Ceske Budejovice","Correct Score","Correct Score","Correct Score","Correct Score","Correct Score","correct score","Draw 3-3","Draw 3-3","Sigma Olomouc 3-0","Draw 3-3","Draw 3-3","Draw 3-3",4000,4500,NA,5500,5000,4000,2023-09-15 15:04:21.021578
"49","2023-09-16T13:00:00Z","Czech Republic 1. Liga","Olomouc-Ceske Budejovice","Correct Score","Correct Score","Correct Score","Correct Score","Correct Score","correct score","Draw 4-4","Draw 4-4","Sigma Olomouc 4-0","Draw 4-4","Draw 4-4","Draw 4-4",12500,22500,NA,12500,25000,10000,2023-09-15 15:04:21.021578
"50","2023-09-16T13:00:00Z","Czech Republic 1. Liga","Olomouc-Ceske Budejovice","Correct Score","Correct Score","Correct Score","Correct Score","Correct Score","correct score","Olomouc","Olomouc","Sigma Olomouc 1-0","Olomouc 2-0","Olomouc","Olomouc",725,750,NA,600,700,700,2023-09-15 15:04:21.021578
"51","2023-09-16T16:00:00Z","Czech Republic 1. Liga","Pardubice-Slavia Prague","Correct Score","Correct Score","Correct Score","Correct Score","Correct Score","correct score","Any other score","Slavia Praha 1-0"," 3-3","Slavia Prague 2-0","Slavia Prague 1-0","Draw 0-0",NA,800,NA,NA,NA,NA,2023-09-15 15:04:21.021578
"52","2023-09-16T16:00:00Z","Czech Republic 1. Liga","Pardubice-Slavia Prague","Correct Score","Correct Score","Correct Score","Correct Score","Correct Score","correct score","Draw 0-0","Draw 0-0","Pardubice 3-0","Draw 0-0","Draw 0-0","Draw 0-0",1550,1700,NA,1500,2100,1800,2023-09-15 15:04:21.021578
"53","2023-09-16T16:00:00Z","Czech Republic 1. Liga","Pardubice-Slavia Prague","Correct Score","Correct Score","Correct Score","Correct Score","Correct Score","correct score","Draw 1-1","Draw 1-1","Pardubice 2-1","Draw 1-1","Draw 1-1","Draw 1-1",950,850,NA,850,1000,1000,2023-09-15 15:04:21.021578
"54","2023-09-16T16:00:00Z","Czech Republic 1. Liga","Pardubice-Slavia Prague","Correct Score","Correct Score","Correct Score","Correct Score","Correct Score","correct score","Draw 2-2","Draw 2-2","Pardubice 4-2","Draw 2-2","Draw 2-2","Draw 2-2",1750,1500,NA,1800,1800,1600,2023-09-15 15:04:21.021578
"55","2023-09-16T16:00:00Z","Czech Republic 1. Liga","Pardubice-Slavia Prague","Correct Score","Correct Score","Correct Score","Correct Score","Correct Score","correct score","Draw 3-3","Draw 3-3","Pardubice 3-0","Draw 3-3","Draw 3-3","Draw 3-3",5000,5000,NA,6500,7000,5000,2023-09-15 15:04:21.021578
"56","2023-09-16T16:00:00Z","Czech Republic 1. Liga","Pardubice-Slavia Prague","Correct Score","Correct Score","Correct Score","Correct Score","Correct Score","correct score","Draw 4-4","Draw 4-4","Pardubice 4-2","Draw 4-4","Draw 4-4","Draw 4-4",15000,25000,NA,12500,25000,15000,2023-09-15 15:04:21.021578
"57","2023-09-16T16:00:00Z","Czech Republic 1. Liga","Pardubice-Slavia Prague","Correct Score","Correct Score","Correct Score","Correct Score","Correct Score","correct score","Pardubice","Pardubice","Pardubice 3-0","Pardubice 1-0","Pardubice","Pardubice",2000,2200,7000,2100,2800,2500,2023-09-15 15:04:21.021578
"58","2023-09-16T16:00:00Z","Czech Republic 1. Liga","Pardubice-Slavia Prague","Correct Score","Correct Score","Correct Score","Correct Score","Correct Score","correct score","Slavia Prague 1-0","Slavia Praha 1-0","Slavia Prague 3-0","Slavia Prague 1-0","Slavia Prague 1-0","Slavia Prague",725,800,650,700,750,700,2023-09-15 15:04:21.021578
"59","2023-09-16T16:00:00Z","Czech Republic 1. Liga","Pardubice-Slavia Prague","Correct Score","Correct Score","Correct Score","Correct Score","Correct Score","correct score","Slavia Prague 2-0","Slavia Praha 2-0","Slavia Prague 3-0","Slavia Prague 2-0","Slavia Prague 2-0","Slavia Prague",625,650,650,550,650,700,2023-09-15 15:04:21.021578
"60","2023-09-16T16:00:00Z","Czech Republic 1. Liga","Pardubice-Slavia Prague","Correct Score","Correct Score","Correct Score","Correct Score","Correct Score","correct score","Slavia Prague 2-1","Slavia Praha 2-1","Slavia Prague 2-1","Slavia Prague 2-1","Slavia Prague 2-1","Slavia Prague",725,700,650,750,650,700,2023-09-15 15:04:21.021578
"61","2023-09-16T16:00:00Z","Czech Republic 1. Liga","Pardubice-Slavia Prague","Correct Score","Correct Score","Correct Score","Correct Score","Correct Score","correct score","Slavia Prague 3-0","Slavia Praha 3-0","Slavia Prague 3-0","Slavia Prague 3-0","Slavia Prague 3-0","Slavia Prague",775,800,650,700,850,700,2023-09-15 15:04:21.021578
"62","2023-09-16T16:00:00Z","Czech Republic 1. Liga","Pardubice-Slavia Prague","Correct Score","Correct Score","Correct Score","Correct Score","Correct Score","correct score","Slavia Prague 3-1","Slavia Praha 3-1","Slavia Prague 3-0","Slavia Prague 3-1","Slavia Prague 3-1","Slavia Prague",950,900,650,950,900,700,2023-09-15 15:04:21.021578
"63","2023-09-16T16:00:00Z","Czech Republic 1. Liga","Pardubice-Slavia Prague","Correct Score","Correct Score","Correct Score","Correct Score","Correct Score","correct score","Slavia Prague 3-2","Slavia Praha 3-2","Slavia Prague 3-0","Slavia Prague 3-2","Slavia Prague 3-2","Slavia Prague",1900,1800,650,2400,2000,700,2023-09-15 15:04:21.021578
"64","2023-09-16T16:00:00Z","Czech Republic 1. Liga","Pardubice-Slavia Prague","Correct Score","Correct Score","Correct Score","Correct Score","Correct Score","correct score","Slavia Prague 4-0","Slavia Praha 4-0","Slavia Prague 4-0","Slavia Prague 4-0","Slavia Prague 4-0","Slavia Prague",1200,1300,1100,1100,1500,700,2023-09-15 15:04:21.021578
"65","2023-09-16T16:00:00Z","Czech Republic 1. Liga","Pardubice-Slavia Prague","Correct Score","Correct Score","Correct Score","Correct Score","Correct Score","correct score","Slavia Prague 4-1","Slavia Praha 4-1","Slavia Prague 4-1","Slavia Prague 4-1","Slavia Prague 4-1","Slavia Prague",1450,1400,1300,1500,1700,700,2023-09-15 15:04:21.021578
"66","2023-09-16T16:00:00Z","Czech Republic 1. Liga","Pardubice-Slavia Prague","Correct Score","Correct Score","Correct Score","Correct Score","Correct Score","correct score","Slavia Prague 4-2","Slavia Praha 4-2","Slavia Prague 4-1","Slavia Prague 4-2","Slavia Prague 4-2","Slavia Prague",2800,2800,1300,3500,3400,700,2023-09-15 15:04:21.021578
"67","2023-09-16T16:00:00Z","Czech Republic 1. Liga","Pardubice-Slavia Prague","Correct Score","Correct Score","Correct Score","Correct Score","Correct Score","correct score","Slavia Prague 4-3","Slavia Praha 4-3","Slavia Prague 4-1","Slavia Prague 4-3","Slavia Prague 4-3","Slavia Prague",6600,7500,1300,8000,10000,700,2023-09-15 15:04:21.021578
"68","2023-09-16T13:00:00Z","Czech Republic 1. Liga","Mlada Boleslav-Hradec Kralove","Double Chance","Double Chance","Double Chance","Double Chance","Double Chance","double chance","Hradec Kralove","Hradec KrÃ¡lovÃ© or Draw","Mlada Boleslav or Hradec Kralove","Hradec Kralove Or Draw","Hradec Kralove","Hradec Kralove",NA,112,NA,106,110,110,2023-09-15 15:04:21.021578
"69","2023-09-16T13:00:00Z","Czech Republic 1. Liga","Mlada Boleslav-Hradec Kralove","Double Chance","Double Chance","Double Chance","Double Chance","Double Chance","double chance","Mlada Boleslav","MladÃ¡ Boleslav or Draw","Mlada Boleslav or Hradec Kralove","Mlada Boleslav Or Draw","Mlada Boleslav","Mlada Boleslav",NA,-560,-425,-540,-550,-550,2023-09-15 15:04:21.021578
"70","2023-09-16T13:00:00Z","Czech Republic 1. Liga","Karvina-Teplice","Double Chance","Double Chance","Double Chance","Double Chance","Double Chance","double chance","Karvina","MFK KarvinÃ¡ or Draw","MFK Karvina or Teplice","Karvina Or Draw","Karvina","Karvina",NA,-335,NA,-300,-310,-300,2023-09-15 15:04:21.021578
"71","2023-09-16T13:00:00Z","Czech Republic 1. Liga","Karvina-Teplice","Double Chance","Double Chance","Double Chance","Double Chance","Double Chance","double chance","Teplice","Teplice","Teplice or Draw","Teplice Or Draw","Teplice","Teplice",-147,-360,-150,-155,-160,-150,2023-09-15 15:04:21.021578
"72","2023-09-16T13:00:00Z","Czech Republic 1. Liga","Bohemians 1905-Banik Ostrava","Double Chance","Double Chance","Double Chance","Double Chance","Double Chance","double chance","Banik Ostrava","BanÃ­k Ostrava or Draw","Bohemians 1905 or Banik Ostrava","Banik Ostrava Or Draw","Banik Ostrava","Banik Ostrava",-189,-177,NA,-180,-185,-180,2023-09-15 15:04:21.021578
"73","2023-09-16T13:00:00Z","Czech Republic 1. Liga","Bohemians 1905-Banik Ostrava","Double Chance","Double Chance","Double Chance","Double Chance","Double Chance","double chance","Bohemians 1905","Bohemians 1905","Bohemians 1905 or Banik Ostrava","Bohemians 1905 Or Draw","Bohemians 1905","Bohemians 1905",-227,-250,-350,-250,-250,-240,2023-09-15 15:04:21.021578
"74","2023-09-16T13:00:00Z","Czech Republic 1. Liga","Olomouc-Ceske Budejovice","Double Chance","Double Chance","Double Chance","Double Chance","Double Chance","double chance","Ceske Budejovice","ÄeskÃ© BudÄjovice or Draw","Sigma Olomouc or Ceske Budejovice","Ceske Budejovice Or Draw","Ceske Budejovice","Ceske Budejovice",NA,155,NA,145,150,150,2023-09-15 15:04:21.021578
"75","2023-09-16T13:00:00Z","Czech Republic 1. Liga","Olomouc-Ceske Budejovice","Double Chance","Double Chance","Double Chance","Double Chance","Double Chance","double chance","Olomouc","Olomouc","Sigma Olomouc or Draw","Olomouc Or Draw","Olomouc","Olomouc",-714,-910,NA,-800,-800,-700,2023-09-15 15:04:21.021578
"76","2023-09-16T16:00:00Z","Czech Republic 1. Liga","Pardubice-Slavia Prague","Double Chance","Double Chance","Double Chance","Double Chance","Double Chance","double chance","Pardubice","Pardubice","Slavia Prague or Draw","Pardubice Or Draw","Pardubice","Pardubice",230,235,NA,235,260,250,2023-09-15 15:04:21.021578
"77","2023-09-16T16:00:00Z","Czech Republic 1. Liga","Pardubice-Slavia Prague","Double Chance","Double Chance","Double Chance","Double Chance","Double Chance","double chance","Slavia Prague or Draw","Slavia Praha or Draw","Slavia Prague or Draw","Slavia Prague Or Draw","Slavia Prague And Draw","Slavia Prague",-1429,-3335,-1400,-2000,-1450,-1250,2023-09-15 15:04:21.021578
"78","2023-09-16T13:00:00Z","Czech Republic 1. Liga","Mlada Boleslav-Hradec Kralove","Draw No Bet","Tie No Bet","Tie No Bet","Draw No Bet","Tie No Bet","draw no bet","Hradec Kralove","Hradec KrÃ¡lovÃ©","Hradec Kralove","Hradec Kralove","Hradec Kralove","Hradec Kralove",220,240,235,230,260,235,2023-09-15 15:04:21.021578
"79","2023-09-16T13:00:00Z","Czech Republic 1. Liga","Mlada Boleslav-Hradec Kralove","Draw No Bet","Tie No Bet","Tie No Bet","Draw No Bet","Tie No Bet","draw no bet","Mlada Boleslav","MladÃ¡ Boleslav","Mlada Boleslav","Mlada Boleslav","Mlada Boleslav","Mlada Boleslav",-333,-360,-310,-310,-360,-350,2023-09-15 15:04:21.021578
"80","2023-09-16T13:00:00Z","Czech Republic 1. Liga","Karvina-Teplice","Draw No Bet","Tie No Bet","Tie No Bet","Draw No Bet","Tie No Bet","draw no bet","Karvina","MFK KarvinÃ¡","MFK Karvina","Karvina","Karvina","Karvina",NA,-195,-170,-165,-170,-180,2023-09-15 15:04:21.021578
"81","2023-09-16T13:00:00Z","Czech Republic 1. Liga","Karvina-Teplice","Draw No Bet","Tie No Bet","Tie No Bet","Draw No Bet","Tie No Bet","draw no bet","Teplice","Teplice","MFK Karvina","Teplice","Teplice","Teplice",130,140,NA,127,135,132,2023-09-15 15:04:21.021578
"82","2023-09-16T13:00:00Z","Czech Republic 1. Liga","Bohemians 1905-Banik Ostrava","Draw No Bet","Tie No Bet","Tie No Bet","Draw No Bet","Tie No Bet","draw no bet","Banik Ostrava","BanÃ­k Ostrava","Banik Ostrava","Banik Ostrava","Banik Ostrava","Banik Ostrava",-105,106,110,105,105,104,2023-09-15 15:04:21.021578
"83","2023-09-16T13:00:00Z","Czech Republic 1. Liga","Bohemians 1905-Banik Ostrava","Draw No Bet","Tie No Bet","Tie No Bet","Draw No Bet","Tie No Bet","draw no bet","Bohemians 1905","Bohemians 1905","Bohemians 1905","Bohemians 1905","Bohemians 1905","Bohemians 1905",-133,-143,-135,-135,-135,-140,2023-09-15 15:04:21.021578
"84","2023-09-16T13:00:00Z","Czech Republic 1. Liga","Olomouc-Ceske Budejovice","Draw No Bet","Tie No Bet","Tie No Bet","Draw No Bet","Tie No Bet","draw no bet","Ceske Budejovice","ÄeskÃ© BudÄjovice","Ceske Budejovice","Ceske Budejovice","Ceske Budejovice","Ceske Budejovice",320,360,350,330,390,340,2023-09-15 15:04:21.021578
"85","2023-09-16T13:00:00Z","Czech Republic 1. Liga","Olomouc-Ceske Budejovice","Draw No Bet","Tie No Bet","Tie No Bet","Draw No Bet","Tie No Bet","draw no bet","Olomouc","Olomouc","Sigma Olomouc","Olomouc","Olomouc","Olomouc",-526,-625,NA,-475,-600,-550,2023-09-15 15:04:21.021578
"86","2023-09-16T16:00:00Z","Czech Republic 1. Liga","Pardubice-Slavia Prague","Draw No Bet","Tie No Bet","Tie No Bet","Draw No Bet","Tie No Bet","draw no bet","Pardubice","Pardubice","Pardubice","Pardubice","Pardubice","Pardubice",550,650,550,575,650,525,2023-09-15 15:04:21.021578
"87","2023-09-16T16:00:00Z","Czech Republic 1. Liga","Pardubice-Slavia Prague","Draw No Bet","Tie No Bet","Tie No Bet","Draw No Bet","Tie No Bet","draw no bet","Slavia Prague","Slavia Praha","Slavia Prague","Slavia Prague","Slavia Prague","Slavia Prague",-1111,-1667,-900,-950,-1200,-1110,2023-09-15 15:04:21.021578
"88","2023-09-16T13:00:00Z","Czech Republic 1. Liga","Mlada Boleslav-Hradec Kralove","Match Result","Regular Time","Moneyline","90 Minutes","Moneyline","match result","Draw","Draw","Draw","Draw","Draw","Draw",275,300,310,260,260,280,2023-09-15 15:04:21.021578
"89","2023-09-16T13:00:00Z","Czech Republic 1. Liga","Mlada Boleslav-Hradec Kralove","Match Result","Regular Time","Moneyline","90 Minutes","Moneyline","match result","Hradec Kralove","Hradec KrÃ¡lovÃ©","Mlada Boleslav","Hradec Kralove","Hradec Kralove","Hradec Kralove",333,330,NA,350,360,375,2023-09-15 15:04:21.021578
"90","2023-09-16T13:00:00Z","Czech Republic 1. Liga","Mlada Boleslav-Hradec Kralove","Match Result","Regular Time","Moneyline","90 Minutes","Moneyline","match result","Mlada Boleslav","MladÃ¡ Boleslav","Mlada Boleslav","Mlada Boleslav","Mlada Boleslav","Mlada Boleslav",-137,-152,-140,-145,-155,-145,2023-09-15 15:04:21.021578
"91","2023-09-16T13:00:00Z","Czech Republic 1. Liga","Karvina-Teplice","Match Result","Regular Time","Moneyline","90 Minutes","Moneyline","match result","Draw","Draw","MFK Karvina","Draw","Draw","Draw",250,240,NA,230,220,240,2023-09-15 15:04:21.021578
"92","2023-09-16T13:00:00Z","Czech Republic 1. Liga","Karvina-Teplice","Match Result","Regular Time","Moneyline","90 Minutes","Moneyline","match result","Karvina","MFK KarvinÃ¡","MFK Karvina","Karvina","Karvina","Karvina",NA,107,120,117,110,110,2023-09-15 15:04:21.021578
"93","2023-09-16T13:00:00Z","Czech Republic 1. Liga","Karvina-Teplice","Match Result","Regular Time","Moneyline","90 Minutes","Moneyline","match result","Teplice","Teplice","MFK Karvina","Teplice","Teplice","Teplice",220,225,NA,205,210,225,2023-09-15 15:04:21.021578
"94","2023-09-16T13:00:00Z","Czech Republic 1. Liga","Bohemians 1905-Banik Ostrava","Match Result","Regular Time","Moneyline","90 Minutes","Moneyline","match result","Banik Ostrava","BanÃ­k Ostrava","Bohemians 1905","Banik Ostrava","Banik Ostrava","Banik Ostrava",170,175,NA,175,170,180,2023-09-15 15:04:21.021578
"95","2023-09-16T13:00:00Z","Czech Republic 1. Liga","Bohemians 1905-Banik Ostrava","Match Result","Regular Time","Moneyline","90 Minutes","Moneyline","match result","Bohemians 1905","Bohemians 1905","Bohemians 1905","Bohemians 1905","Bohemians 1905","Bohemians 1905",140,125,140,135,130,140,2023-09-15 15:04:21.021578
"96","2023-09-16T13:00:00Z","Czech Republic 1. Liga","Bohemians 1905-Banik Ostrava","Match Result","Regular Time","Moneyline","90 Minutes","Moneyline","match result","Draw","Draw","Draw","Draw","Draw","Draw",250,260,260,230,230,240,2023-09-15 15:04:21.021578
"97","2023-09-16T13:00:00Z","Czech Republic 1. Liga","Olomouc-Ceske Budejovice","Match Result","Regular Time","Moneyline","90 Minutes","Moneyline","match result","Ceske Budejovice","ÄeskÃ© BudÄjovice","Sigma Olomouc","Ceske Budejovice","Ceske Budejovice","Ceske Budejovice",450,460,NA,490,480,500,2023-09-15 15:04:21.021578
"98","2023-09-16T13:00:00Z","Czech Republic 1. Liga","Olomouc-Ceske Budejovice","Match Result","Regular Time","Moneyline","90 Minutes","Moneyline","match result","Draw","Draw","Draw","Draw","Draw","Draw",340,340,370,310,320,325,2023-09-15 15:04:21.021578
"99","2023-09-16T13:00:00Z","Czech Republic 1. Liga","Olomouc-Ceske Budejovice","Match Result","Regular Time","Moneyline","90 Minutes","Moneyline","match result","Olomouc","Olomouc","Sigma Olomouc","Olomouc","Olomouc","Olomouc",-196,-220,NA,-210,-230,-200,2023-09-15 15:04:21.021578
"100","2023-09-16T16:00:00Z","Czech Republic 1. Liga","Pardubice-Slavia Prague","Match Result","Regular Time","Moneyline","90 Minutes","Moneyline","match result","Draw","Draw","Pardubice","Draw","Draw","Draw",450,400,NA,390,460,475,2023-09-15 15:04:21.021578
"101","2023-09-16T16:00:00Z","Czech Republic 1. Liga","Pardubice-Slavia Prague","Match Result","Regular Time","Moneyline","90 Minutes","Moneyline","match result","Pardubice","Pardubice","Pardubice","Pardubice","Pardubice","Pardubice",750,750,750,800,750,750,2023-09-15 15:04:21.021578
"102","2023-09-16T16:00:00Z","Czech Republic 1. Liga","Pardubice-Slavia Prague","Match Result","Regular Time","Moneyline","90 Minutes","Moneyline","match result","Slavia Prague","Slavia Praha","Pardubice","Slavia Prague","Slavia Prague","Slavia Prague",-323,-335,NA,-350,-440,-350,2023-09-15 15:04:21.021578
"103","2023-09-16T13:00:00Z","Czech Republic 1. Liga","Karvina-Teplice","Total Goals (0.5)","Total Goals 0.5","Over/Under 0.5","Total Match Goals Over/Under 0.5 Goals","Over/Under 0.5 Goals",NA,"Over 0.5","Over","Under","Over 0.5","Over 0.5",NA,-2222,-2500,NA,-1800,-2000,NA,2023-09-15 15:04:21.021578
"104","2023-09-16T13:00:00Z","Czech Republic 1. Liga","Karvina-Teplice","Total Goals (0.5)","Total Goals 0.5","Over/Under 0.5","Total Match Goals Over/Under 0.5 Goals","Over/Under 0.5 Goals",NA,"Under 0.5","Under","Under","Under 0.5","Under 0.5",NA,875,1050,1000,850,650,NA,2023-09-15 15:04:21.021578
"105","2023-09-16T13:00:00Z","Czech Republic 1. Liga","Mlada Boleslav-Hradec Kralove","Total Goals (1.5)","Total Goals 1.5","Over/Under 1.5","Total Match Goals Over/Under 1.5 Goals","Over/Under 1.5 Goals",NA,"Over 1.5","Over","Over","Over 1.5","Over 1.5",NA,-400,-455,-450,-370,-430,NA,2023-09-15 15:04:21.021578
"106","2023-09-16T13:00:00Z","Czech Republic 1. Liga","Mlada Boleslav-Hradec Kralove","Total Goals (1.5)","Total Goals 1.5","Over/Under 1.5","Total Match Goals Over/Under 1.5 Goals","Over/Under 1.5 Goals",NA,"Under 1.5","Under","Over","Under 1.5","Under 1.5",NA,260,310,NA,270,280,NA,2023-09-15 15:04:21.021578
"107","2023-09-16T13:00:00Z","Czech Republic 1. Liga","Bohemians 1905-Banik Ostrava","Total Goals (1.5)","Total Goals 1.5","Over/Under 1.5","Total Match Goals Over/Under 1.5 Goals","Over/Under 1.5 Goals",NA,"Over 1.5","Over","Over","Over 1.5","Over 1.5",NA,-435,-500,-500,-400,-460,NA,2023-09-15 15:04:21.021578
"108","2023-09-16T13:00:00Z","Czech Republic 1. Liga","Bohemians 1905-Banik Ostrava","Total Goals (1.5)","Total Goals 1.5","Over/Under 1.5","Total Match Goals Over/Under 1.5 Goals","Over/Under 1.5 Goals",NA,"Under 1.5","Under","Over","Under 1.5","Under 1.5",NA,280,335,NA,280,280,NA,2023-09-15 15:04:21.021578
"109","2023-09-16T13:00:00Z","Czech Republic 1. Liga","Olomouc-Ceske Budejovice","Total Goals (1.5)","Total Goals 1.5","Over/Under 1.5","Total Match Goals Over/Under 1.5 Goals","Over/Under 1.5 Goals",NA,"Over 1.5","Over","Over","Over 1.5","Over 1.5",NA,-556,-625,-550,-475,-600,NA,2023-09-15 15:04:21.021578
"110","2023-09-16T13:00:00Z","Czech Republic 1. Liga","Olomouc-Ceske Budejovice","Total Goals (1.5)","Total Goals 1.5","Over/Under 1.5","Total Match Goals Over/Under 1.5 Goals","Over/Under 1.5 Goals",NA,"Under 1.5","Under","Over","Under 1.5","Under 1.5",NA,340,410,NA,330,360,NA,2023-09-15 15:04:21.021578
"111","2023-09-16T16:00:00Z","Czech Republic 1. Liga","Pardubice-Slavia Prague","Total Goals (1.5)","Total Goals 1.5","Over/Under 1.5","Total Match Goals Over/Under 1.5 Goals","Over/Under 1.5 Goals",NA,"Over 1.5","Over","Over","Over 1.5","Over 1.5",NA,-625,-770,-650,-575,-750,NA,2023-09-15 15:04:21.021578
"112","2023-09-16T16:00:00Z","Czech Republic 1. Liga","Pardubice-Slavia Prague","Total Goals (1.5)","Total Goals 1.5","Over/Under 1.5","Total Match Goals Over/Under 1.5 Goals","Over/Under 1.5 Goals",NA,"Under 1.5","Under","Over","Under 1.5","Under 1.5",NA,380,475,NA,380,400,NA,2023-09-15 15:04:21.021578
"113","2023-09-16T13:00:00Z","Czech Republic 1. Liga","Mlada Boleslav-Hradec Kralove","Total Goals (2.5)","Total Goals 2.5","Over/Under 2.5","Total Match Goals Over/Under 2.5 Goals","Over/Under 2.5 Goals","alternative total goals 2.5","Over 2.5","Over","Under","Over 2.5","Over 2.5","Over 2.5",-133,-134,NA,-125,-128,-135,2023-09-15 15:04:21.021578
"114","2023-09-16T13:00:00Z","Czech Republic 1. Liga","Mlada Boleslav-Hradec Kralove","Total Goals (2.5)","Total Goals 2.5","Over/Under 2.5","Total Match Goals Over/Under 2.5 Goals","Over/Under 2.5 Goals","alternative total goals 2.5","Under 2.5","Under","Under","Under 2.5","Under 2.5","Under 2.5",-105,102,100,-105,-108,-100,2023-09-15 15:04:21.021578
"115","2023-09-16T13:00:00Z","Czech Republic 1. Liga","Karvina-Teplice","Total Goals (2.5)","Total Goals 2.5","Over/Under 2.5","Total Match Goals Over/Under 2.5 Goals","Over/Under 2.5 Goals","alternative total goals 2.5","Over 2.5","Over","Over","Over 2.5","Over 2.5","Over 2.5",-125,-122,-115,-115,-118,-115,2023-09-15 15:04:21.021578
"116","2023-09-16T13:00:00Z","Czech Republic 1. Liga","Karvina-Teplice","Total Goals (2.5)","Total Goals 2.5","Over/Under 2.5","Total Match Goals Over/Under 2.5 Goals","Over/Under 2.5 Goals","alternative total goals 2.5","Under 2.5","Under","Over","Under 2.5","Under 2.5","Under 2.5",-114,-108,NA,-115,-118,-115,2023-09-15 15:04:21.021578
"117","2023-09-16T13:00:00Z","Czech Republic 1. Liga","Bohemians 1905-Banik Ostrava","Total Goals (2.5)","Total Goals 2.5","Over/Under 2.5","Total Match Goals Over/Under 2.5 Goals","Over/Under 2.5 Goals","alternative total goals 2.5","Over 2.5","Over","Under","Over 2.5","Over 2.5","Over 2.5",-147,-148,NA,-120,-132,-140,2023-09-15 15:04:21.021578
"118","2023-09-16T13:00:00Z","Czech Republic 1. Liga","Bohemians 1905-Banik Ostrava","Total Goals (2.5)","Total Goals 2.5","Over/Under 2.5","Total Match Goals Over/Under 2.5 Goals","Over/Under 2.5 Goals","alternative total goals 2.5","Under 2.5","Under","Under","Under 2.5","Under 2.5","Under 2.5",-100,110,110,-110,-108,104,2023-09-15 15:04:21.021578
"119","2023-09-16T13:00:00Z","Czech Republic 1. Liga","Olomouc-Ceske Budejovice","Total Goals (2.5)","Total Goals 2.5","Over/Under 2.5","Total Match Goals Over/Under 2.5 Goals","Over/Under 2.5 Goals","alternative total goals 2.5","Over 2.5","Over","Under","Over 2.5","Over 2.5","Over 2.5",-182,-182,NA,-145,-168,-170,2023-09-15 15:04:21.021578
"120","2023-09-16T13:00:00Z","Czech Republic 1. Liga","Olomouc-Ceske Budejovice","Total Goals (2.5)","Total Goals 2.5","Over/Under 2.5","Total Match Goals Over/Under 2.5 Goals","Over/Under 2.5 Goals","alternative total goals 2.5","Under 2.5","Under","Under","Under 2.5","Under 2.5","Under 2.5",125,138,130,115,122,125,2023-09-15 15:04:21.021578
"121","2023-09-16T16:00:00Z","Czech Republic 1. Liga","Pardubice-Slavia Prague","Total Goals (2.5)","Total Goals 2.5",NA,"Total Match Goals Over/Under 2.5 Goals","Over/Under 2.5 Goals","alternative total goals 2.5","Over 2.5","Over",NA,"Over 2.5","Over 2.5","Over 2.5",-204,-220,NA,-180,-200,-210,2023-09-15 15:04:21.021578
"122","2023-09-16T16:00:00Z","Czech Republic 1. Liga","Pardubice-Slavia Prague","Total Goals (2.5)","Total Goals 2.5",NA,"Total Match Goals Over/Under 2.5 Goals","Over/Under 2.5 Goals","alternative total goals 2.5","Under 2.5","Under",NA,"Under 2.5","Under 2.5","Under 2.5",140,163,NA,140,142,150,2023-09-15 15:04:21.021578
"123","2023-09-16T13:00:00Z","Czech Republic 1. Liga","Mlada Boleslav-Hradec Kralove","Total Goals (3.5)","Total Goals 3.5",NA,"Total Match Goals Over/Under 3.5 Goals","Over/Under 3.5 Goals","alternative total goals 3.5","Over 3.5","Over",NA,"Over 3.5","Over 3.5","Over 3.5",185,205,NA,200,188,190,2023-09-15 15:04:21.021578
"124","2023-09-16T13:00:00Z","Czech Republic 1. Liga","Mlada Boleslav-Hradec Kralove","Total Goals (3.5)","Total Goals 3.5",NA,"Total Match Goals Over/Under 3.5 Goals","Over/Under 3.5 Goals","alternative total goals 3.5","Under 3.5","Under",NA,"Under 3.5","Under 3.5","Under 3.5",-270,-278,NA,-260,-280,-270,2023-09-15 15:04:21.021578
"125","2023-09-16T13:00:00Z","Czech Republic 1. Liga","Karvina-Teplice","Total Goals (3.5)","Total Goals 3.5","Over/Under 3.5","Total Match Goals Over/Under 3.5 Goals","Over/Under 3.5 Goals","alternative total goals 3.5","Over 3.5","Over","Under","Over 3.5","Over 3.5","Over 3.5",195,220,NA,210,215,210,2023-09-15 15:04:21.021578
"126","2023-09-16T13:00:00Z","Czech Republic 1. Liga","Karvina-Teplice","Total Goals (3.5)","Total Goals 3.5","Over/Under 3.5","Total Match Goals Over/Under 3.5 Goals","Over/Under 3.5 Goals","alternative total goals 3.5","Under 3.5","Under","Under","Under 3.5","Under 3.5","Under 3.5",-294,-305,-300,-280,-330,-300,2023-09-15 15:04:21.021578
"127","2023-09-16T13:00:00Z","Czech Republic 1. Liga","Bohemians 1905-Banik Ostrava","Total Goals (3.5)","Total Goals 3.5",NA,"Total Match Goals Over/Under 3.5 Goals","Over/Under 3.5 Goals","alternative total goals 3.5","Over 3.5","Over",NA,"Over 3.5","Over 3.5","Over 3.5",170,185,NA,180,178,175,2023-09-15 15:04:21.021578
"128","2023-09-16T13:00:00Z","Czech Republic 1. Liga","Bohemians 1905-Banik Ostrava","Total Goals (3.5)","Total Goals 3.5",NA,"Total Match Goals Over/Under 3.5 Goals","Over/Under 3.5 Goals","alternative total goals 3.5","Under 3.5","Under",NA,"Under 3.5","Under 3.5","Under 3.5",-244,-250,NA,-240,-260,-250,2023-09-15 15:04:21.021578
"129","2023-09-16T13:00:00Z","Czech Republic 1. Liga","Olomouc-Ceske Budejovice","Total Goals (3.5)","Total Goals 3.5",NA,"Total Match Goals Over/Under 3.5 Goals","Over/Under 3.5 Goals","alternative total goals 3.5","Over 3.5","Over",NA,"Over 3.5","Over 3.5","Over 3.5",135,148,NA,160,142,145,2023-09-15 15:04:21.021578
"130","2023-09-16T13:00:00Z","Czech Republic 1. Liga","Olomouc-Ceske Budejovice","Total Goals (3.5)","Total Goals 3.5",NA,"Total Match Goals Over/Under 3.5 Goals","Over/Under 3.5 Goals","alternative total goals 3.5","Under 3.5","Under",NA,"Under 3.5","Under 3.5","Under 3.5",-196,-200,NA,-200,-205,-200,2023-09-15 15:04:21.021578
"131","2023-09-16T16:00:00Z","Czech Republic 1. Liga","Pardubice-Slavia Prague","Total Goals (3.5)","Total Goals 3.5","Over/Under 3.5","Total Match Goals Over/Under 3.5 Goals","Over/Under 3.5 Goals","alternative total goals 3.5","Over 3.5","Over","Over","Over 3.5","Over 3.5","Over 3.5",120,123,130,135,122,125,2023-09-15 15:04:21.021578
"132","2023-09-16T16:00:00Z","Czech Republic 1. Liga","Pardubice-Slavia Prague","Total Goals (3.5)","Total Goals 3.5","Over/Under 3.5","Total Match Goals Over/Under 3.5 Goals","Over/Under 3.5 Goals","alternative total goals 3.5","Under 3.5","Under","Over","Under 3.5","Under 3.5","Under 3.5",-172,-162,NA,-175,-172,-170,2023-09-15 15:04:21.021578
"133","2023-09-16T13:00:00Z","Czech Republic 1. Liga","Mlada Boleslav-Hradec Kralove","Total Goals (4.5)","Total Goals 4.5","Over/Under 4.5","Total Match Goals Over/Under 4.5 Goals","Over/Under 4.5 Goals",NA,"Over 4.5","Over","Over","Over 4.5","Over 4.5",NA,425,500,450,450,440,NA,2023-09-15 15:04:21.021578
"134","2023-09-16T13:00:00Z","Czech Republic 1. Liga","Mlada Boleslav-Hradec Kralove","Total Goals (4.5)","Total Goals 4.5","Over/Under 4.5","Total Match Goals Over/Under 4.5 Goals","Over/Under 4.5 Goals",NA,"Under 4.5","Under","Over","Under 4.5","Under 4.5",NA,-714,-770,NA,-700,-850,NA,2023-09-15 15:04:21.021578
"135","2023-09-16T13:00:00Z","Czech Republic 1. Liga","Bohemians 1905-Banik Ostrava","Total Goals (4.5)","Total Goals 4.5","Over/Under 4.5","Total Match Goals Over/Under 4.5 Goals","Over/Under 4.5 Goals",NA,"Over 4.5","Over","Over","Over 4.5","Over 4.5",NA,380,440,400,410,420,NA,2023-09-15 15:04:21.021578
"136","2023-09-16T13:00:00Z","Czech Republic 1. Liga","Bohemians 1905-Banik Ostrava","Total Goals (4.5)","Total Goals 4.5","Over/Under 4.5","Total Match Goals Over/Under 4.5 Goals","Over/Under 4.5 Goals",NA,"Under 4.5","Under","Over","Under 4.5","Under 4.5",NA,-667,-715,NA,-625,-800,NA,2023-09-15 15:04:21.021578
"137","2023-09-16T13:00:00Z","Czech Republic 1. Liga","Olomouc-Ceske Budejovice","Total Goals (4.5)","Total Goals 4.5","Over/Under 4.5","Total Match Goals Over/Under 4.5 Goals","Over/Under 4.5 Goals",NA,"Over 4.5","Over","Over","Over 4.5","Over 4.5",NA,300,350,330,340,350,NA,2023-09-15 15:04:21.021578
"138","2023-09-16T13:00:00Z","Czech Republic 1. Liga","Olomouc-Ceske Budejovice","Total Goals (4.5)","Total Goals 4.5","Over/Under 4.5","Total Match Goals Over/Under 4.5 Goals","Over/Under 4.5 Goals",NA,"Under 4.5","Under","Over","Under 4.5","Under 4.5",NA,-476,-530,NA,-500,-600,NA,2023-09-15 15:04:21.021578
"139","2023-09-16T16:00:00Z","Czech Republic 1. Liga","Pardubice-Slavia Prague","Total Goals (5.5)","Total Goals 5.5","Over/Under 5.5","Total Match Goals Over/Under 5.5 Goals","Over/Under 5.5 Goals",NA,"Over 5.5","Over","Over","Over 5.5","Over 5.5",NA,575,650,600,600,580,NA,2023-09-15 15:04:21.021578
"140","2023-09-16T16:00:00Z","Czech Republic 1. Liga","Pardubice-Slavia Prague","Total Goals (5.5)","Total Goals 5.5","Over/Under 5.5","Total Match Goals Over/Under 5.5 Goals","Over/Under 5.5 Goals",NA,"Under 5.5","Under","Over","Under 5.5","Under 5.5",NA,-1111,-1115,NA,-1000,-1450,NA,2023-09-15 15:04:21.021578
"141","2023-09-16T13:00:00Z","Czech Republic 1. Liga","Mlada Boleslav-Hradec Kralove","Both Teams To Score","Both Teams To Score","Both Teams to Score","Both Teams To Score","Both Teams To Score","both teams to score","No","No","No","No","No","No",-105,-104,105,100,104,-100,2023-09-15 15:04:21.021578
"142","2023-09-16T13:00:00Z","Czech Republic 1. Liga","Mlada Boleslav-Hradec Kralove","Both Teams To Score","Both Teams To Score","Both Teams to Score","Both Teams To Score","Both Teams To Score","both teams to score","Yes","Yes","No","Yes","Yes","Yes",-133,-130,NA,-130,-132,-135,2023-09-15 15:04:21.021578
"143","2023-09-16T13:00:00Z","Czech Republic 1. Liga","Karvina-Teplice","Both Teams To Score","Both Teams To Score","Both Teams to Score","Both Teams To Score","Both Teams To Score","both teams to score","No","No","No","No","No","No",-100,112,115,105,112,105,2023-09-15 15:04:21.021578
"144","2023-09-16T13:00:00Z","Czech Republic 1. Liga","Karvina-Teplice","Both Teams To Score","Both Teams To Score","Both Teams to Score","Both Teams To Score","Both Teams To Score","both teams to score","Yes","Yes","Yes","Yes","Yes","Yes",-143,-152,-150,-135,-142,-145,2023-09-15 15:04:21.021578
"145","2023-09-16T13:00:00Z","Czech Republic 1. Liga","Bohemians 1905-Banik Ostrava","Both Teams To Score","Both Teams To Score","Both Teams to Score","Both Teams To Score","Both Teams To Score","both teams to score","No","No","No","No","No","No",120,128,140,115,130,128,2023-09-15 15:04:21.021578
"146","2023-09-16T13:00:00Z","Czech Republic 1. Liga","Bohemians 1905-Banik Ostrava","Both Teams To Score","Both Teams To Score","Both Teams to Score","Both Teams To Score","Both Teams To Score","both teams to score","Yes","Yes","No","Yes","Yes","Yes",-167,-175,NA,-145,-168,-180,2023-09-15 15:04:21.021578
"147","2023-09-16T13:00:00Z","Czech Republic 1. Liga","Olomouc-Ceske Budejovice","Both Teams To Score","Both Teams To Score","Both Teams to Score","Both Teams To Score","Both Teams To Score","both teams to score","No","No","No","No","No","No",105,110,110,-105,110,105,2023-09-15 15:04:21.021578
"148","2023-09-16T13:00:00Z","Czech Republic 1. Liga","Olomouc-Ceske Budejovice","Both Teams To Score","Both Teams To Score","Both Teams to Score","Both Teams To Score","Both Teams To Score","both teams to score","Yes","Yes","No","Yes","Yes","Yes",-147,-150,NA,-125,-140,-145,2023-09-15 15:04:21.021578
"149","2023-09-16T16:00:00Z","Czech Republic 1. Liga","Pardubice-Slavia Prague","Both Teams To Score","Both Teams To Score",NA,"Both Teams To Score","Both Teams To Score","both teams to score","No","No",NA,"No","No","No",-118,100,NA,-115,-100,-110,2023-09-15 15:04:21.021578
"150","2023-09-16T16:00:00Z","Czech Republic 1. Liga","Pardubice-Slavia Prague","Both Teams To Score","Both Teams To Score",NA,"Both Teams To Score","Both Teams To Score","both teams to score","Yes","Yes",NA,"Yes","Yes","Yes",-122,-136,NA,-115,-128,-125,2023-09-15 15:04:21.021578
"151","2023-09-16T13:00:00Z","Czech Republic 1. Liga","Mlada Boleslav-Hradec Kralove","1st Half Result","Half Time","Moneyline 1st Half","1st Half Betting","Half-Time Result","half-time result","Draw","Draw","Draw","Draw","Draw","Draw",120,138,125,108,120,125,2023-09-15 15:04:21.021578
"152","2023-09-16T13:00:00Z","Czech Republic 1. Liga","Mlada Boleslav-Hradec Kralove","1st Half Result","Half Time","Moneyline 1st Half","1st Half Betting","Half-Time Result","half-time result","Hradec Kralove","Hradec KrÃ¡lovÃ©","Hradec Kralove","Hradec Kralove","Hradec Kralove","Hradec Kralove",340,350,380,325,410,350,2023-09-15 15:04:21.021578
"153","2023-09-16T13:00:00Z","Czech Republic 1. Liga","Mlada Boleslav-Hradec Kralove","1st Half Result","Half Time","Moneyline 1st Half","1st Half Betting","Half-Time Result","half-time result","Mlada Boleslav","MladÃ¡ Boleslav","Hradec Kralove","Mlada Boleslav","Mlada Boleslav","Mlada Boleslav",125,120,NA,145,115,125,2023-09-15 15:04:21.021578
"154","2023-09-16T13:00:00Z","Czech Republic 1. Liga","Karvina-Teplice","1st Half Result","Half Time","Moneyline 1st Half","1st Half Betting","Half-Time Result","half-time result","Draw","Draw","MFK Karvina","Draw","Draw","Draw",110,118,NA,101,110,120,2023-09-15 15:04:21.021578
"155","2023-09-16T13:00:00Z","Czech Republic 1. Liga","Karvina-Teplice","1st Half Result","Half Time","Moneyline 1st Half","1st Half Betting","Half-Time Result","half-time result","Karvina","MFK KarvinÃ¡","MFK Karvina","Karvina","Karvina","Karvina",NA,170,175,190,180,170,2023-09-15 15:04:21.021578
"156","2023-09-16T13:00:00Z","Czech Republic 1. Liga","Karvina-Teplice","1st Half Result","Half Time","Moneyline 1st Half","1st Half Betting","Half-Time Result","half-time result","Teplice","Teplice","MFK Karvina","Teplice","Teplice","Teplice",260,275,NA,255,270,260,2023-09-15 15:04:21.021578
"157","2023-09-16T13:00:00Z","Czech Republic 1. Liga","Bohemians 1905-Banik Ostrava","1st Half Result","Half Time","Moneyline 1st Half","1st Half Betting","Half-Time Result","half-time result","Banik Ostrava","BanÃ­k Ostrava","Draw","Banik Ostrava","Banik Ostrava","Banik Ostrava",210,230,NA,245,230,220,2023-09-15 15:04:21.021578
"158","2023-09-16T13:00:00Z","Czech Republic 1. Liga","Bohemians 1905-Banik Ostrava","1st Half Result","Half Time","Moneyline 1st Half","1st Half Betting","Half-Time Result","half-time result","Bohemians 1905","Bohemians 1905","Draw","Bohemians 1905","Bohemians 1905","Bohemians 1905",187,185,NA,185,195,180,2023-09-15 15:04:21.021578
"159","2023-09-16T13:00:00Z","Czech Republic 1. Liga","Bohemians 1905-Banik Ostrava","1st Half Result","Half Time","Moneyline 1st Half","1st Half Betting","Half-Time Result","half-time result","Draw","Draw","Draw","Draw","Draw","Draw",120,130,125,106,115,125,2023-09-15 15:04:21.021578
"160","2023-09-16T13:00:00Z","Czech Republic 1. Liga","Olomouc-Ceske Budejovice","1st Half Result","Half Time","Moneyline 1st Half","1st Half Betting","Half-Time Result","half-time result","Ceske Budejovice","ÄeskÃ© BudÄjovice","Sigma Olomouc","Ceske Budejovice","Ceske Budejovice","Ceske Budejovice",400,430,NA,410,500,425,2023-09-15 15:04:21.021578
"161","2023-09-16T13:00:00Z","Czech Republic 1. Liga","Olomouc-Ceske Budejovice","1st Half Result","Half Time","Moneyline 1st Half","1st Half Betting","Half-Time Result","half-time result","Draw","Draw","Draw","Draw","Draw","Draw",137,155,145,125,140,140,2023-09-15 15:04:21.021578
"162","2023-09-16T13:00:00Z","Czech Republic 1. Liga","Olomouc-Ceske Budejovice","1st Half Result","Half Time","Moneyline 1st Half","1st Half Betting","Half-Time Result","half-time result","Olomouc","Olomouc","Sigma Olomouc","Olomouc","Olomouc","Olomouc",-100,-107,NA,107,-110,-100,2023-09-15 15:04:21.021578
"163","2023-09-16T16:00:00Z","Czech Republic 1. Liga","Pardubice-Slavia Prague","1st Half Result","Half Time","Moneyline 1st Half","1st Half Betting","Half-Time Result","half-time result","Draw","Draw","Draw","Draw","Draw","Draw",155,170,165,150,160,175,2023-09-15 15:04:21.021578
"164","2023-09-16T16:00:00Z","Czech Republic 1. Liga","Pardubice-Slavia Prague","1st Half Result","Half Time","Moneyline 1st Half","1st Half Betting","Half-Time Result","half-time result","Pardubice","Pardubice","Draw","Pardubice","Pardubice","Pardubice",550,600,NA,600,650,550,2023-09-15 15:04:21.021578
"165","2023-09-16T16:00:00Z","Czech Republic 1. Liga","Pardubice-Slavia Prague","1st Half Result","Half Time","Moneyline 1st Half","1st Half Betting","Half-Time Result","half-time result","Slavia Prague","Slavia Praha","Draw","Slavia Prague","Slavia Prague","Slavia Prague",-137,-143,NA,-140,-140,-145,2023-09-15 15:04:21.021578
"166","2023-09-16T13:00:00Z","Czech Republic 1. Liga","Mlada Boleslav-Hradec Kralove","Away Team - Total Goals (0.5)","Total Goals by Away Team 0.5","Away Team: Team Over/Under 0.5","Away Team Over/Under 0.5 Goals",NA,"away team total 0.5","Over 0.5","Over","Over","Over",NA,"Over 0.5",-213,-215,-220,-195,NA,-200,2023-09-15 15:04:21.021578
"167","2023-09-16T13:00:00Z","Czech Republic 1. Liga","Mlada Boleslav-Hradec Kralove","Away Team - Total Goals (0.5)","Total Goals by Away Team 0.5","Away Team: Team Over/Under 0.5","Away Team Over/Under 0.5 Goals",NA,"away team total 0.5","Under 0.5","Under","Under","Under",NA,"Under 0.5",145,150,155,155,NA,142,2023-09-15 15:04:21.021578
"168","2023-09-16T13:00:00Z","Czech Republic 1. Liga","Karvina-Teplice","Away Team - Total Goals (0.5)","Total Goals by Away Team 0.5","Away Team: Team Over/Under 0.5","Away Team Over/Under 0.5 Goals",NA,"away team total 0.5","Over 0.5","Over","Under","Over",NA,"Over 0.5",-278,-305,NA,-270,NA,-280,2023-09-15 15:04:21.021578
"169","2023-09-16T13:00:00Z","Czech Republic 1. Liga","Karvina-Teplice","Away Team - Total Goals (0.5)","Total Goals by Away Team 0.5","Away Team: Team Over/Under 0.5","Away Team Over/Under 0.5 Goals",NA,"away team total 0.5","Under 0.5","Under","Under","Under",NA,"Under 0.5",187,205,210,205,NA,190,2023-09-15 15:04:21.021578
"170","2023-09-16T13:00:00Z","Czech Republic 1. Liga","Bohemians 1905-Banik Ostrava","Away Team - Total Goals (0.5)","Total Goals by Away Team 0.5","Away Team: Team Over/Under 0.5","Away Team Over/Under 0.5 Goals",NA,"away team total 0.5","Over 0.5","Over","Over","Over",NA,"Over 0.5",-370,-400,-425,-310,NA,-375,2023-09-15 15:04:21.021578
"171","2023-09-16T13:00:00Z","Czech Republic 1. Liga","Bohemians 1905-Banik Ostrava","Away Team - Total Goals (0.5)","Total Goals by Away Team 0.5","Away Team: Team Over/Under 0.5","Away Team Over/Under 0.5 Goals",NA,"away team total 0.5","Under 0.5","Under","Over","Under",NA,"Under 0.5",240,260,NA,230,NA,245,2023-09-15 15:04:21.021578
"172","2023-09-16T13:00:00Z","Czech Republic 1. Liga","Olomouc-Ceske Budejovice","Away Team - Total Goals (0.5)","Total Goals by Away Team 0.5","Away Team: Team Over/Under 0.5","Away Team Over/Under 0.5 Goals",NA,"away team total 0.5","Over 0.5","Over","Over","Over",NA,"Over 0.5",-200,-210,-190,-180,NA,-195,2023-09-15 15:04:21.021578
"173","2023-09-16T13:00:00Z","Czech Republic 1. Liga","Olomouc-Ceske Budejovice","Away Team - Total Goals (0.5)","Total Goals by Away Team 0.5","Away Team: Team Over/Under 0.5","Away Team Over/Under 0.5 Goals",NA,"away team total 0.5","Under 0.5","Under","Over","Under",NA,"Under 0.5",140,148,NA,140,NA,138,2023-09-15 15:04:21.021578
"174","2023-09-16T13:00:00Z","Czech Republic 1. Liga","Mlada Boleslav-Hradec Kralove","Away Team - Total Goals (1.5)","Total Goals by Away Team 1.5","Away Team: Team Over/Under 1.5","Away Team Over/Under 1.5 Goals",NA,"away team total 1.5","Over 1.5","Over","Under","Over",NA,"Over 1.5",225,250,NA,225,NA,230,2023-09-15 15:04:21.021578
"175","2023-09-16T13:00:00Z","Czech Republic 1. Liga","Mlada Boleslav-Hradec Kralove","Away Team - Total Goals (1.5)","Total Goals by Away Team 1.5","Away Team: Team Over/Under 1.5","Away Team Over/Under 1.5 Goals",NA,"away team total 1.5","Under 1.5","Under","Under","Under",NA,"Under 1.5",-345,-375,-330,-300,NA,-350,2023-09-15 15:04:21.021578
"176","2023-09-16T13:00:00Z","Czech Republic 1. Liga","Karvina-Teplice","Away Team - Total Goals (1.5)","Total Goals by Away Team 1.5","Away Team: Team Over/Under 1.5","Away Team Over/Under 1.5 Goals",NA,"away team total 1.5","Over 1.5","Over","Over","Over",NA,"Over 1.5",165,180,170,165,NA,175,2023-09-15 15:04:21.021578
"177","2023-09-16T13:00:00Z","Czech Republic 1. Liga","Karvina-Teplice","Away Team - Total Goals (1.5)","Total Goals by Away Team 1.5","Away Team: Team Over/Under 1.5","Away Team Over/Under 1.5 Goals",NA,"away team total 1.5","Under 1.5","Under","Over","Under",NA,"Under 1.5",-244,-265,NA,-210,NA,-250,2023-09-15 15:04:21.021578
"178","2023-09-16T13:00:00Z","Czech Republic 1. Liga","Bohemians 1905-Banik Ostrava","Away Team - Total Goals (1.5)","Total Goals by Away Team 1.5","Away Team: Team Over/Under 1.5","Away Team Over/Under 1.5 Goals",NA,"away team total 1.5","Over 1.5","Over","Over","Over",NA,"Over 1.5",125,133,125,145,NA,128,2023-09-15 15:04:21.021578
"179","2023-09-16T13:00:00Z","Czech Republic 1. Liga","Bohemians 1905-Banik Ostrava","Away Team - Total Goals (1.5)","Total Goals by Away Team 1.5","Away Team: Team Over/Under 1.5","Away Team Over/Under 1.5 Goals",NA,"away team total 1.5","Under 1.5","Under","Under","Under",NA,"Under 1.5",-175,-182,-175,-185,NA,-180,2023-09-15 15:04:21.021578
"180","2023-09-16T13:00:00Z","Czech Republic 1. Liga","Olomouc-Ceske Budejovice","Away Team - Total Goals (1.5)","Total Goals by Away Team 1.5","Away Team: Team Over/Under 1.5","Away Team Over/Under 1.5 Goals",NA,"away team total 1.5","Over 1.5","Over","Under","Over",NA,"Over 1.5",240,260,NA,260,NA,245,2023-09-15 15:04:21.021578
"181","2023-09-16T13:00:00Z","Czech Republic 1. Liga","Olomouc-Ceske Budejovice","Away Team - Total Goals (1.5)","Total Goals by Away Team 1.5","Away Team: Team Over/Under 1.5","Away Team Over/Under 1.5 Goals",NA,"away team total 1.5","Under 1.5","Under","Under","Under",NA,"Under 1.5",-357,-400,-390,-350,NA,-375,2023-09-15 15:04:21.021578
"182","2023-09-16T13:00:00Z","Czech Republic 1. Liga","Mlada Boleslav-Hradec Kralove","Away Team - Total Goals (2.5)","Total Goals by Away Team 2.5","Away Team: Team Over/Under 2.5","Away Team Over/Under 2.5 Goals",NA,"away team total 2.5","Over 2.5","Over","Over","Over",NA,"Over 2.5",775,900,750,700,NA,675,2023-09-15 15:04:21.021578
"183","2023-09-16T13:00:00Z","Czech Republic 1. Liga","Mlada Boleslav-Hradec Kralove","Away Team - Total Goals (2.5)","Total Goals by Away Team 2.5","Away Team: Team Over/Under 2.5","Away Team Over/Under 2.5 Goals",NA,"away team total 2.5","Under 2.5","Under","Over","Under",NA,"Under 2.5",-1818,-2000,NA,-1400,NA,-2000,2023-09-15 15:04:21.021578
"184","2023-09-16T13:00:00Z","Czech Republic 1. Liga","Karvina-Teplice","Away Team - Total Goals (2.5)","Total Goals by Away Team 2.5","Away Team: Team Over/Under 2.5","Away Team Over/Under 2.5 Goals",NA,"away team total 2.5","Over 2.5","Over","Over","Over",NA,"Over 2.5",550,650,550,550,NA,550,2023-09-15 15:04:21.021578
"185","2023-09-16T13:00:00Z","Czech Republic 1. Liga","Karvina-Teplice","Away Team - Total Goals (2.5)","Total Goals by Away Team 2.5","Away Team: Team Over/Under 2.5","Away Team Over/Under 2.5 Goals",NA,"away team total 2.5","Under 2.5","Under","Under","Under",NA,"Under 2.5",-1111,-1250,-1200,-900,NA,-1250,2023-09-15 15:04:21.021578
"186","2023-09-16T13:00:00Z","Czech Republic 1. Liga","Bohemians 1905-Banik Ostrava","Away Team - Total Goals (2.5)","Total Goals by Away Team 2.5","Away Team: Team Over/Under 2.5","Away Team Over/Under 2.5 Goals",NA,"away team total 2.5","Over 2.5","Over","Under","Over",NA,"Over 2.5",400,450,NA,450,NA,410,2023-09-15 15:04:21.021578
"187","2023-09-16T13:00:00Z","Czech Republic 1. Liga","Bohemians 1905-Banik Ostrava","Away Team - Total Goals (2.5)","Total Goals by Away Team 2.5","Away Team: Team Over/Under 2.5","Away Team Over/Under 2.5 Goals",NA,"away team total 2.5","Under 2.5","Under","Under","Under",NA,"Under 2.5",-667,-770,-750,-700,NA,-750,2023-09-15 15:04:21.021578
"188","2023-09-16T16:00:00Z","Czech Republic 1. Liga","Pardubice-Slavia Prague","Away Team - Total Goals (2.5)","Total Goals by Away Team 2.5","Away Team: Team Over/Under 2.5","Away Team Over/Under 2.5 Goals",NA,"away team total 2.5","Over 2.5","Over","Under","Over",NA,"Over 2.5",105,108,NA,110,NA,108,2023-09-15 15:04:21.021578
"189","2023-09-16T16:00:00Z","Czech Republic 1. Liga","Pardubice-Slavia Prague","Away Team - Total Goals (2.5)","Total Goals by Away Team 2.5","Away Team: Team Over/Under 2.5","Away Team Over/Under 2.5 Goals",NA,"away team total 2.5","Under 2.5","Under","Under","Under",NA,"Under 2.5",-152,-150,-150,-140,NA,-150,2023-09-15 15:04:21.021578
"190","2023-09-16T13:00:00Z","Czech Republic 1. Liga","Mlada Boleslav-Hradec Kralove","Home Team - Total Goals (1.5)","Total Goals by Home Team 1.5","Home Team: Team Over/Under 1.5","Home Team Over/Under 1.5 Goals",NA,"home team total 1.5","Over 1.5","Over","Under","Over",NA,"Over 1.5",-133,-139,NA,-120,NA,-140,2023-09-15 15:04:21.021578
"191","2023-09-16T13:00:00Z","Czech Republic 1. Liga","Mlada Boleslav-Hradec Kralove","Home Team - Total Goals (1.5)","Total Goals by Home Team 1.5","Home Team: Team Over/Under 1.5","Home Team Over/Under 1.5 Goals",NA,"home team total 1.5","Under 1.5","Under","Under","Under",NA,"Under 1.5",-105,102,100,-110,NA,-100,2023-09-15 15:04:21.021578
"192","2023-09-16T13:00:00Z","Czech Republic 1. Liga","Karvina-Teplice","Home Team - Total Goals (1.5)","Total Goals by Home Team 1.5","Home Team: Team Over/Under 1.5","Home Team Over/Under 1.5 Goals",NA,"home team total 1.5","Over 1.5","Over","Under","Over",NA,"Over 1.5",-100,102,NA,105,NA,106,2023-09-15 15:04:21.021578
"193","2023-09-16T13:00:00Z","Czech Republic 1. Liga","Karvina-Teplice","Home Team - Total Goals (1.5)","Total Goals by Home Team 1.5","Home Team: Team Over/Under 1.5","Home Team Over/Under 1.5 Goals",NA,"home team total 1.5","Under 1.5","Under","Under","Under",NA,"Under 1.5",-143,-139,-145,-135,NA,-150,2023-09-15 15:04:21.021578
"194","2023-09-16T13:00:00Z","Czech Republic 1. Liga","Bohemians 1905-Banik Ostrava","Home Team - Total Goals (1.5)","Total Goals by Home Team 1.5","Home Team: Team Over/Under 1.5","Home Team Over/Under 1.5 Goals",NA,"home team total 1.5","Over 1.5","Over","Under","Over",NA,"Over 1.5",110,105,NA,115,NA,106,2023-09-15 15:04:21.021578
"195","2023-09-16T13:00:00Z","Czech Republic 1. Liga","Bohemians 1905-Banik Ostrava","Home Team - Total Goals (1.5)","Total Goals by Home Team 1.5","Home Team: Team Over/Under 1.5","Home Team Over/Under 1.5 Goals",NA,"home team total 1.5","Under 1.5","Under","Under","Under",NA,"Under 1.5",-154,-143,-140,-145,NA,-150,2023-09-15 15:04:21.021578
"196","2023-09-16T13:00:00Z","Czech Republic 1. Liga","Olomouc-Ceske Budejovice","Home Team - Total Goals (1.5)","Total Goals by Home Team 1.5","Home Team: Team Over/Under 1.5","Home Team Over/Under 1.5 Goals",NA,"home team total 1.5","Over 1.5","Over","Under","Over",NA,"Over 1.5",-200,-215,NA,-175,NA,-200,2023-09-15 15:04:21.021578
"197","2023-09-16T13:00:00Z","Czech Republic 1. Liga","Olomouc-Ceske Budejovice","Home Team - Total Goals (1.5)","Total Goals by Home Team 1.5","Home Team: Team Over/Under 1.5","Home Team Over/Under 1.5 Goals",NA,"home team total 1.5","Under 1.5","Under","Under","Under",NA,"Under 1.5",140,155,150,135,NA,140,2023-09-15 15:04:21.021578
"198","2023-09-16T13:00:00Z","Czech Republic 1. Liga","Olomouc-Ceske Budejovice","Away Team - Total Goals (0.5) - 1st Half","Away Team Total Goals 0.5 - 1st Half","Away Team: Team Over/Under - 1st Half 0.5","1st Half Away Team Over/Under 0.5 Goals",NA,"away team total 1st half 0.5","Over 0.5","Over","Over","Over",NA,"Over 0.5",155,155,170,165,NA,160,2023-09-15 15:04:21.021578
"199","2023-09-16T13:00:00Z","Czech Republic 1. Liga","Olomouc-Ceske Budejovice","Away Team - Total Goals (0.5) - 1st Half","Away Team Total Goals 0.5 - 1st Half","Away Team: Team Over/Under - 1st Half 0.5","1st Half Away Team Over/Under 0.5 Goals",NA,"away team total 1st half 0.5","Under 0.5","Under","Over","Under",NA,"Under 0.5",-227,-265,NA,-210,NA,-230,2023-09-15 15:04:21.021578
"200","2023-09-16T13:00:00Z","Czech Republic 1. Liga","Mlada Boleslav-Hradec Kralove","Home Team - Total Goals (0.5) - 1st Half","Home Team Total Goals 0.5 - 1st Half","Home Team: Team Over/Under - 1st Half 0.5","1st Half Home Team Over/Under 0.5 Goals",NA,"home team total 1st half 0.5","Over 0.5","Over","Under","Over",NA,"Over 0.5",-141,-162,NA,-120,NA,-145,2023-09-15 15:04:21.021578
"201","2023-09-16T13:00:00Z","Czech Republic 1. Liga","Mlada Boleslav-Hradec Kralove","Home Team - Total Goals (0.5) - 1st Half","Home Team Total Goals 0.5 - 1st Half","Home Team: Team Over/Under - 1st Half 0.5","1st Half Home Team Over/Under 0.5 Goals",NA,"home team total 1st half 0.5","Under 0.5","Under","Under","Under",NA,"Under 0.5",-100,102,110,-110,NA,105,2023-09-15 15:04:21.021578
"202","2023-09-16T13:00:00Z","Czech Republic 1. Liga","Karvina-Teplice","Home Team - Total Goals (0.5) - 1st Half","Home Team Total Goals 0.5 - 1st Half","Home Team: Team Over/Under - 1st Half 0.5","1st Half Home Team Over/Under 0.5 Goals",NA,"home team total 1st half 0.5","Over 0.5","Over","Over","Over",NA,"Over 0.5",-111,-124,-105,105,NA,-110,2023-09-15 15:04:21.021578
"203","2023-09-16T13:00:00Z","Czech Republic 1. Liga","Karvina-Teplice","Home Team - Total Goals (0.5) - 1st Half","Home Team Total Goals 0.5 - 1st Half","Home Team: Team Over/Under - 1st Half 0.5","1st Half Home Team Over/Under 0.5 Goals",NA,"home team total 1st half 0.5","Under 0.5","Under","Over","Under",NA,"Under 0.5",-128,-127,NA,-135,NA,-125,2023-09-15 15:04:21.021578
"204","2023-09-16T13:00:00Z","Czech Republic 1. Liga","Bohemians 1905-Banik Ostrava","Home Team - Total Goals (0.5) - 1st Half","Home Team Total Goals 0.5 - 1st Half","Home Team: Team Over/Under - 1st Half 0.5","1st Half Home Team Over/Under 0.5 Goals",NA,"home team total 1st half 0.5","Over 0.5","Over","Under","Over",NA,"Over 0.5",-111,-122,NA,100,NA,-115,2023-09-15 15:04:21.021578
"205","2023-09-16T13:00:00Z","Czech Republic 1. Liga","Bohemians 1905-Banik Ostrava","Home Team - Total Goals (0.5) - 1st Half","Home Team Total Goals 0.5 - 1st Half","Home Team: Team Over/Under - 1st Half 0.5","1st Half Home Team Over/Under 0.5 Goals",NA,"home team total 1st half 0.5","Under 0.5","Under","Under","Under",NA,"Under 0.5",-128,-129,-120,-130,NA,-120,2023-09-15 15:04:21.021578
