"","Time","League","Matchup","MGM Market Name","BetRivers Market Name","Draftkings Market Name","Caesars Market Name","Fanduel Market Name","PointsBet Market Name","MGM Selection Name","BetRivers Selection Name","Draftkings Selection Name","Caesars Selection Name","Fanduel Selection","PointsBet Selection","MGM Odds","BetRivers Odds","Draftkings Odds","Caesars Odds","Fanduel Odds","PointsBet Odds"
"1","2023-07-30T18:00:00Z","Argentina Liga Profesional de Futbol","Lanus-Barracas Central","1st Half - Total Goals (0.5)","Total Goals - 1st Half 0.5","Over/Under - 1st Half 0.5","1st Half Over/Under 0.5 Goals","1st Half Over/Under 0.5 Goals",NA,"Over 0.5","Over","Over","Over 0.5","Over 0.5",NA,-182,-186,-185,-170,-190,NA
"2","2023-07-30T18:00:00Z","Argentina Liga Profesional de Futbol","Lanus-Barracas Central","1st Half - Total Goals (0.5)","Total Goals - 1st Half 0.5","Over/Under - 1st Half 0.5","1st Half Over/Under 0.5 Goals","1st Half Over/Under 0.5 Goals",NA,"Under 0.5","Under","Under","Under 0.5","Under 0.5",NA,130,135,135,130,148,NA
"3","2023-07-30T18:00:00Z","Argentina Liga Profesional de Futbol","Arsenal Sarandi-Colon","1st Half - Total Goals (0.5)","Total Goals - 1st Half 0.5","Over/Under - 1st Half 0.5","1st Half Over/Under 0.5 Goals","1st Half Over/Under 0.5 Goals",NA,"Over 0.5","Over","Over","Over 0.5","Over 0.5",NA,-175,-180,-175,-150,-168,NA
"4","2023-07-30T18:00:00Z","Argentina Liga Profesional de Futbol","Arsenal Sarandi-Colon","1st Half - Total Goals (0.5)","Total Goals - 1st Half 0.5","Over/Under - 1st Half 0.5","1st Half Over/Under 0.5 Goals","1st Half Over/Under 0.5 Goals",NA,"Under 0.5","Under","Under","Under 0.5","Under 0.5",NA,125,130,130,120,132,NA
"5","2023-07-30T20:30:00Z","Argentina Liga Profesional de Futbol","Gimnasia LP-Platense","1st Half - Total Goals (0.5)","Total Goals - 1st Half 0.5","Over/Under - 1st Half 0.5","1st Half Over/Under 0.5 Goals","1st Half Over/Under 0.5 Goals",NA,"Over 0.5","Over","Over","Over 0.5","Over 0.5",NA,-167,-175,-165,-145,-168,NA
"6","2023-07-30T20:30:00Z","Argentina Liga Profesional de Futbol","Gimnasia LP-Platense","1st Half - Total Goals (0.5)","Total Goals - 1st Half 0.5","Over/Under - 1st Half 0.5","1st Half Over/Under 0.5 Goals","1st Half Over/Under 0.5 Goals",NA,"Under 0.5","Under","Under","Under 0.5","Under 0.5",NA,115,125,120,115,132,NA
"7","2023-07-30T20:30:00Z","Argentina Liga Profesional de Futbol","Huracan-Velez Sarsfield","1st Half - Total Goals (0.5)","Total Goals - 1st Half 0.5","Over/Under - 1st Half 0.5","1st Half Over/Under 0.5 Goals","1st Half Over/Under 0.5 Goals",NA,"Over 0.5","Over","Over","Over 0.5","Over 0.5",NA,-152,-148,-145,-130,-148,NA
"8","2023-07-30T20:30:00Z","Argentina Liga Profesional de Futbol","Huracan-Velez Sarsfield","1st Half - Total Goals (0.5)","Total Goals - 1st Half 0.5","Over/Under - 1st Half 0.5","1st Half Over/Under 0.5 Goals","1st Half Over/Under 0.5 Goals",NA,"Under 0.5","Under","Under","Under 0.5","Under 0.5",NA,105,108,105,100,116,NA
"9","2023-07-30T23:00:00Z","Argentina Liga Profesional de Futbol","Godoy Cruz-Instituto","1st Half - Total Goals (0.5)","Total Goals - 1st Half 0.5","Over/Under - 1st Half 0.5","1st Half Over/Under 0.5 Goals","1st Half Over/Under 0.5 Goals",NA,"Over 0.5","Over","Over","Over 0.5","Over 0.5",NA,-182,-190,-180,-170,-176,NA
"10","2023-07-30T23:00:00Z","Argentina Liga Profesional de Futbol","Godoy Cruz-Instituto","1st Half - Total Goals (0.5)","Total Goals - 1st Half 0.5","Over/Under - 1st Half 0.5","1st Half Over/Under 0.5 Goals","1st Half Over/Under 0.5 Goals",NA,"Under 0.5","Under","Under","Under 0.5","Under 0.5",NA,125,138,130,130,138,NA
"11","2023-07-30T18:00:00Z","Argentina Liga Profesional de Futbol","Lanus-Barracas Central","1st Half - Total Goals (1.5)","Total Goals - 1st Half 1.5","Over/Under - 1st Half 1.5","1st Half Over/Under 1.5 Goals","1st Half Over/Under 1.5 Goals",NA,"Over 1.5","Over","Over","Over 1.5","Over 1.5",NA,240,285,260,240,270,NA
"12","2023-07-30T18:00:00Z","Argentina Liga Profesional de Futbol","Lanus-Barracas Central","1st Half - Total Goals (1.5)","Total Goals - 1st Half 1.5","Over/Under - 1st Half 1.5","1st Half Over/Under 1.5 Goals","1st Half Over/Under 1.5 Goals",NA,"Under 1.5","Under","Under","Under 1.5","Under 1.5",NA,-370,-435,-390,-340,-380,NA
"13","2023-07-30T18:00:00Z","Argentina Liga Profesional de Futbol","Arsenal Sarandi-Colon","1st Half - Total Goals (1.5)","Total Goals - 1st Half 1.5","Over/Under - 1st Half 1.5","1st Half Over/Under 1.5 Goals","1st Half Over/Under 1.5 Goals",NA,"Over 1.5","Over","Over","Over 1.5","Over 1.5",NA,260,295,280,280,310,NA
"14","2023-07-30T18:00:00Z","Argentina Liga Profesional de Futbol","Arsenal Sarandi-Colon","1st Half - Total Goals (1.5)","Total Goals - 1st Half 1.5","Over/Under - 1st Half 1.5","1st Half Over/Under 1.5 Goals","1st Half Over/Under 1.5 Goals",NA,"Under 1.5","Under","Under","Under 1.5","Under 1.5",NA,-400,-455,-425,-400,-450,NA
"15","2023-07-30T20:30:00Z","Argentina Liga Profesional de Futbol","Gimnasia LP-Platense","1st Half - Total Goals (1.5)","Total Goals - 1st Half 1.5","Over/Under - 1st Half 1.5","1st Half Over/Under 1.5 Goals","1st Half Over/Under 1.5 Goals",NA,"Over 1.5","Over","Over","Over 1.5","Over 1.5",NA,280,310,290,280,300,NA
"16","2023-07-30T20:30:00Z","Argentina Liga Profesional de Futbol","Gimnasia LP-Platense","1st Half - Total Goals (1.5)","Total Goals - 1st Half 1.5","Over/Under - 1st Half 1.5","1st Half Over/Under 1.5 Goals","1st Half Over/Under 1.5 Goals",NA,"Under 1.5","Under","Under","Under 1.5","Under 1.5",NA,-435,-480,-450,-400,-450,NA
"17","2023-07-30T20:30:00Z","Argentina Liga Profesional de Futbol","Huracan-Velez Sarsfield","1st Half - Total Goals (1.5)","Total Goals - 1st Half 1.5","Over/Under - 1st Half 1.5","1st Half Over/Under 1.5 Goals","1st Half Over/Under 1.5 Goals",NA,"Over 1.5","Over","Over","Over 1.5","Over 1.5",NA,310,360,340,320,350,NA
"18","2023-07-30T20:30:00Z","Argentina Liga Profesional de Futbol","Huracan-Velez Sarsfield","1st Half - Total Goals (1.5)","Total Goals - 1st Half 1.5","Over/Under - 1st Half 1.5","1st Half Over/Under 1.5 Goals","1st Half Over/Under 1.5 Goals",NA,"Under 1.5","Under","Under","Under 1.5","Under 1.5",NA,-500,-590,-550,-500,-550,NA
"19","2023-07-30T23:00:00Z","Argentina Liga Profesional de Futbol","Godoy Cruz-Instituto","1st Half - Total Goals (1.5)","Total Goals - 1st Half 1.5","Over/Under - 1st Half 1.5","1st Half Over/Under 1.5 Goals","1st Half Over/Under 1.5 Goals",NA,"Over 1.5","Over","Over","Over 1.5","Over 1.5",NA,250,285,265,260,290,NA
"20","2023-07-30T23:00:00Z","Argentina Liga Profesional de Futbol","Godoy Cruz-Instituto","1st Half - Total Goals (1.5)","Total Goals - 1st Half 1.5","Over/Under - 1st Half 1.5","1st Half Over/Under 1.5 Goals","1st Half Over/Under 1.5 Goals",NA,"Under 1.5","Under","Under","Under 1.5","Under 1.5",NA,-385,-435,-400,-380,-410,NA
"21","2023-07-30T18:00:00Z","Argentina Liga Profesional de Futbol","Lanus-Barracas Central","1st Half - Total Goals (2.5)","Total Goals - 1st Half 2.5","Over/Under - 1st Half 2.5","1st Half Over/Under 2.5 Goals","1st Half Over/Under 2.5 Goals",NA,"Over 2.5","Over","Over","Over 2.5","Over 2.5",NA,875,1100,850,800,1080,NA
"22","2023-07-30T18:00:00Z","Argentina Liga Profesional de Futbol","Lanus-Barracas Central","1st Half - Total Goals (2.5)","Total Goals - 1st Half 2.5","Over/Under - 1st Half 2.5","1st Half Over/Under 2.5 Goals","1st Half Over/Under 2.5 Goals",NA,"Under 2.5","Under","Under","Under 2.5","Under 2.5",NA,-2222,-3335,-3500,-2000,-2000,NA
"23","2023-07-30T18:00:00Z","Argentina Liga Profesional de Futbol","Arsenal Sarandi-Colon","1st Half - Total Goals (2.5)","Total Goals - 1st Half 2.5","Over/Under - 1st Half 2.5","1st Half Over/Under 2.5 Goals","1st Half Over/Under 2.5 Goals",NA,"Over 2.5","Over","Over","Over 2.5","Over 2.5",NA,950,1150,900,900,1300,NA
"24","2023-07-30T18:00:00Z","Argentina Liga Profesional de Futbol","Arsenal Sarandi-Colon","1st Half - Total Goals (2.5)","Total Goals - 1st Half 2.5","Over/Under - 1st Half 2.5","1st Half Over/Under 2.5 Goals","1st Half Over/Under 2.5 Goals",NA,"Under 2.5","Under","Under","Under 2.5","Under 2.5",NA,-2500,-3335,-4000,-2500,-3000,NA
"25","2023-07-30T20:30:00Z","Argentina Liga Profesional de Futbol","Gimnasia LP-Platense","1st Half - Total Goals (2.5)","Total Goals - 1st Half 2.5","Over/Under - 1st Half 2.5","1st Half Over/Under 2.5 Goals","1st Half Over/Under 2.5 Goals",NA,"Over 2.5","Over","Over","Over 2.5","Over 2.5",NA,1050,1200,1000,900,1280,NA
"26","2023-07-30T20:30:00Z","Argentina Liga Profesional de Futbol","Gimnasia LP-Platense","1st Half - Total Goals (2.5)","Total Goals - 1st Half 2.5","Over/Under - 1st Half 2.5","1st Half Over/Under 2.5 Goals","1st Half Over/Under 2.5 Goals",NA,"Under 2.5","Under","Under","Under 2.5","Under 2.5",NA,-2857,-3335,-6000,-2500,-3000,NA
"27","2023-07-30T20:30:00Z","Argentina Liga Profesional de Futbol","Huracan-Velez Sarsfield","1st Half - Total Goals (2.5)","Total Goals - 1st Half 2.5","Over/Under - 1st Half 2.5","1st Half Over/Under 2.5 Goals","1st Half Over/Under 2.5 Goals",NA,"Over 2.5","Over","Over","Over 2.5","Over 2.5",NA,1150,1500,1100,1000,1460,NA
"28","2023-07-30T20:30:00Z","Argentina Liga Profesional de Futbol","Huracan-Velez Sarsfield","1st Half - Total Goals (2.5)","Total Goals - 1st Half 2.5","Over/Under - 1st Half 2.5","1st Half Over/Under 2.5 Goals","1st Half Over/Under 2.5 Goals",NA,"Under 2.5","Under","Under","Under 2.5","Under 2.5",NA,-4000,-10000,-20000,-3500,-3500,NA
"29","2023-07-30T23:00:00Z","Argentina Liga Profesional de Futbol","Godoy Cruz-Instituto","1st Half - Total Goals (2.5)","Total Goals - 1st Half 2.5","Over/Under - 1st Half 2.5","1st Half Over/Under 2.5 Goals","1st Half Over/Under 2.5 Goals",NA,"Over 2.5","Over","Over","Over 2.5","Over 2.5",NA,900,1100,900,800,1180,NA
"30","2023-07-30T23:00:00Z","Argentina Liga Profesional de Futbol","Godoy Cruz-Instituto","1st Half - Total Goals (2.5)","Total Goals - 1st Half 2.5","Over/Under - 1st Half 2.5","1st Half Over/Under 2.5 Goals","1st Half Over/Under 2.5 Goals",NA,"Under 2.5","Under","Under","Under 2.5","Under 2.5",NA,-2500,-3335,-4000,-2000,-2400,NA
"31","2023-07-30T18:00:00Z","Argentina Liga Profesional de Futbol","Lanus-Barracas Central","Correct Score","Correct Score","Correct Score","Correct Score","Correct Score",NA,"Any other score","Lanus","Lanus","Barracas Central 1-0","Lanus",NA,NA,460,NA,NA,NA,NA
"32","2023-07-30T18:00:00Z","Argentina Liga Profesional de Futbol","Lanus-Barracas Central","Correct Score","Correct Score","Correct Score","Correct Score","Correct Score",NA,"Barracas Central","Barracas Central","Barracas Central","Barracas Central 1-0","Barracas Central",NA,800,750,650,750,900,NA
"33","2023-07-30T18:00:00Z","Argentina Liga Profesional de Futbol","Lanus-Barracas Central","Correct Score","Correct Score","Correct Score","Correct Score","Correct Score",NA,"Draw 0-0","Draw 0-0","Draw 0-0","Draw 0-0","Draw 0-0",NA,525,575,550,525,600,NA
"34","2023-07-30T18:00:00Z","Argentina Liga Profesional de Futbol","Lanus-Barracas Central","Correct Score","Correct Score","Correct Score","Correct Score","Correct Score",NA,"Draw 1-1","Draw 1-1","Draw 1-1","Draw 1-1","Draw 1-1",NA,550,510,400,490,500,NA
"35","2023-07-30T18:00:00Z","Argentina Liga Profesional de Futbol","Lanus-Barracas Central","Correct Score","Correct Score","Correct Score","Correct Score","Correct Score",NA,"Draw 2-2","Draw 2-2","Draw 2-2","Draw 2-2","Draw 2-2",NA,1750,1700,1400,1900,1800,NA
"36","2023-07-30T18:00:00Z","Argentina Liga Profesional de Futbol","Lanus-Barracas Central","Correct Score","Correct Score","Correct Score","Correct Score","Correct Score",NA,"Draw 3-3","Draw 3-3","Draw 3-3","Draw 3-3","Draw 3-3",NA,7000,10000,6000,8000,10000,NA
"37","2023-07-30T18:00:00Z","Argentina Liga Profesional de Futbol","Lanus-Barracas Central","Correct Score","Correct Score","Correct Score","Correct Score","Correct Score",NA,"Draw 4-4","Draw 0-0","Draw 0-0","Draw 4-4","Draw 4-4",NA,20000,575,550,15000,25000,NA
"38","2023-07-30T18:00:00Z","Argentina Liga Profesional de Futbol","Lanus-Barracas Central","Correct Score","Correct Score","Correct Score","Correct Score","Correct Score",NA,"Lanus","Lanus","Lanus","Lanus 1-0","Lanus",NA,475,460,330,400,500,NA
"39","2023-07-30T18:00:00Z","Argentina Liga Profesional de Futbol","Arsenal Sarandi-Colon","Correct Score","Correct Score","Correct Score","Correct Score","Correct Score",NA,"Any other score","Arsenal Sarandi","Arsenal Sarandi","Arsenal Sarandi 1-0","Arsenal Sarandi",NA,NA,600,NA,NA,NA,NA
"40","2023-07-30T18:00:00Z","Argentina Liga Profesional de Futbol","Arsenal Sarandi-Colon","Correct Score","Correct Score","Correct Score","Correct Score","Correct Score",NA,"Arsenal Sarandi","Arsenal Sarandi","Arsenal Sarandi","Arsenal Sarandi 1-0","Arsenal Sarandi",NA,575,600,450,500,600,NA
"41","2023-07-30T18:00:00Z","Argentina Liga Profesional de Futbol","Arsenal Sarandi-Colon","Correct Score","Correct Score","Correct Score","Correct Score","Correct Score",NA,"Colon","Colon","Colon","Colon 1-0","Colon",NA,575,550,450,525,600,NA
"42","2023-07-30T18:00:00Z","Argentina Liga Profesional de Futbol","Arsenal Sarandi-Colon","Correct Score","Correct Score","Correct Score","Correct Score","Correct Score",NA,"Draw 0-0","Draw 0-0","Draw 0-0","Draw 0-0","Draw 0-0",NA,500,525,500,475,500,NA
"43","2023-07-30T18:00:00Z","Argentina Liga Profesional de Futbol","Arsenal Sarandi-Colon","Correct Score","Correct Score","Correct Score","Correct Score","Correct Score",NA,"Draw 1-1","Draw 1-1","Draw 1-1","Draw 1-1","Draw 1-1",NA,500,480,370,450,500,NA
"44","2023-07-30T18:00:00Z","Argentina Liga Profesional de Futbol","Arsenal Sarandi-Colon","Correct Score","Correct Score","Correct Score","Correct Score","Correct Score",NA,"Draw 2-2","Draw 2-2","Draw 2-2","Draw 2-2","Draw 2-2",NA,1650,1600,1400,1900,1900,NA
"45","2023-07-30T18:00:00Z","Argentina Liga Profesional de Futbol","Arsenal Sarandi-Colon","Correct Score","Correct Score","Correct Score","Correct Score","Correct Score",NA,"Draw 3-3","Draw 3-3","Draw 3-3","Draw 3-3","Draw 3-3",NA,6600,9000,5500,8000,11000,NA
"46","2023-07-30T18:00:00Z","Argentina Liga Profesional de Futbol","Arsenal Sarandi-Colon","Correct Score","Correct Score","Correct Score","Correct Score","Correct Score",NA,"Draw 4-4","Draw 0-0","Draw 0-0","Draw 4-4","Draw 4-4",NA,20000,525,500,15000,25000,NA
"47","2023-07-30T20:30:00Z","Argentina Liga Profesional de Futbol","Gimnasia LP-Platense","Correct Score","Correct Score","Correct Score","Correct Score","Correct Score",NA,"Any other score","Platense","Platense","Gimnasia LP 1-0","Platense",NA,NA,650,NA,NA,NA,NA
"48","2023-07-30T20:30:00Z","Argentina Liga Profesional de Futbol","Gimnasia LP-Platense","Correct Score","Correct Score","Correct Score","Correct Score","Correct Score",NA,"Draw 0-0","Draw 0-0","Draw 0-0","Draw 0-0","Draw 0-0",NA,500,510,475,470,500,NA
"49","2023-07-30T20:30:00Z","Argentina Liga Profesional de Futbol","Gimnasia LP-Platense","Correct Score","Correct Score","Correct Score","Correct Score","Correct Score",NA,"Draw 1-1","Draw 1-1","Draw 1-1","Draw 1-1","Draw 1-1",NA,525,500,370,460,500,NA
"50","2023-07-30T20:30:00Z","Argentina Liga Profesional de Futbol","Gimnasia LP-Platense","Correct Score","Correct Score","Correct Score","Correct Score","Correct Score",NA,"Draw 2-2","Draw 2-2","Draw 2-2","Draw 2-2","Draw 2-2",NA,1800,1700,1400,1900,1900,NA
"51","2023-07-30T20:30:00Z","Argentina Liga Profesional de Futbol","Gimnasia LP-Platense","Correct Score","Correct Score","Correct Score","Correct Score","Correct Score",NA,"Draw 3-3","Draw 3-3","Draw 3-3","Draw 3-3","Draw 3-3",NA,7000,10000,6000,8000,12000,NA
"52","2023-07-30T20:30:00Z","Argentina Liga Profesional de Futbol","Gimnasia LP-Platense","Correct Score","Correct Score","Correct Score","Correct Score","Correct Score",NA,"Draw 4-4","Draw 0-0","Draw 0-0","Draw 4-4","Draw 4-4",NA,22500,510,475,15000,25000,NA
"53","2023-07-30T20:30:00Z","Argentina Liga Profesional de Futbol","Gimnasia LP-Platense","Correct Score","Correct Score","Correct Score","Correct Score","Correct Score",NA,"Gimnasia LP","Gimnasia LP","Gimnasia LP","Gimnasia LP 1-0","Gimnasia LP",NA,500,475,380,460,500,NA
"54","2023-07-30T20:30:00Z","Argentina Liga Profesional de Futbol","Gimnasia LP-Platense","Correct Score","Correct Score","Correct Score","Correct Score","Correct Score",NA,"Platense","Platense","Platense","Platense 1-0","Platense",NA,625,650,500,550,700,NA
"55","2023-07-30T20:30:00Z","Argentina Liga Profesional de Futbol","Huracan-Velez Sarsfield","Correct Score","Correct Score","Correct Score","Correct Score","Correct Score",NA,"Any other score","Velez Sarsfield","Velez Sarsfield","Velez Sarsfield 1-0","Velez Sarsfield",NA,NA,550,NA,NA,NA,NA
"56","2023-07-30T20:30:00Z","Argentina Liga Profesional de Futbol","Huracan-Velez Sarsfield","Correct Score","Correct Score","Correct Score","Correct Score","Correct Score",NA,"Draw 0-0","Draw 0-0","Draw 0-0","Draw 0-0","Draw 0-0",NA,400,420,390,400,440,NA
"57","2023-07-30T20:30:00Z","Argentina Liga Profesional de Futbol","Huracan-Velez Sarsfield","Correct Score","Correct Score","Correct Score","Correct Score","Correct Score",NA,"Draw 1-1","Draw 1-1","Draw 1-1","Draw 1-1","Draw 1-1",NA,525,500,360,470,500,NA
"58","2023-07-30T20:30:00Z","Argentina Liga Profesional de Futbol","Huracan-Velez Sarsfield","Correct Score","Correct Score","Correct Score","Correct Score","Correct Score",NA,"Draw 2-2","Draw 2-2","Draw 2-2","Draw 2-2","Draw 2-2",NA,2000,2000,1500,2200,2200,NA
"59","2023-07-30T20:30:00Z","Argentina Liga Profesional de Futbol","Huracan-Velez Sarsfield","Correct Score","Correct Score","Correct Score","Correct Score","Correct Score",NA,"Draw 3-3","Draw 3-3","Draw 3-3","Draw 3-3","Draw 3-3",NA,8000,13000,6500,9000,13000,NA
"60","2023-07-30T20:30:00Z","Argentina Liga Profesional de Futbol","Huracan-Velez Sarsfield","Correct Score","Correct Score","Correct Score","Correct Score","Correct Score",NA,"Draw 4-4","Draw 0-0","Draw 0-0","Draw 4-4","Draw 4-4",NA,25000,420,390,12500,25000,NA
"61","2023-07-30T20:30:00Z","Argentina Liga Profesional de Futbol","Huracan-Velez Sarsfield","Correct Score","Correct Score","Correct Score","Correct Score","Correct Score",NA,"Huracan","Huracan","Huracan","Huracan 1-0","Huracan",NA,475,460,370,440,500,NA
"62","2023-07-30T20:30:00Z","Argentina Liga Profesional de Futbol","Huracan-Velez Sarsfield","Correct Score","Correct Score","Correct Score","Correct Score","Correct Score",NA,"Velez Sarsfield","Velez Sarsfield","Velez Sarsfield","Velez Sarsfield 1-0","Velez Sarsfield",NA,550,550,425,490,600,NA
"63","2023-07-30T23:00:00Z","Argentina Liga Profesional de Futbol","Godoy Cruz-Instituto","Correct Score","Correct Score","Correct Score","Correct Score","Correct Score",NA,"Any other score","Godoy Cruz","Godoy Cruz","Godoy Cruz 1-0","Godoy Cruz",NA,NA,500,NA,NA,NA,NA
"64","2023-07-30T23:00:00Z","Argentina Liga Profesional de Futbol","Godoy Cruz-Instituto","Correct Score","Correct Score","Correct Score","Correct Score","Correct Score",NA,"Draw 0-0","Draw 0-0","Draw 0-0","Draw 0-0","Draw 0-0",NA,525,575,500,480,550,NA
"65","2023-07-30T23:00:00Z","Argentina Liga Profesional de Futbol","Godoy Cruz-Instituto","Correct Score","Correct Score","Correct Score","Correct Score","Correct Score",NA,"Draw 1-1","Draw 1-1","Draw 1-1","Draw 1-1","Draw 1-1",NA,525,500,400,475,500,NA
"66","2023-07-30T23:00:00Z","Argentina Liga Profesional de Futbol","Godoy Cruz-Instituto","Correct Score","Correct Score","Correct Score","Correct Score","Correct Score",NA,"Draw 2-2","Draw 2-2","Draw 2-2","Draw 2-2","Draw 2-2",NA,1650,1700,1400,2000,1800,NA
"67","2023-07-30T23:00:00Z","Argentina Liga Profesional de Futbol","Godoy Cruz-Instituto","Correct Score","Correct Score","Correct Score","Correct Score","Correct Score",NA,"Draw 3-3","Draw 3-3","Draw 3-3","Draw 3-3","Draw 3-3",NA,6600,9000,6500,9000,10000,NA
"68","2023-07-30T23:00:00Z","Argentina Liga Profesional de Futbol","Godoy Cruz-Instituto","Correct Score","Correct Score","Correct Score","Correct Score","Correct Score",NA,"Draw 4-4","Draw 0-0","Draw 0-0","Draw 4-4","Draw 4-4",NA,20000,575,500,15000,25000,NA
"69","2023-07-30T23:00:00Z","Argentina Liga Profesional de Futbol","Godoy Cruz-Instituto","Correct Score","Correct Score","Correct Score","Correct Score","Correct Score",NA,"Godoy Cruz","Godoy Cruz","Godoy Cruz","Godoy Cruz 1-0","Godoy Cruz",NA,525,500,380,450,550,NA
"70","2023-07-30T23:00:00Z","Argentina Liga Profesional de Futbol","Godoy Cruz-Instituto","Correct Score","Correct Score","Correct Score","Correct Score","Correct Score",NA,"Instituto","Instituto","Instituto","Instituto 1-0","Instituto",NA,650,700,550,550,700,NA
"71","2023-07-30T18:00:00Z","Argentina Liga Profesional de Futbol","Lanus-Barracas Central","Double Chance","Double Chance","Double Chance","Double Chance","Double Chance",NA,"Barracas Central","Barracas Central","Barracas Central","Barracas Central Or Draw","Barracas Central",NA,-128,-125,-130,-128,-140,NA
"72","2023-07-30T18:00:00Z","Argentina Liga Profesional de Futbol","Lanus-Barracas Central","Double Chance","Double Chance","Double Chance","Double Chance","Double Chance",NA,"Lanus","Lanus","Lanus","Lanus Or Draw","Lanus",NA,-476,-420,-450,NA,-460,NA
"73","2023-07-30T18:00:00Z","Argentina Liga Profesional de Futbol","Arsenal Sarandi-Colon","Double Chance","Double Chance","Double Chance","Double Chance","Double Chance",NA,"Arsenal Sarandi","Arsenal Sarandi","Arsenal Sarandi","Arsenal Sarandi Or Draw","Arsenal Sarandi",NA,-238,-215,-250,-235,-240,NA
"74","2023-07-30T18:00:00Z","Argentina Liga Profesional de Futbol","Arsenal Sarandi-Colon","Double Chance","Double Chance","Double Chance","Double Chance","Double Chance",NA,"Colon","Colon","Colon","Colon Or Draw","Colon",NA,-238,-240,-245,NA,-250,NA
"75","2023-07-30T20:30:00Z","Argentina Liga Profesional de Futbol","Gimnasia LP-Platense","Double Chance","Double Chance","Double Chance","Double Chance","Double Chance",NA,"Gimnasia LP","Gimnasia LP","Gimnasia LP","Gimnasia LP Or Draw","Gimnasia LP",NA,-312,-335,-330,-335,-340,NA
"76","2023-07-30T20:30:00Z","Argentina Liga Profesional de Futbol","Gimnasia LP-Platense","Double Chance","Double Chance","Double Chance","Double Chance","Double Chance",NA,"Platense","Platense","Platense","Platense Or Draw","Platense",NA,-182,-155,-175,-180,-185,NA
"77","2023-07-30T20:30:00Z","Argentina Liga Profesional de Futbol","Huracan-Velez Sarsfield","Double Chance","Double Chance","Double Chance","Double Chance","Double Chance",NA,"Huracan","Huracan","Huracan","Huracan Or Draw","Huracan",NA,-294,-278,-295,-280,-300,NA
"78","2023-07-30T20:30:00Z","Argentina Liga Profesional de Futbol","Huracan-Velez Sarsfield","Double Chance","Double Chance","Double Chance","Double Chance","Double Chance",NA,"Velez Sarsfield","Velez Sarsfield","Velez Sarsfield","Velez Sarsfield Or Draw","Velez Sarsfield",NA,-213,-200,-220,-225,-220,NA
"79","2023-07-30T23:00:00Z","Argentina Liga Profesional de Futbol","Godoy Cruz-Instituto","Double Chance","Double Chance","Double Chance","Double Chance","Double Chance",NA,"Godoy Cruz","Godoy Cruz","Godoy Cruz","Godoy Cruz Or Draw","Godoy Cruz",NA,-312,-315,-320,-310,-320,NA
"80","2023-07-30T23:00:00Z","Argentina Liga Profesional de Futbol","Godoy Cruz-Instituto","Double Chance","Double Chance","Double Chance","Double Chance","Double Chance",NA,"Instituto","Instituto","Instituto","Instituto Or Draw","Instituto",NA,-175,-157,-170,-180,-185,NA
"81","2023-07-30T18:00:00Z","Argentina Liga Profesional de Futbol","Lanus-Barracas Central","Draw No Bet","Tie No Bet","Tie No Bet","Draw No Bet","Tie No Bet",NA,"Barracas Central","Barracas Central","Barracas Central","Barracas Central","Barracas Central",NA,187,195,190,175,195,NA
"82","2023-07-30T18:00:00Z","Argentina Liga Profesional de Futbol","Lanus-Barracas Central","Draw No Bet","Tie No Bet","Tie No Bet","Draw No Bet","Tie No Bet",NA,"Lanus","Lanus","Lanus","Lanus","Lanus",NA,-278,-240,-245,-240,-260,NA
"83","2023-07-30T18:00:00Z","Argentina Liga Profesional de Futbol","Arsenal Sarandi-Colon","Draw No Bet","Tie No Bet","Tie No Bet","Draw No Bet","Tie No Bet",NA,"Arsenal Sarandi","Arsenal Sarandi","Arsenal Sarandi","Arsenal Sarandi","Arsenal Sarandi",NA,-118,-103,-110,-115,-110,NA
"84","2023-07-30T18:00:00Z","Argentina Liga Profesional de Futbol","Arsenal Sarandi-Colon","Draw No Bet","Tie No Bet","Tie No Bet","Draw No Bet","Tie No Bet",NA,"Colon","Colon","Colon","Colon","Colon",NA,-120,-118,-115,-115,-115,NA
"85","2023-07-30T20:30:00Z","Argentina Liga Profesional de Futbol","Gimnasia LP-Platense","Draw No Bet","Tie No Bet","Tie No Bet","Draw No Bet","Tie No Bet",NA,"Gimnasia LP","Gimnasia LP","Gimnasia LP","Gimnasia LP","Gimnasia LP",NA,-167,-180,-165,-170,-170,NA
"86","2023-07-30T20:30:00Z","Argentina Liga Profesional de Futbol","Gimnasia LP-Platense","Draw No Bet","Tie No Bet","Tie No Bet","Draw No Bet","Tie No Bet",NA,"Platense","Platense","Platense","Platense","Platense",NA,115,150,135,130,135,NA
"87","2023-07-30T20:30:00Z","Argentina Liga Profesional de Futbol","Huracan-Velez Sarsfield","Draw No Bet","Tie No Bet","Tie No Bet","Draw No Bet","Tie No Bet",NA,"Huracan","Huracan","Huracan","Huracan","Huracan",NA,-147,-136,-140,-140,-140,NA
"88","2023-07-30T20:30:00Z","Argentina Liga Profesional de Futbol","Huracan-Velez Sarsfield","Draw No Bet","Tie No Bet","Tie No Bet","Draw No Bet","Tie No Bet",NA,"Velez Sarsfield","Velez Sarsfield","Velez Sarsfield","Velez Sarsfield","Velez Sarsfield",NA,105,114,110,110,110,NA
"89","2023-07-30T23:00:00Z","Argentina Liga Profesional de Futbol","Godoy Cruz-Instituto","Draw No Bet","Tie No Bet","Tie No Bet","Draw No Bet","Tie No Bet",NA,"Godoy Cruz","Godoy Cruz","Godoy Cruz","Godoy Cruz","Godoy Cruz",NA,-172,-175,-165,-145,-165,NA
"90","2023-07-30T23:00:00Z","Argentina Liga Profesional de Futbol","Godoy Cruz-Instituto","Draw No Bet","Tie No Bet","Tie No Bet","Draw No Bet","Tie No Bet",NA,"Instituto","Instituto","Instituto","Instituto","Instituto",NA,120,143,135,115,130,NA
"91","2023-07-30T18:00:00Z","Argentina Liga Profesional de Futbol","Lanus-Barracas Central","Match Result","Regular Time","Moneyline","90 Minutes","Moneyline",NA,"Barracas Central","Barracas Central","Barracas Central","Barracas Central","Barracas Central",NA,320,320,320,300,320,NA
"92","2023-07-30T18:00:00Z","Argentina Liga Profesional de Futbol","Lanus-Barracas Central","Match Result","Regular Time","Moneyline","90 Minutes","Moneyline",NA,"Draw","Draw","Draw","Draw","Draw",NA,200,205,205,200,185,NA
"93","2023-07-30T18:00:00Z","Argentina Liga Profesional de Futbol","Lanus-Barracas Central","Match Result","Regular Time","Moneyline","90 Minutes","Moneyline",NA,"Lanus","Lanus","Lanus","Lanus","Lanus",NA,-102,105,105,102,-100,NA
"94","2023-07-30T18:00:00Z","Argentina Liga Profesional de Futbol","Arsenal Sarandi-Colon","Match Result","Regular Time","Moneyline","90 Minutes","Moneyline",NA,"Arsenal Sarandi","Arsenal Sarandi","Arsenal Sarandi","Arsenal Sarandi","Arsenal Sarandi",NA,175,195,185,185,180,NA
"95","2023-07-30T18:00:00Z","Argentina Liga Profesional de Futbol","Arsenal Sarandi-Colon","Match Result","Regular Time","Moneyline","90 Minutes","Moneyline",NA,"Colon","Colon","Colon","Colon","Colon",NA,175,175,180,165,170,NA
"96","2023-07-30T18:00:00Z","Argentina Liga Profesional de Futbol","Arsenal Sarandi-Colon","Match Result","Regular Time","Moneyline","90 Minutes","Moneyline",NA,"Draw","Draw","Draw","Draw","Draw",NA,187,188,190,185,175,NA
"97","2023-07-30T20:30:00Z","Argentina Liga Profesional de Futbol","Gimnasia LP-Platense","Match Result","Regular Time","Moneyline","90 Minutes","Moneyline",NA,"Draw","Draw","Draw","Draw","Draw",NA,190,195,190,180,175,NA
"98","2023-07-30T20:30:00Z","Argentina Liga Profesional de Futbol","Gimnasia LP-Platense","Match Result","Regular Time","Moneyline","90 Minutes","Moneyline",NA,"Gimnasia LP","Gimnasia LP","Gimnasia LP","Gimnasia LP","Gimnasia LP",NA,137,130,135,135,130,NA
"99","2023-07-30T20:30:00Z","Argentina Liga Profesional de Futbol","Gimnasia LP-Platense","Match Result","Regular Time","Moneyline","90 Minutes","Moneyline",NA,"Platense","Platense","Platense","Platense","Platense",NA,225,265,250,240,240,NA
"100","2023-07-30T20:30:00Z","Argentina Liga Profesional de Futbol","Huracan-Velez Sarsfield","Match Result","Regular Time","Moneyline","90 Minutes","Moneyline",NA,"Draw","Draw","Draw","Draw","Draw",NA,170,175,170,160,165,NA
"101","2023-07-30T20:30:00Z","Argentina Liga Profesional de Futbol","Huracan-Velez Sarsfield","Match Result","Regular Time","Moneyline","90 Minutes","Moneyline",NA,"Huracan","Huracan","Huracan","Huracan","Huracan",NA,160,165,165,165,155,NA
"102","2023-07-30T20:30:00Z","Argentina Liga Profesional de Futbol","Huracan-Velez Sarsfield","Match Result","Regular Time","Moneyline","90 Minutes","Moneyline",NA,"Velez Sarsfield","Velez Sarsfield","Velez Sarsfield","Velez Sarsfield","Velez Sarsfield",NA,210,225,225,215,210,NA
"103","2023-07-30T23:00:00Z","Argentina Liga Profesional de Futbol","Godoy Cruz-Instituto","Match Result","Regular Time","Moneyline","90 Minutes","Moneyline",NA,"Draw","Draw","Draw","Draw","Draw",NA,195,205,200,185,180,NA
"104","2023-07-30T23:00:00Z","Argentina Liga Profesional de Futbol","Godoy Cruz-Instituto","Match Result","Regular Time","Moneyline","90 Minutes","Moneyline",NA,"Godoy Cruz","Godoy Cruz","Godoy Cruz","Godoy Cruz","Godoy Cruz",NA,130,130,135,145,130,NA
"105","2023-07-30T23:00:00Z","Argentina Liga Profesional de Futbol","Godoy Cruz-Instituto","Match Result","Regular Time","Moneyline","90 Minutes","Moneyline",NA,"Instituto","Instituto","Instituto","Instituto","Instituto",NA,225,245,240,215,230,NA
"106","2023-07-30T18:00:00Z","Argentina Liga Profesional de Futbol","Lanus-Barracas Central","Total Goals (0.5)","Total Goals 0.5","Over/Under 0.5","Total Match Goals Over/Under 0.5 Goals","Over/Under 0.5 Goals",NA,"Over 0.5","Over","Over","Over 0.5","Over 0.5",NA,-909,-910,-1200,-900,-1100,NA
"107","2023-07-30T18:00:00Z","Argentina Liga Profesional de Futbol","Lanus-Barracas Central","Total Goals (0.5)","Total Goals 0.5","Over/Under 0.5","Total Match Goals Over/Under 0.5 Goals","Over/Under 0.5 Goals",NA,"Under 0.5","Under","Under","Under 0.5","Under 0.5",NA,500,575,600,500,500,NA
"108","2023-07-30T18:00:00Z","Argentina Liga Profesional de Futbol","Arsenal Sarandi-Colon","Total Goals (0.5)","Total Goals 0.5","Over/Under 0.5","Total Match Goals Over/Under 0.5 Goals","Over/Under 0.5 Goals",NA,"Over 0.5","Over","Over","Over 0.5","Over 0.5",NA,-833,-835,-1100,-800,-950,NA
"109","2023-07-30T18:00:00Z","Argentina Liga Profesional de Futbol","Arsenal Sarandi-Colon","Total Goals (0.5)","Total Goals 0.5","Over/Under 0.5","Total Match Goals Over/Under 0.5 Goals","Over/Under 0.5 Goals",NA,"Under 0.5","Under","Under","Under 0.5","Under 0.5",NA,475,540,600,450,460,NA
"110","2023-07-30T20:30:00Z","Argentina Liga Profesional de Futbol","Gimnasia LP-Platense","Total Goals (0.5)","Total Goals 0.5","Over/Under 0.5","Total Match Goals Over/Under 0.5 Goals","Over/Under 0.5 Goals",NA,"Over 0.5","Over","Over","Over 0.5","Over 0.5",NA,-833,-835,-1000,-800,-950,NA
"111","2023-07-30T20:30:00Z","Argentina Liga Profesional de Futbol","Gimnasia LP-Platense","Total Goals (0.5)","Total Goals 0.5","Over/Under 0.5","Total Match Goals Over/Under 0.5 Goals","Over/Under 0.5 Goals",NA,"Under 0.5","Under","Under","Under 0.5","Under 0.5",NA,450,525,550,450,470,NA
"112","2023-07-30T20:30:00Z","Argentina Liga Profesional de Futbol","Huracan-Velez Sarsfield","Total Goals (0.5)","Total Goals 0.5","Over/Under 0.5","Total Match Goals Over/Under 0.5 Goals","Over/Under 0.5 Goals",NA,"Over 0.5","Over","Over","Over 0.5","Over 0.5",NA,-667,-625,-750,-600,-750,NA
"113","2023-07-30T20:30:00Z","Argentina Liga Profesional de Futbol","Huracan-Velez Sarsfield","Total Goals (0.5)","Total Goals 0.5","Over/Under 0.5","Total Match Goals Over/Under 0.5 Goals","Over/Under 0.5 Goals",NA,"Under 0.5","Under","Under","Under 0.5","Under 0.5",NA,380,420,450,380,400,NA
"114","2023-07-30T23:00:00Z","Argentina Liga Profesional de Futbol","Godoy Cruz-Instituto","Total Goals (0.5)","Total Goals 0.5","Over/Under 0.5","Total Match Goals Over/Under 0.5 Goals","Over/Under 0.5 Goals",NA,"Over 0.5","Over","Over","Over 0.5","Over 0.5",NA,-909,-910,-1100,-800,-1000,NA
"115","2023-07-30T23:00:00Z","Argentina Liga Profesional de Futbol","Godoy Cruz-Instituto","Total Goals (0.5)","Total Goals 0.5","Over/Under 0.5","Total Match Goals Over/Under 0.5 Goals","Over/Under 0.5 Goals",NA,"Under 0.5","Under","Under","Under 0.5","Under 0.5",NA,500,575,600,450,480,NA
"116","2023-07-30T18:00:00Z","Argentina Liga Profesional de Futbol","Lanus-Barracas Central","Total Goals (1.5)","Total Goals 1.5","Over/Under 1.5","Total Match Goals Over/Under 1.5 Goals","Over/Under 1.5 Goals",NA,"Over 1.5","Over","Over","Over 1.5","Over 1.5",NA,-204,-190,-195,-200,-215,NA
"117","2023-07-30T18:00:00Z","Argentina Liga Profesional de Futbol","Lanus-Barracas Central","Total Goals (1.5)","Total Goals 1.5","Over/Under 1.5","Total Match Goals Over/Under 1.5 Goals","Over/Under 1.5 Goals",NA,"Under 1.5","Under","Under","Under 1.5","Under 1.5",NA,140,150,150,150,150,NA
"118","2023-07-30T18:00:00Z","Argentina Liga Profesional de Futbol","Arsenal Sarandi-Colon","Total Goals (1.5)","Total Goals 1.5","Over/Under 1.5","Total Match Goals Over/Under 1.5 Goals","Over/Under 1.5 Goals",NA,"Over 1.5","Over","Over","Over 1.5","Over 1.5",NA,-189,-182,-190,-180,-182,NA
"119","2023-07-30T18:00:00Z","Argentina Liga Profesional de Futbol","Arsenal Sarandi-Colon","Total Goals (1.5)","Total Goals 1.5","Over/Under 1.5","Total Match Goals Over/Under 1.5 Goals","Over/Under 1.5 Goals",NA,"Under 1.5","Under","Under","Under 1.5","Under 1.5",NA,130,145,145,135,132,NA
"120","2023-07-30T20:30:00Z","Argentina Liga Profesional de Futbol","Gimnasia LP-Platense","Total Goals (1.5)","Total Goals 1.5","Over/Under 1.5","Total Match Goals Over/Under 1.5 Goals","Over/Under 1.5 Goals",NA,"Over 1.5","Over","Over","Over 1.5","Over 1.5",NA,-175,-175,-175,-170,-182,NA
"121","2023-07-30T20:30:00Z","Argentina Liga Profesional de Futbol","Gimnasia LP-Platense","Total Goals (1.5)","Total Goals 1.5","Over/Under 1.5","Total Match Goals Over/Under 1.5 Goals","Over/Under 1.5 Goals",NA,"Under 1.5","Under","Under","Under 1.5","Under 1.5",NA,125,138,135,130,132,NA
"122","2023-07-30T20:30:00Z","Argentina Liga Profesional de Futbol","Huracan-Velez Sarsfield","Total Goals (1.5)","Total Goals 1.5","Over/Under 1.5","Total Match Goals Over/Under 1.5 Goals","Over/Under 1.5 Goals",NA,"Over 1.5","Over","Over","Over 1.5","Over 1.5",NA,-147,-137,-145,-145,-148,NA
"123","2023-07-30T20:30:00Z","Argentina Liga Profesional de Futbol","Huracan-Velez Sarsfield","Total Goals (1.5)","Total Goals 1.5","Over/Under 1.5","Total Match Goals Over/Under 1.5 Goals","Over/Under 1.5 Goals",NA,"Under 1.5","Under","Under","Under 1.5","Under 1.5",NA,105,110,110,115,104,NA
"124","2023-07-30T23:00:00Z","Argentina Liga Profesional de Futbol","Godoy Cruz-Instituto","Total Goals (1.5)","Total Goals 1.5","Over/Under 1.5","Total Match Goals Over/Under 1.5 Goals","Over/Under 1.5 Goals",NA,"Over 1.5","Over","Over","Over 1.5","Over 1.5",NA,-196,-190,-190,-180,-200,NA
"125","2023-07-30T23:00:00Z","Argentina Liga Profesional de Futbol","Godoy Cruz-Instituto","Total Goals (1.5)","Total Goals 1.5","Over/Under 1.5","Total Match Goals Over/Under 1.5 Goals","Over/Under 1.5 Goals",NA,"Under 1.5","Under","Under","Under 1.5","Under 1.5",NA,137,150,145,135,142,NA
"126","2023-07-30T18:00:00Z","Argentina Liga Profesional de Futbol","Lanus-Barracas Central","Total Goals (2.5)","Total Goals 2.5","Over/Under 2.5","Total Match Goals Over/Under 2.5 Goals","Over/Under 2.5 Goals",NA,"Over 2.5","Over","Over","Over 2.5","Over 2.5",NA,145,165,160,160,134,NA
"127","2023-07-30T18:00:00Z","Argentina Liga Profesional de Futbol","Lanus-Barracas Central","Total Goals (2.5)","Total Goals 2.5","Over/Under 2.5","Total Match Goals Over/Under 2.5 Goals","Over/Under 2.5 Goals",NA,"Under 2.5","Under","Under","Under 2.5","Under 2.5",NA,-213,-210,-210,-210,-190,NA
"128","2023-07-30T18:00:00Z","Argentina Liga Profesional de Futbol","Arsenal Sarandi-Colon","Total Goals (2.5)","Total Goals 2.5","Over/Under 2.5","Total Match Goals Over/Under 2.5 Goals","Over/Under 2.5 Goals",NA,"Over 2.5","Over","Over","Over 2.5","Over 2.5",NA,155,170,170,165,160,NA
"129","2023-07-30T18:00:00Z","Argentina Liga Profesional de Futbol","Arsenal Sarandi-Colon","Total Goals (2.5)","Total Goals 2.5","Over/Under 2.5","Total Match Goals Over/Under 2.5 Goals","Over/Under 2.5 Goals",NA,"Under 2.5","Under","Under","Under 2.5","Under 2.5",NA,-227,-220,-225,-220,-230,NA
"130","2023-07-30T20:30:00Z","Argentina Liga Profesional de Futbol","Gimnasia LP-Platense","Total Goals (2.5)","Total Goals 2.5","Over/Under 2.5","Total Match Goals Over/Under 2.5 Goals","Over/Under 2.5 Goals",NA,"Over 2.5","Over","Over","Over 2.5","Over 2.5",NA,165,185,175,175,158,NA
"131","2023-07-30T20:30:00Z","Argentina Liga Profesional de Futbol","Gimnasia LP-Platense","Total Goals (2.5)","Total Goals 2.5","Over/Under 2.5","Total Match Goals Over/Under 2.5 Goals","Over/Under 2.5 Goals",NA,"Under 2.5","Under","Under","Under 2.5","Under 2.5",NA,-244,-235,-235,-240,-230,NA
"132","2023-07-30T20:30:00Z","Argentina Liga Profesional de Futbol","Huracan-Velez Sarsfield","Total Goals (2.5)","Total Goals 2.5","Over/Under 2.5","Total Match Goals Over/Under 2.5 Goals","Over/Under 2.5 Goals",NA,"Over 2.5","Over","Over","Over 2.5","Over 2.5",NA,200,230,215,210,200,NA
"133","2023-07-30T20:30:00Z","Argentina Liga Profesional de Futbol","Huracan-Velez Sarsfield","Total Goals (2.5)","Total Goals 2.5","Over/Under 2.5","Total Match Goals Over/Under 2.5 Goals","Over/Under 2.5 Goals",NA,"Under 2.5","Under","Under","Under 2.5","Under 2.5",NA,-303,-305,-295,-300,-290,NA
"134","2023-07-30T23:00:00Z","Argentina Liga Profesional de Futbol","Godoy Cruz-Instituto","Total Goals (2.5)","Total Goals 2.5","Over/Under 2.5","Total Match Goals Over/Under 2.5 Goals","Over/Under 2.5 Goals",NA,"Over 2.5","Over","Over","Over 2.5","Over 2.5",NA,150,165,160,165,148,NA
"135","2023-07-30T23:00:00Z","Argentina Liga Profesional de Futbol","Godoy Cruz-Instituto","Total Goals (2.5)","Total Goals 2.5","Over/Under 2.5","Total Match Goals Over/Under 2.5 Goals","Over/Under 2.5 Goals",NA,"Under 2.5","Under","Under","Under 2.5","Under 2.5",NA,-217,-210,-215,-220,-215,NA
"136","2023-07-30T18:00:00Z","Argentina Liga Profesional de Futbol","Lanus-Barracas Central","Total Goals (3.5)","Total Goals 3.5","Over/Under 3.5","Total Match Goals Over/Under 3.5 Goals","Over/Under 3.5 Goals",NA,"Over 3.5","Over","Over","Over 3.5","Over 3.5",NA,360,450,400,380,370,NA
"137","2023-07-30T18:00:00Z","Argentina Liga Profesional de Futbol","Lanus-Barracas Central","Total Goals (3.5)","Total Goals 3.5","Over/Under 3.5","Total Match Goals Over/Under 3.5 Goals","Over/Under 3.5 Goals",NA,"Under 3.5","Under","Under","Under 3.5","Under 3.5",NA,-625,-670,-650,-600,-650,NA
"138","2023-07-30T18:00:00Z","Argentina Liga Profesional de Futbol","Arsenal Sarandi-Colon","Total Goals (3.5)","Total Goals 3.5","Over/Under 3.5","Total Match Goals Over/Under 3.5 Goals","Over/Under 3.5 Goals",NA,"Over 3.5","Over","Over","Over 3.5","Over 3.5",NA,400,450,425,400,420,NA
"139","2023-07-30T18:00:00Z","Argentina Liga Profesional de Futbol","Arsenal Sarandi-Colon","Total Goals (3.5)","Total Goals 3.5","Over/Under 3.5","Total Match Goals Over/Under 3.5 Goals","Over/Under 3.5 Goals",NA,"Under 3.5","Under","Under","Under 3.5","Under 3.5",NA,-667,-670,-700,-700,-800,NA
"140","2023-07-30T20:30:00Z","Argentina Liga Profesional de Futbol","Gimnasia LP-Platense","Total Goals (3.5)","Total Goals 3.5","Over/Under 3.5","Total Match Goals Over/Under 3.5 Goals","Over/Under 3.5 Goals",NA,"Over 3.5","Over","Over","Over 3.5","Over 3.5",NA,425,500,450,400,420,NA
"141","2023-07-30T20:30:00Z","Argentina Liga Profesional de Futbol","Gimnasia LP-Platense","Total Goals (3.5)","Total Goals 3.5","Over/Under 3.5","Total Match Goals Over/Under 3.5 Goals","Over/Under 3.5 Goals",NA,"Under 3.5","Under","Under","Under 3.5","Under 3.5",NA,-769,-770,-750,-700,-800,NA
"142","2023-07-30T20:30:00Z","Argentina Liga Profesional de Futbol","Huracan-Velez Sarsfield","Total Goals (3.5)","Total Goals 3.5","Over/Under 3.5","Total Match Goals Over/Under 3.5 Goals","Over/Under 3.5 Goals",NA,"Over 3.5","Over","Over","Over 3.5","Over 3.5",NA,525,650,550,500,480,NA
"143","2023-07-30T20:30:00Z","Argentina Liga Profesional de Futbol","Huracan-Velez Sarsfield","Total Goals (3.5)","Total Goals 3.5","Over/Under 3.5","Total Match Goals Over/Under 3.5 Goals","Over/Under 3.5 Goals",NA,"Under 3.5","Under","Under","Under 3.5","Under 3.5",NA,-1000,-1115,-1100,-900,-1100,NA
"144","2023-07-30T23:00:00Z","Argentina Liga Profesional de Futbol","Godoy Cruz-Instituto","Total Goals (3.5)","Total Goals 3.5","Over/Under 3.5","Total Match Goals Over/Under 3.5 Goals","Over/Under 3.5 Goals",NA,"Over 3.5","Over","Over","Over 3.5","Over 3.5",NA,380,440,425,400,390,NA
"145","2023-07-30T23:00:00Z","Argentina Liga Profesional de Futbol","Godoy Cruz-Instituto","Total Goals (3.5)","Total Goals 3.5","Over/Under 3.5","Total Match Goals Over/Under 3.5 Goals","Over/Under 3.5 Goals",NA,"Under 3.5","Under","Under","Under 3.5","Under 3.5",NA,-667,-670,-700,-700,-700,NA
"146","2023-07-30T18:00:00Z","Argentina Liga Profesional de Futbol","Lanus-Barracas Central","Total Goals (4.5)","Total Goals 4.5","Over/Under 4.5","Total Match Goals Over/Under 4.5 Goals","Over/Under 4.5 Goals",NA,"Over 4.5","Over","Over","Over 4.5","Over 4.5",NA,875,1150,1000,800,670,NA
"147","2023-07-30T18:00:00Z","Argentina Liga Profesional de Futbol","Lanus-Barracas Central","Total Goals (4.5)","Total Goals 4.5","Over/Under 4.5","Total Match Goals Over/Under 4.5 Goals","Over/Under 4.5 Goals",NA,"Under 4.5","Under","Under","Under 4.5","Under 4.5",NA,-2222,-3335,-3500,-2000,-2000,NA
"148","2023-07-30T18:00:00Z","Argentina Liga Profesional de Futbol","Arsenal Sarandi-Colon","Total Goals (4.5)","Total Goals 4.5","Over/Under 4.5","Total Match Goals Over/Under 4.5 Goals","Over/Under 4.5 Goals",NA,"Over 4.5","Over","Over","Over 4.5","Over 4.5",NA,1000,1200,1000,900,800,NA
"149","2023-07-30T18:00:00Z","Argentina Liga Profesional de Futbol","Arsenal Sarandi-Colon","Total Goals (4.5)","Total Goals 4.5","Over/Under 4.5","Total Match Goals Over/Under 4.5 Goals","Over/Under 4.5 Goals",NA,"Under 4.5","Under","Under","Under 4.5","Under 4.5",NA,-2857,-3335,-3500,-2500,-3000,NA
"150","2023-07-30T20:30:00Z","Argentina Liga Profesional de Futbol","Gimnasia LP-Platense","Total Goals (4.5)","Total Goals 4.5","Over/Under 4.5","Total Match Goals Over/Under 4.5 Goals","Over/Under 4.5 Goals",NA,"Over 4.5","Over","Over","Over 4.5","Over 4.5",NA,1050,1300,1100,1000,790,NA
"151","2023-07-30T20:30:00Z","Argentina Liga Profesional de Futbol","Gimnasia LP-Platense","Total Goals (4.5)","Total Goals 4.5","Over/Under 4.5","Total Match Goals Over/Under 4.5 Goals","Over/Under 4.5 Goals",NA,"Under 4.5","Under","Under","Under 4.5","Under 4.5",NA,-3333,-5000,-5000,-3500,-3000,NA
"152","2023-07-30T20:30:00Z","Argentina Liga Profesional de Futbol","Huracan-Velez Sarsfield","Total Goals (4.5)","Total Goals 4.5","Over/Under 4.5","Total Match Goals Over/Under 4.5 Goals","Over/Under 4.5 Goals",NA,"Over 4.5","Over","Over","Over 4.5","Over 4.5",NA,1350,1700,1300,1100,870,NA
"153","2023-07-30T20:30:00Z","Argentina Liga Profesional de Futbol","Huracan-Velez Sarsfield","Total Goals (4.5)","Total Goals 4.5","Over/Under 4.5","Total Match Goals Over/Under 4.5 Goals","Over/Under 4.5 Goals",NA,"Under 4.5","Under","Under","Under 4.5","Under 4.5",NA,-5000,NA,-10000,-5000,-3500,NA
"154","2023-07-30T23:00:00Z","Argentina Liga Profesional de Futbol","Godoy Cruz-Instituto","Total Goals (4.5)","Total Goals 4.5","Over/Under 4.5","Total Match Goals Over/Under 4.5 Goals","Over/Under 4.5 Goals",NA,"Over 4.5","Over","Over","Over 4.5","Over 4.5",NA,950,1150,1000,900,750,NA
"155","2023-07-30T23:00:00Z","Argentina Liga Profesional de Futbol","Godoy Cruz-Instituto","Total Goals (4.5)","Total Goals 4.5","Over/Under 4.5","Total Match Goals Over/Under 4.5 Goals","Over/Under 4.5 Goals",NA,"Under 4.5","Under","Under","Under 4.5","Under 4.5",NA,-2500,-3335,-4000,-2500,-2400,NA
"156","2023-07-30T18:00:00Z","Argentina Liga Profesional de Futbol","Lanus-Barracas Central","Win Both Halves","Win Both Halves","Team to Win in Both Halves","Win Both Halves","To Win Both Halves",NA,"Barracas Central","Barracas Central","Barracas Central","Barracas Central","Barracas Central",NA,1600,1800,2000,1500,1600,NA
"157","2023-07-30T18:00:00Z","Argentina Liga Profesional de Futbol","Lanus-Barracas Central","Win Both Halves","Win Both Halves","Team to Win in Both Halves","Win Both Halves","To Win Both Halves",NA,"Lanus","Lanus","Lanus","Lanus","Lanus",NA,500,600,650,500,640,NA
"158","2023-07-30T18:00:00Z","Argentina Liga Profesional de Futbol","Lanus-Barracas Central","Win Both Halves","Win Both Halves","Team to Win in Both Halves","Win Both Halves","To Win Both Halves",NA,"Neither team wins both halves","Lanus","Lanus","Lanus","Lanus",NA,NA,600,NA,NA,NA,NA
"159","2023-07-30T18:00:00Z","Argentina Liga Profesional de Futbol","Arsenal Sarandi-Colon","Win Both Halves","Win Both Halves","Team to Win in Both Halves","Win Both Halves","To Win Both Halves",NA,"Arsenal Sarandi","Arsenal Sarandi","Arsenal Sarandi","Arsenal Sarandi","Arsenal Sarandi",NA,900,1050,1200,800,1120,NA
"160","2023-07-30T18:00:00Z","Argentina Liga Profesional de Futbol","Arsenal Sarandi-Colon","Win Both Halves","Win Both Halves","Team to Win in Both Halves","Win Both Halves","To Win Both Halves",NA,"Colon","Colon","Colon","Colon","Colon",NA,875,1000,1100,950,1040,NA
"161","2023-07-30T18:00:00Z","Argentina Liga Profesional de Futbol","Arsenal Sarandi-Colon","Win Both Halves","Win Both Halves","Team to Win in Both Halves","Win Both Halves","To Win Both Halves",NA,"Neither team wins both halves","No","Colon","Colon","Colon",NA,NA,-3335,NA,NA,NA,NA
"162","2023-07-30T20:30:00Z","Argentina Liga Profesional de Futbol","Gimnasia LP-Platense","Win Both Halves","Win Both Halves","Team to Win in Both Halves","Win Both Halves","To Win Both Halves",NA,"Gimnasia LP","Gimnasia LP","Gimnasia LP","Gimnasia LP","Gimnasia LP",NA,725,750,850,700,870,NA
"163","2023-07-30T20:30:00Z","Argentina Liga Profesional de Futbol","Gimnasia LP-Platense","Win Both Halves","Win Both Halves","Team to Win in Both Halves","Win Both Halves","To Win Both Halves",NA,"Neither team wins both halves","Platense","Platense","Platense","Platense",NA,NA,1500,NA,NA,NA,NA
"164","2023-07-30T20:30:00Z","Argentina Liga Profesional de Futbol","Gimnasia LP-Platense","Win Both Halves","Win Both Halves","Team to Win in Both Halves","Win Both Halves","To Win Both Halves",NA,"Platense","Platense","Platense","Platense","Platense",NA,1150,1500,1600,1100,1380,NA
"165","2023-07-30T20:30:00Z","Argentina Liga Profesional de Futbol","Huracan-Velez Sarsfield","Win Both Halves","Win Both Halves","Team to Win in Both Halves","Win Both Halves","To Win Both Halves",NA,"Huracan","Huracan","Huracan","Huracan","Huracan",NA,850,950,1200,850,1000,NA
"166","2023-07-30T20:30:00Z","Argentina Liga Profesional de Futbol","Huracan-Velez Sarsfield","Win Both Halves","Win Both Halves","Team to Win in Both Halves","Win Both Halves","To Win Both Halves",NA,"Neither team wins both halves","No","Huracan","Huracan","Huracan",NA,NA,-5000,NA,NA,NA,NA
"167","2023-07-30T20:30:00Z","Argentina Liga Profesional de Futbol","Huracan-Velez Sarsfield","Win Both Halves","Win Both Halves","Team to Win in Both Halves","Win Both Halves","To Win Both Halves",NA,"Velez Sarsfield","Velez Sarsfield","Velez Sarsfield","Velez Sarsfield","Velez Sarsfield",NA,1150,1300,1500,1000,1360,NA
"168","2023-07-30T23:00:00Z","Argentina Liga Profesional de Futbol","Godoy Cruz-Instituto","Win Both Halves","Win Both Halves","Team to Win in Both Halves","Win Both Halves","To Win Both Halves",NA,"Godoy Cruz","Godoy Cruz","Godoy Cruz","Godoy Cruz","Godoy Cruz",NA,675,750,850,625,880,NA
"169","2023-07-30T23:00:00Z","Argentina Liga Profesional de Futbol","Godoy Cruz-Instituto","Win Both Halves","Win Both Halves","Team to Win in Both Halves","Win Both Halves","To Win Both Halves",NA,"Instituto","Instituto","Instituto","Instituto","Instituto",NA,1150,1400,1500,1200,1340,NA
"170","2023-07-30T23:00:00Z","Argentina Liga Profesional de Futbol","Godoy Cruz-Instituto","Win Both Halves","Win Both Halves","Team to Win in Both Halves","Win Both Halves","To Win Both Halves",NA,"Neither team wins both halves","No","Instituto","Instituto","Instituto",NA,NA,-1667,NA,NA,NA,NA
"171","2023-07-30T18:00:00Z","Argentina Liga Profesional de Futbol","Lanus-Barracas Central","Win Either Half","Win Either Half","Team to Win Either Half","Win Either Half","To Win Either Half",NA,"Barracas Central","Barracas Central","Barracas Central","Barracas Central","Barracas Central",NA,165,163,150,165,152,NA
"172","2023-07-30T18:00:00Z","Argentina Liga Profesional de Futbol","Lanus-Barracas Central","Win Either Half","Win Either Half","Team to Win Either Half","Win Either Half","To Win Either Half",NA,"Lanus","Lanus","Lanus","Lanus","Lanus",NA,-172,-175,-170,-155,-158,NA
"173","2023-07-30T18:00:00Z","Argentina Liga Profesional de Futbol","Lanus-Barracas Central","Win Either Half","Win Either Half","Team to Win Either Half","Win Either Half","To Win Either Half",NA,"Neither","No","Barracas Central","Barracas Central","Barracas Central",NA,NA,-235,NA,NA,NA,NA
"174","2023-07-30T18:00:00Z","Argentina Liga Profesional de Futbol","Arsenal Sarandi-Colon","Win Either Half","Win Either Half","Team to Win Either Half","Win Either Half","To Win Either Half",NA,"Arsenal Sarandi","Arsenal Sarandi","Arsenal Sarandi","Arsenal Sarandi","Arsenal Sarandi",NA,-102,104,-105,102,106,NA
"175","2023-07-30T18:00:00Z","Argentina Liga Profesional de Futbol","Arsenal Sarandi-Colon","Win Either Half","Win Either Half","Team to Win Either Half","Win Either Half","To Win Either Half",NA,"Colon","Colon","Colon","Colon","Colon",NA,-102,-107,-110,108,-100,NA
"176","2023-07-30T18:00:00Z","Argentina Liga Profesional de Futbol","Arsenal Sarandi-Colon","Win Either Half","Win Either Half","Team to Win Either Half","Win Either Half","To Win Either Half",NA,"Neither","No","Arsenal Sarandi","Arsenal Sarandi","Arsenal Sarandi",NA,NA,-132,NA,NA,NA,NA
"177","2023-07-30T20:30:00Z","Argentina Liga Profesional de Futbol","Gimnasia LP-Platense","Win Either Half","Win Either Half","Team to Win Either Half","Win Either Half","To Win Either Half",NA,"Gimnasia LP","Gimnasia LP","Gimnasia LP","Gimnasia LP","Gimnasia LP",NA,-125,-139,-130,-113,-122,NA
"178","2023-07-30T20:30:00Z","Argentina Liga Profesional de Futbol","Gimnasia LP-Platense","Win Either Half","Win Either Half","Team to Win Either Half","Win Either Half","To Win Either Half",NA,"Neither","No","Platense","Platense","Platense",NA,NA,100,NA,NA,NA,NA
"179","2023-07-30T20:30:00Z","Argentina Liga Profesional de Futbol","Gimnasia LP-Platense","Win Either Half","Win Either Half","Team to Win Either Half","Win Either Half","To Win Either Half",NA,"Platense","Platense","Platense","Platense","Platense",NA,125,140,125,129,128,NA
"180","2023-07-30T20:30:00Z","Argentina Liga Profesional de Futbol","Huracan-Velez Sarsfield","Win Either Half","Win Either Half","Team to Win Either Half","Win Either Half","To Win Either Half",NA,"Huracan","Huracan","Huracan","Huracan","Huracan",NA,-105,-106,-110,105,-108,NA
"181","2023-07-30T20:30:00Z","Argentina Liga Profesional de Futbol","Huracan-Velez Sarsfield","Win Either Half","Win Either Half","Team to Win Either Half","Win Either Half","To Win Either Half",NA,"Neither","No","Velez Sarsfield","Velez Sarsfield","Velez Sarsfield",NA,NA,-177,NA,NA,NA,NA
"182","2023-07-30T20:30:00Z","Argentina Liga Profesional de Futbol","Huracan-Velez Sarsfield","Win Either Half","Win Either Half","Team to Win Either Half","Win Either Half","To Win Either Half",NA,"Velez Sarsfield","Velez Sarsfield","Velez Sarsfield","Velez Sarsfield","Velez Sarsfield",NA,120,125,120,121,128,NA
"183","2023-07-30T23:00:00Z","Argentina Liga Profesional de Futbol","Godoy Cruz-Instituto","Win Either Half","Win Either Half","Team to Win Either Half","Win Either Half","To Win Either Half",NA,"Godoy Cruz","Godoy Cruz","Godoy Cruz","Godoy Cruz","Godoy Cruz",NA,-130,-139,-135,-127,-122,NA
"184","2023-07-30T23:00:00Z","Argentina Liga Profesional de Futbol","Godoy Cruz-Instituto","Win Either Half","Win Either Half","Team to Win Either Half","Win Either Half","To Win Either Half",NA,"Instituto","Instituto","Instituto","Instituto","Instituto",NA,120,130,120,135,122,NA
"185","2023-07-30T23:00:00Z","Argentina Liga Profesional de Futbol","Godoy Cruz-Instituto","Win Either Half","Win Either Half","Team to Win Either Half","Win Either Half","To Win Either Half",NA,"Neither","No","Godoy Cruz","Godoy Cruz","Godoy Cruz",NA,NA,100,NA,NA,NA,NA
"186","2023-07-30T18:00:00Z","Argentina Liga Profesional de Futbol","Lanus-Barracas Central","Both Teams To Score","Both Teams To Score","Both Teams to Score","Both Teams To Score","Both Teams To Score",NA,"No","No","No","No","No",NA,-167,-162,-150,-150,-140,NA
"187","2023-07-30T18:00:00Z","Argentina Liga Profesional de Futbol","Lanus-Barracas Central","Both Teams To Score","Both Teams To Score","Both Teams to Score","Both Teams To Score","Both Teams To Score",NA,"Yes","Yes","Yes","Yes","Yes",NA,115,123,115,120,110,NA
"188","2023-07-30T18:00:00Z","Argentina Liga Profesional de Futbol","Arsenal Sarandi-Colon","Both Teams To Score","Both Teams To Score","Both Teams to Score","Both Teams To Score","Both Teams To Score",NA,"No","No","No","No","No",NA,-161,-150,-140,-160,-154,NA
"189","2023-07-30T18:00:00Z","Argentina Liga Profesional de Futbol","Arsenal Sarandi-Colon","Both Teams To Score","Both Teams To Score","Both Teams to Score","Both Teams To Score","Both Teams To Score",NA,"Yes","Yes","Yes","Yes","Yes",NA,115,117,105,125,120,NA
"190","2023-07-30T20:30:00Z","Argentina Liga Profesional de Futbol","Gimnasia LP-Platense","Both Teams To Score","Both Teams To Score","Both Teams to Score","Both Teams To Score","Both Teams To Score",NA,"No","No","No","No","No",NA,-175,-165,-150,-170,-152,NA
"191","2023-07-30T20:30:00Z","Argentina Liga Profesional de Futbol","Gimnasia LP-Platense","Both Teams To Score","Both Teams To Score","Both Teams to Score","Both Teams To Score","Both Teams To Score",NA,"Yes","Yes","Yes","Yes","Yes",NA,125,128,115,130,120,NA
"192","2023-07-30T20:30:00Z","Argentina Liga Profesional de Futbol","Huracan-Velez Sarsfield","Both Teams To Score","Both Teams To Score","Both Teams to Score","Both Teams To Score","Both Teams To Score",NA,"No","No","No","No","No",NA,-204,-200,-190,-190,-182,NA
"193","2023-07-30T20:30:00Z","Argentina Liga Profesional de Futbol","Huracan-Velez Sarsfield","Both Teams To Score","Both Teams To Score","Both Teams to Score","Both Teams To Score","Both Teams To Score",NA,"Yes","Yes","Yes","Yes","Yes",NA,140,150,145,140,144,NA
"194","2023-07-30T23:00:00Z","Argentina Liga Profesional de Futbol","Godoy Cruz-Instituto","Both Teams To Score","Both Teams To Score","Both Teams to Score","Both Teams To Score","Both Teams To Score",NA,"No","No","No","No","No",NA,-161,-155,-150,-160,-144,NA
"195","2023-07-30T23:00:00Z","Argentina Liga Profesional de Futbol","Godoy Cruz-Instituto","Both Teams To Score","Both Teams To Score","Both Teams to Score","Both Teams To Score","Both Teams To Score",NA,"Yes","Yes","Yes","Yes","Yes",NA,115,118,115,125,112,NA
"196","2023-07-30T18:00:00Z","Argentina Liga Profesional de Futbol","Lanus-Barracas Central","1st Half Result","Half Time","Moneyline 1st Half","1st Half Betting","Half-Time Result",NA,"Barracas Central","Barracas Central","Barracas Central","Barracas Central","Barracas Central",NA,375,380,380,370,360,NA
"197","2023-07-30T18:00:00Z","Argentina Liga Profesional de Futbol","Lanus-Barracas Central","1st Half Result","Half Time","Moneyline 1st Half","1st Half Betting","Half-Time Result",NA,"Draw","Draw","Draw","Draw","Draw",NA,-114,-110,-115,-120,-110,NA
"198","2023-07-30T18:00:00Z","Argentina Liga Profesional de Futbol","Lanus-Barracas Central","1st Half Result","Half Time","Moneyline 1st Half","1st Half Betting","Half-Time Result",NA,"Lanus","Lanus","Lanus","Lanus","Lanus",NA,165,180,180,170,175,NA
"199","2023-07-30T18:00:00Z","Argentina Liga Profesional de Futbol","Arsenal Sarandi-Colon","1st Half Result","Half Time","Moneyline 1st Half","1st Half Betting","Half-Time Result",NA,"Arsenal Sarandi","Arsenal Sarandi","Arsenal Sarandi","Arsenal Sarandi","Arsenal Sarandi",NA,240,270,270,250,260,NA
"200","2023-07-30T18:00:00Z","Argentina Liga Profesional de Futbol","Arsenal Sarandi-Colon","1st Half Result","Half Time","Moneyline 1st Half","1st Half Betting","Half-Time Result",NA,"Colon","Colon","Colon","Colon","Colon",NA,240,255,250,265,240,NA
"201","2023-07-30T18:00:00Z","Argentina Liga Profesional de Futbol","Arsenal Sarandi-Colon","1st Half Result","Half Time","Moneyline 1st Half","1st Half Betting","Half-Time Result",NA,"Draw","Draw","Draw","Draw","Draw",NA,-118,-117,-120,-130,-120,NA
"202","2023-07-30T20:30:00Z","Argentina Liga Profesional de Futbol","Gimnasia LP-Platense","1st Half Result","Half Time","Moneyline 1st Half","1st Half Betting","Half-Time Result",NA,"Draw","Draw","Draw","Draw","Draw",NA,-122,-118,-125,-135,-120,NA
"203","2023-07-30T20:30:00Z","Argentina Liga Profesional de Futbol","Gimnasia LP-Platense","1st Half Result","Half Time","Moneyline 1st Half","1st Half Betting","Half-Time Result",NA,"Gimnasia LP","Gimnasia LP","Gimnasia LP","Gimnasia LP","Gimnasia LP",NA,210,210,225,230,210,NA
"204","2023-07-30T20:30:00Z","Argentina Liga Profesional de Futbol","Gimnasia LP-Platense","1st Half Result","Half Time","Moneyline 1st Half","1st Half Betting","Half-Time Result",NA,"Platense","Platense","Platense","Platense","Platense",NA,290,340,320,305,310,NA
"205","2023-07-30T20:30:00Z","Argentina Liga Profesional de Futbol","Huracan-Velez Sarsfield","1st Half Result","Half Time","Moneyline 1st Half","1st Half Betting","Half-Time Result",NA,"Draw","Draw","Draw","Draw","Draw",NA,-130,-132,-140,-145,-130,NA
"206","2023-07-30T20:30:00Z","Argentina Liga Profesional de Futbol","Huracan-Velez Sarsfield","1st Half Result","Half Time","Moneyline 1st Half","1st Half Betting","Half-Time Result",NA,"Huracan","Huracan","Huracan","Huracan","Huracan",NA,240,255,265,255,240,NA
"207","2023-07-30T20:30:00Z","Argentina Liga Profesional de Futbol","Huracan-Velez Sarsfield","1st Half Result","Half Time","Moneyline 1st Half","1st Half Betting","Half-Time Result",NA,"Velez Sarsfield","Velez Sarsfield","Velez Sarsfield","Velez Sarsfield","Velez Sarsfield",NA,290,310,310,300,310,NA
"208","2023-07-30T23:00:00Z","Argentina Liga Profesional de Futbol","Godoy Cruz-Instituto","1st Half Result","Half Time","Moneyline 1st Half","1st Half Betting","Half-Time Result",NA,"Draw","Draw","Draw","Draw","Draw",NA,-115,-110,-115,-124,-115,NA
"209","2023-07-30T23:00:00Z","Argentina Liga Profesional de Futbol","Godoy Cruz-Instituto","1st Half Result","Half Time","Moneyline 1st Half","1st Half Betting","Half-Time Result",NA,"Godoy Cruz","Godoy Cruz","Godoy Cruz","Godoy Cruz","Godoy Cruz",NA,200,205,220,195,210,NA
"210","2023-07-30T23:00:00Z","Argentina Liga Profesional de Futbol","Godoy Cruz-Instituto","1st Half Result","Half Time","Moneyline 1st Half","1st Half Betting","Half-Time Result",NA,"Instituto","Instituto","Instituto","Instituto","Instituto",NA,290,320,300,330,300,NA
"211","2023-07-30T18:00:00Z","Argentina Liga Profesional de Futbol","Lanus-Barracas Central","Away Team - Total Goals (0.5)","Total Goals by Away Team 0.5","Away Team: Team Over/Under 0.5","Away Team Over/Under 0.5 Goals","Away Team Over/Under 0.5 Goals",NA,"Over 0.5","Over","Over","Over","Over",NA,-147,-150,-160,-145,-164,NA
"212","2023-07-30T18:00:00Z","Argentina Liga Profesional de Futbol","Lanus-Barracas Central","Away Team - Total Goals (0.5)","Total Goals by Away Team 0.5","Away Team: Team Over/Under 0.5","Away Team Over/Under 0.5 Goals","Away Team Over/Under 0.5 Goals",NA,"Under 0.5","Under","Under","Under","Under",NA,105,114,120,115,128,NA
"213","2023-07-30T18:00:00Z","Argentina Liga Profesional de Futbol","Arsenal Sarandi-Colon","Away Team - Total Goals (0.5)","Total Goals by Away Team 0.5","Away Team: Team Over/Under 0.5","Away Team Over/Under 0.5 Goals","Away Team Over/Under 0.5 Goals",NA,"Over 0.5","Over","Over","Over","Over",NA,-217,-235,-245,-200,-215,NA
"214","2023-07-30T18:00:00Z","Argentina Liga Profesional de Futbol","Arsenal Sarandi-Colon","Away Team - Total Goals (0.5)","Total Goals by Away Team 0.5","Away Team: Team Over/Under 0.5","Away Team Over/Under 0.5 Goals","Away Team Over/Under 0.5 Goals",NA,"Under 0.5","Under","Under","Under","Under",NA,150,175,175,150,164,NA
"215","2023-07-30T20:30:00Z","Argentina Liga Profesional de Futbol","Gimnasia LP-Platense","Away Team - Total Goals (0.5)","Total Goals by Away Team 0.5","Away Team: Team Over/Under 0.5","Away Team Over/Under 0.5 Goals","Away Team Over/Under 0.5 Goals",NA,"Over 0.5","Over","Over","Over","Over",NA,-175,-162,-185,-170,-180,NA
"216","2023-07-30T20:30:00Z","Argentina Liga Profesional de Futbol","Gimnasia LP-Platense","Away Team - Total Goals (0.5)","Total Goals by Away Team 0.5","Away Team: Team Over/Under 0.5","Away Team Over/Under 0.5 Goals","Away Team Over/Under 0.5 Goals",NA,"Under 0.5","Under","Under","Under","Under",NA,120,123,135,130,140,NA
"217","2023-07-30T20:30:00Z","Argentina Liga Profesional de Futbol","Huracan-Velez Sarsfield","Away Team - Total Goals (0.5)","Total Goals by Away Team 0.5","Away Team: Team Over/Under 0.5","Away Team Over/Under 0.5 Goals","Away Team Over/Under 0.5 Goals",NA,"Over 0.5","Over","Over","Over","Over",NA,-164,-159,-180,-150,-162,NA
"218","2023-07-30T20:30:00Z","Argentina Liga Profesional de Futbol","Huracan-Velez Sarsfield","Away Team - Total Goals (0.5)","Total Goals by Away Team 0.5","Away Team: Team Over/Under 0.5","Away Team Over/Under 0.5 Goals","Away Team Over/Under 0.5 Goals",NA,"Under 0.5","Under","Under","Under","Under",NA,115,123,130,120,126,NA
"219","2023-07-30T23:00:00Z","Argentina Liga Profesional de Futbol","Godoy Cruz-Instituto","Away Team - Total Goals (0.5)","Total Goals by Away Team 0.5","Away Team: Team Over/Under 0.5","Away Team Over/Under 0.5 Goals","Away Team Over/Under 0.5 Goals",NA,"Over 0.5","Over","Over","Over","Over",NA,-182,-180,-195,-170,-192,NA
"220","2023-07-30T23:00:00Z","Argentina Liga Profesional de Futbol","Godoy Cruz-Instituto","Away Team - Total Goals (0.5)","Total Goals by Away Team 0.5","Away Team: Team Over/Under 0.5","Away Team Over/Under 0.5 Goals","Away Team Over/Under 0.5 Goals",NA,"Under 0.5","Under","Under","Under","Under",NA,130,135,140,130,148,NA
"221","2023-07-30T18:00:00Z","Argentina Liga Profesional de Futbol","Lanus-Barracas Central","Away Team - Total Goals (1.5)","Total Goals by Away Team 1.5","Away Team: Team Over/Under 1.5","Away Team Over/Under 1.5 Goals","Away Team Over/Under 1.5 Goals",NA,"Over 1.5","Over","Over","Over","Over",NA,333,370,330,300,310,NA
"222","2023-07-30T18:00:00Z","Argentina Liga Profesional de Futbol","Lanus-Barracas Central","Away Team - Total Goals (1.5)","Total Goals by Away Team 1.5","Away Team: Team Over/Under 1.5","Away Team Over/Under 1.5 Goals","Away Team Over/Under 1.5 Goals",NA,"Under 1.5","Under","Under","Under","Under",NA,-556,-560,-525,-450,-440,NA
"223","2023-07-30T18:00:00Z","Argentina Liga Profesional de Futbol","Arsenal Sarandi-Colon","Away Team - Total Goals (1.5)","Total Goals by Away Team 1.5","Away Team: Team Over/Under 1.5","Away Team Over/Under 1.5 Goals","Away Team Over/Under 1.5 Goals",NA,"Over 1.5","Over","Over","Over","Over",NA,210,230,215,230,235,NA
"224","2023-07-30T18:00:00Z","Argentina Liga Profesional de Futbol","Arsenal Sarandi-Colon","Away Team - Total Goals (1.5)","Total Goals by Away Team 1.5","Away Team: Team Over/Under 1.5","Away Team Over/Under 1.5 Goals","Away Team Over/Under 1.5 Goals",NA,"Under 1.5","Under","Under","Under","Under",NA,-323,-335,-320,-320,-320,NA
"225","2023-07-30T20:30:00Z","Argentina Liga Profesional de Futbol","Gimnasia LP-Platense","Away Team - Total Goals (1.5)","Total Goals by Away Team 1.5","Away Team: Team Over/Under 1.5","Away Team Over/Under 1.5 Goals","Away Team Over/Under 1.5 Goals",NA,"Over 1.5","Over","Over","Over","Over",NA,275,335,295,280,290,NA
"226","2023-07-30T20:30:00Z","Argentina Liga Profesional de Futbol","Gimnasia LP-Platense","Away Team - Total Goals (1.5)","Total Goals by Away Team 1.5","Away Team: Team Over/Under 1.5","Away Team Over/Under 1.5 Goals","Away Team Over/Under 1.5 Goals",NA,"Under 1.5","Under","Under","Under","Under",NA,-435,-500,-450,-400,-410,NA
"227","2023-07-30T20:30:00Z","Argentina Liga Profesional de Futbol","Huracan-Velez Sarsfield","Away Team - Total Goals (1.5)","Total Goals by Away Team 1.5","Away Team: Team Over/Under 1.5","Away Team Over/Under 1.5 Goals","Away Team Over/Under 1.5 Goals",NA,"Over 1.5","Over","Over","Over","Over",NA,290,335,300,280,320,NA
"228","2023-07-30T20:30:00Z","Argentina Liga Profesional de Futbol","Huracan-Velez Sarsfield","Away Team - Total Goals (1.5)","Total Goals by Away Team 1.5","Away Team: Team Over/Under 1.5","Away Team Over/Under 1.5 Goals","Away Team Over/Under 1.5 Goals",NA,"Under 1.5","Under","Under","Under","Under",NA,-476,-500,-475,-400,-460,NA
"229","2023-07-30T23:00:00Z","Argentina Liga Profesional de Futbol","Godoy Cruz-Instituto","Away Team - Total Goals (1.5)","Total Goals by Away Team 1.5","Away Team: Team Over/Under 1.5","Away Team Over/Under 1.5 Goals","Away Team Over/Under 1.5 Goals",NA,"Over 1.5","Over","Over","Over","Over",NA,260,300,275,260,265,NA
"230","2023-07-30T23:00:00Z","Argentina Liga Profesional de Futbol","Godoy Cruz-Instituto","Away Team - Total Goals (1.5)","Total Goals by Away Team 1.5","Away Team: Team Over/Under 1.5","Away Team Over/Under 1.5 Goals","Away Team Over/Under 1.5 Goals",NA,"Under 1.5","Under","Under","Under","Under",NA,-400,-435,-425,-380,-370,NA
"231","2023-07-30T18:00:00Z","Argentina Liga Profesional de Futbol","Lanus-Barracas Central","Away Team - Total Goals (2.5)","Total Goals by Away Team 2.5","Away Team: Team Over/Under 2.5","Away Team Over/Under 2.5 Goals","Away Team Over/Under 2.5 Goals",NA,"Over 2.5","Over","Over","Over","Over",NA,1200,1500,1100,1000,1100,NA
"232","2023-07-30T18:00:00Z","Argentina Liga Profesional de Futbol","Lanus-Barracas Central","Away Team - Total Goals (2.5)","Total Goals by Away Team 2.5","Away Team: Team Over/Under 2.5","Away Team Over/Under 2.5 Goals","Away Team Over/Under 2.5 Goals",NA,"Under 2.5","Under","Under","Under","Under",NA,-4000,-5000,-10000,-3500,-4000,NA
"233","2023-07-30T18:00:00Z","Argentina Liga Profesional de Futbol","Arsenal Sarandi-Colon","Away Team - Total Goals (2.5)","Total Goals by Away Team 2.5","Away Team: Team Over/Under 2.5","Away Team Over/Under 2.5 Goals","Away Team Over/Under 2.5 Goals",NA,"Over 2.5","Over","Over","Over","Over",NA,725,850,750,700,830,NA
"234","2023-07-30T18:00:00Z","Argentina Liga Profesional de Futbol","Arsenal Sarandi-Colon","Away Team - Total Goals (2.5)","Total Goals by Away Team 2.5","Away Team: Team Over/Under 2.5","Away Team Over/Under 2.5 Goals","Away Team Over/Under 2.5 Goals",NA,"Under 2.5","Under","Under","Under","Under",NA,-1667,-1667,-2500,-1600,-2000,NA
"235","2023-07-30T20:30:00Z","Argentina Liga Profesional de Futbol","Gimnasia LP-Platense","Away Team - Total Goals (2.5)","Total Goals by Away Team 2.5","Away Team: Team Over/Under 2.5","Away Team Over/Under 2.5 Goals","Away Team Over/Under 2.5 Goals",NA,"Over 2.5","Over","Over","Over","Over",NA,950,1300,1000,900,1060,NA
"236","2023-07-30T20:30:00Z","Argentina Liga Profesional de Futbol","Gimnasia LP-Platense","Away Team - Total Goals (2.5)","Total Goals by Away Team 2.5","Away Team: Team Over/Under 2.5","Away Team Over/Under 2.5 Goals","Away Team Over/Under 2.5 Goals",NA,"Under 2.5","Under","Under","Under","Under",NA,-2500,-3335,-6000,-2500,-3500,NA
"237","2023-07-30T20:30:00Z","Argentina Liga Profesional de Futbol","Huracan-Velez Sarsfield","Away Team - Total Goals (2.5)","Total Goals by Away Team 2.5","Away Team: Team Over/Under 2.5","Away Team Over/Under 2.5 Goals","Away Team Over/Under 2.5 Goals",NA,"Over 2.5","Over","Over","Over","Over",NA,1050,1300,1000,900,1100,NA
"238","2023-07-30T20:30:00Z","Argentina Liga Profesional de Futbol","Huracan-Velez Sarsfield","Away Team - Total Goals (2.5)","Total Goals by Away Team 2.5","Away Team: Team Over/Under 2.5","Away Team Over/Under 2.5 Goals","Away Team Over/Under 2.5 Goals",NA,"Under 2.5","Under","Under","Under","Under",NA,-2857,-3335,-8000,-2500,-4000,NA
"239","2023-07-30T23:00:00Z","Argentina Liga Profesional de Futbol","Godoy Cruz-Instituto","Away Team - Total Goals (2.5)","Total Goals by Away Team 2.5","Away Team: Team Over/Under 2.5","Away Team Over/Under 2.5 Goals","Away Team Over/Under 2.5 Goals",NA,"Over 2.5","Over","Over","Over","Over",NA,900,1150,900,800,1000,NA
"240","2023-07-30T23:00:00Z","Argentina Liga Profesional de Futbol","Godoy Cruz-Instituto","Away Team - Total Goals (2.5)","Total Goals by Away Team 2.5","Away Team: Team Over/Under 2.5","Away Team Over/Under 2.5 Goals","Away Team Over/Under 2.5 Goals",NA,"Under 2.5","Under","Under","Under","Under",NA,-2222,-2500,-4000,-2000,-3000,NA
"241","2023-07-30T18:00:00Z","Argentina Liga Profesional de Futbol","Lanus-Barracas Central","Home Team - Total Goals (0.5)","Total Goals by Home Team 0.5","Home Team: Team Over/Under 0.5","Home Team Over/Under 0.5 Goals","Home Team Over/Under 0.5 Goals",NA,"Over 0.5","Over","Over","Over","Over",NA,-345,-345,-380,-300,-350,NA
"242","2023-07-30T18:00:00Z","Argentina Liga Profesional de Futbol","Lanus-Barracas Central","Home Team - Total Goals (0.5)","Total Goals by Home Team 0.5","Home Team: Team Over/Under 0.5","Home Team Over/Under 0.5 Goals","Home Team Over/Under 0.5 Goals",NA,"Under 0.5","Under","Under","Under","Under",NA,225,245,250,210,255,NA
"243","2023-07-30T18:00:00Z","Argentina Liga Profesional de Futbol","Arsenal Sarandi-Colon","Home Team - Total Goals (0.5)","Total Goals by Home Team 0.5","Home Team: Team Over/Under 0.5","Home Team Over/Under 0.5 Goals","Home Team Over/Under 0.5 Goals",NA,"Over 0.5","Over","Over","Over","Over",NA,-217,-215,-235,-190,-210,NA
"244","2023-07-30T18:00:00Z","Argentina Liga Profesional de Futbol","Arsenal Sarandi-Colon","Home Team - Total Goals (0.5)","Total Goals by Home Team 0.5","Home Team: Team Over/Under 0.5","Home Team Over/Under 0.5 Goals","Home Team Over/Under 0.5 Goals",NA,"Under 0.5","Under","Under","Under","Under",NA,150,160,170,140,162,NA
"245","2023-07-30T20:30:00Z","Argentina Liga Profesional de Futbol","Huracan-Velez Sarsfield","Home Team - Total Goals (0.5)","Total Goals by Home Team 0.5","Home Team: Team Over/Under 0.5","Home Team Over/Under 0.5 Goals","Home Team Over/Under 0.5 Goals",NA,"Over 0.5","Over","Over","Over","Over",NA,-200,-200,-220,-180,-210,NA
"246","2023-07-30T20:30:00Z","Argentina Liga Profesional de Futbol","Huracan-Velez Sarsfield","Home Team - Total Goals (0.5)","Total Goals by Home Team 0.5","Home Team: Team Over/Under 0.5","Home Team Over/Under 0.5 Goals","Home Team Over/Under 0.5 Goals",NA,"Under 0.5","Under","Under","Under","Under",NA,140,155,160,135,162,NA
"247","2023-07-30T23:00:00Z","Argentina Liga Profesional de Futbol","Godoy Cruz-Instituto","Home Team - Total Goals (0.5)","Total Goals by Home Team 0.5","Home Team: Team Over/Under 0.5","Home Team Over/Under 0.5 Goals","Home Team Over/Under 0.5 Goals",NA,"Over 0.5","Over","Over","Over","Over",NA,-270,-295,-295,-240,-265,NA
"248","2023-07-30T23:00:00Z","Argentina Liga Profesional de Futbol","Godoy Cruz-Instituto","Home Team - Total Goals (0.5)","Total Goals by Home Team 0.5","Home Team: Team Over/Under 0.5","Home Team Over/Under 0.5 Goals","Home Team Over/Under 0.5 Goals",NA,"Under 0.5","Under","Under","Under","Under",NA,180,215,205,175,200,NA
"249","2023-07-30T18:00:00Z","Argentina Liga Profesional de Futbol","Lanus-Barracas Central","Home Team - Total Goals (1.5)","Total Goals by Home Team 1.5","Home Team: Team Over/Under 1.5","Home Team Over/Under 1.5 Goals","Home Team Over/Under 1.5 Goals",NA,"Over 1.5","Over","Over","Over","Over",NA,135,155,150,150,150,NA
"250","2023-07-30T18:00:00Z","Argentina Liga Profesional de Futbol","Lanus-Barracas Central","Home Team - Total Goals (1.5)","Total Goals by Home Team 1.5","Home Team: Team Over/Under 1.5","Home Team Over/Under 1.5 Goals","Home Team Over/Under 1.5 Goals",NA,"Under 1.5","Under","Under","Under","Under",NA,-192,-205,-205,-200,-194,NA
"251","2023-07-30T18:00:00Z","Argentina Liga Profesional de Futbol","Arsenal Sarandi-Colon","Home Team - Total Goals (1.5)","Total Goals by Home Team 1.5","Home Team: Team Over/Under 1.5","Home Team Over/Under 1.5 Goals","Home Team Over/Under 1.5 Goals",NA,"Over 1.5","Over","Over","Over","Over",NA,210,245,230,240,250,NA
"252","2023-07-30T18:00:00Z","Argentina Liga Profesional de Futbol","Arsenal Sarandi-Colon","Home Team - Total Goals (1.5)","Total Goals by Home Team 1.5","Home Team: Team Over/Under 1.5","Home Team Over/Under 1.5 Goals","Home Team Over/Under 1.5 Goals",NA,"Under 1.5","Under","Under","Under","Under",NA,-323,-345,-340,-340,-340,NA
"253","2023-07-30T20:30:00Z","Argentina Liga Profesional de Futbol","Huracan-Velez Sarsfield","Home Team - Total Goals (1.5)","Total Goals by Home Team 1.5","Home Team: Team Over/Under 1.5","Home Team Over/Under 1.5 Goals","Home Team Over/Under 1.5 Goals",NA,"Over 1.5","Over","Over","Over","Over",NA,230,265,245,230,250,NA
"254","2023-07-30T20:30:00Z","Argentina Liga Profesional de Futbol","Huracan-Velez Sarsfield","Home Team - Total Goals (1.5)","Total Goals by Home Team 1.5","Home Team: Team Over/Under 1.5","Home Team Over/Under 1.5 Goals","Home Team Over/Under 1.5 Goals",NA,"Under 1.5","Under","Under","Under","Under",NA,-357,-375,-370,-320,-340,NA
"255","2023-07-30T23:00:00Z","Argentina Liga Profesional de Futbol","Godoy Cruz-Instituto","Home Team - Total Goals (1.5)","Total Goals by Home Team 1.5","Home Team: Team Over/Under 1.5","Home Team Over/Under 1.5 Goals","Home Team Over/Under 1.5 Goals",NA,"Over 1.5","Over","Over","Over","Over",NA,170,180,180,200,200,NA
"256","2023-07-30T23:00:00Z","Argentina Liga Profesional de Futbol","Godoy Cruz-Instituto","Home Team - Total Goals (1.5)","Total Goals by Home Team 1.5","Home Team: Team Over/Under 1.5","Home Team Over/Under 1.5 Goals","Home Team Over/Under 1.5 Goals",NA,"Under 1.5","Under","Under","Under","Under",NA,-250,-245,-255,-280,-265,NA
"257","2023-07-30T18:00:00Z","Argentina Liga Profesional de Futbol","Lanus-Barracas Central","Home Team - Total Goals (2.5)","Total Goals by Home Team 2.5","Home Team: Team Over/Under 2.5","Home Team Over/Under 2.5 Goals","Home Team Over/Under 2.5 Goals",NA,"Over 2.5","Over","Over","Over","Over",NA,425,550,500,450,520,NA
"258","2023-07-30T18:00:00Z","Argentina Liga Profesional de Futbol","Lanus-Barracas Central","Home Team - Total Goals (2.5)","Total Goals by Home Team 2.5","Home Team: Team Over/Under 2.5","Home Team Over/Under 2.5 Goals","Home Team Over/Under 2.5 Goals",NA,"Under 2.5","Under","Under","Under","Under",NA,-714,-910,-1000,-800,-900,NA
"259","2023-07-30T18:00:00Z","Argentina Liga Profesional de Futbol","Arsenal Sarandi-Colon","Home Team - Total Goals (2.5)","Total Goals by Home Team 2.5","Home Team: Team Over/Under 2.5","Home Team Over/Under 2.5 Goals","Home Team Over/Under 2.5 Goals",NA,"Over 2.5","Over","Over","Over","Over",NA,725,900,750,700,900,NA
"260","2023-07-30T18:00:00Z","Argentina Liga Profesional de Futbol","Arsenal Sarandi-Colon","Home Team - Total Goals (2.5)","Total Goals by Home Team 2.5","Home Team: Team Over/Under 2.5","Home Team Over/Under 2.5 Goals","Home Team Over/Under 2.5 Goals",NA,"Under 2.5","Under","Under","Under","Under",NA,-1667,-2000,-2000,-1600,-2500,NA
"261","2023-07-30T20:30:00Z","Argentina Liga Profesional de Futbol","Huracan-Velez Sarsfield","Home Team - Total Goals (2.5)","Total Goals by Home Team 2.5","Home Team: Team Over/Under 2.5","Home Team Over/Under 2.5 Goals","Home Team Over/Under 2.5 Goals",NA,"Over 2.5","Over","Over","Over","Over",NA,800,1000,850,700,900,NA
"262","2023-07-30T20:30:00Z","Argentina Liga Profesional de Futbol","Huracan-Velez Sarsfield","Home Team - Total Goals (2.5)","Total Goals by Home Team 2.5","Home Team: Team Over/Under 2.5","Home Team Over/Under 2.5 Goals","Home Team Over/Under 2.5 Goals",NA,"Under 2.5","Under","Under","Under","Under",NA,-1818,-2000,-3500,-1600,-2500,NA
"263","2023-07-30T23:00:00Z","Argentina Liga Profesional de Futbol","Godoy Cruz-Instituto","Home Team - Total Goals (2.5)","Total Goals by Home Team 2.5","Home Team: Team Over/Under 2.5","Home Team Over/Under 2.5 Goals","Home Team Over/Under 2.5 Goals",NA,"Over 2.5","Over","Over","Over","Over",NA,550,650,600,600,680,NA
"264","2023-07-30T23:00:00Z","Argentina Liga Profesional de Futbol","Godoy Cruz-Instituto","Home Team - Total Goals (2.5)","Total Goals by Home Team 2.5","Home Team: Team Over/Under 2.5","Home Team Over/Under 2.5 Goals","Home Team Over/Under 2.5 Goals",NA,"Under 2.5","Under","Under","Under","Under",NA,-1111,-1115,-1400,-1200,-1400,NA
"265","2023-07-30T18:00:00Z","Argentina Liga Profesional de Futbol","Lanus-Barracas Central","Away Team - Total Goals (0.5) - 1st Half","Away Team Total Goals 0.5 - 1st Half","Away Team: Team Over/Under - 1st Half 0.5","1st Half Away Team Over/Under 0.5 Goals","Away Team First Half Over/Under 0.5 Goals",NA,"Over 0.5","Over","Over","Over","Over",NA,190,205,190,190,190,NA
"266","2023-07-30T18:00:00Z","Argentina Liga Profesional de Futbol","Lanus-Barracas Central","Away Team - Total Goals (0.5) - 1st Half","Away Team Total Goals 0.5 - 1st Half","Away Team: Team Over/Under - 1st Half 0.5","1st Half Away Team Over/Under 0.5 Goals","Away Team First Half Over/Under 0.5 Goals",NA,"Under 0.5","Under","Under","Under","Under",NA,-286,-305,-260,-260,-250,NA
"267","2023-07-30T18:00:00Z","Argentina Liga Profesional de Futbol","Arsenal Sarandi-Colon","Away Team - Total Goals (0.5) - 1st Half","Away Team Total Goals 0.5 - 1st Half","Away Team: Team Over/Under - 1st Half 0.5","1st Half Away Team Over/Under 0.5 Goals","Away Team First Half Over/Under 0.5 Goals",NA,"Over 0.5","Over","Over","Over","Over",NA,145,148,145,160,152,NA
"268","2023-07-30T18:00:00Z","Argentina Liga Profesional de Futbol","Arsenal Sarandi-Colon","Away Team - Total Goals (0.5) - 1st Half","Away Team Total Goals 0.5 - 1st Half","Away Team: Team Over/Under - 1st Half 0.5","1st Half Away Team Over/Under 0.5 Goals","Away Team First Half Over/Under 0.5 Goals",NA,"Under 0.5","Under","Under","Under","Under",NA,-204,-210,-190,-210,-196,NA
"269","2023-07-30T20:30:00Z","Argentina Liga Profesional de Futbol","Gimnasia LP-Platense","Away Team - Total Goals (0.5) - 1st Half","Away Team Total Goals 0.5 - 1st Half","Away Team: Team Over/Under - 1st Half 0.5","1st Half Away Team Over/Under 0.5 Goals","Away Team First Half Over/Under 0.5 Goals",NA,"Over 0.5","Over","Over","Over","Over",NA,170,190,175,175,180,NA
"270","2023-07-30T20:30:00Z","Argentina Liga Profesional de Futbol","Gimnasia LP-Platense","Away Team - Total Goals (0.5) - 1st Half","Away Team Total Goals 0.5 - 1st Half","Away Team: Team Over/Under - 1st Half 0.5","1st Half Away Team Over/Under 0.5 Goals","Away Team First Half Over/Under 0.5 Goals",NA,"Under 0.5","Under","Under","Under","Under",NA,-250,-286,-235,-240,-235,NA
"271","2023-07-30T20:30:00Z","Argentina Liga Profesional de Futbol","Huracan-Velez Sarsfield","Away Team - Total Goals (0.5) - 1st Half","Away Team Total Goals 0.5 - 1st Half","Away Team: Team Over/Under - 1st Half 0.5","1st Half Away Team Over/Under 0.5 Goals","Away Team First Half Over/Under 0.5 Goals",NA,"Over 0.5","Over","Over","Over","Over",NA,175,195,180,175,190,NA
"272","2023-07-30T20:30:00Z","Argentina Liga Profesional de Futbol","Huracan-Velez Sarsfield","Away Team - Total Goals (0.5) - 1st Half","Away Team Total Goals 0.5 - 1st Half","Away Team: Team Over/Under - 1st Half 0.5","1st Half Away Team Over/Under 0.5 Goals","Away Team First Half Over/Under 0.5 Goals",NA,"Under 0.5","Under","Under","Under","Under",NA,-256,-286,-245,-240,-260,NA
"273","2023-07-30T23:00:00Z","Argentina Liga Profesional de Futbol","Godoy Cruz-Instituto","Away Team - Total Goals (0.5) - 1st Half","Away Team Total Goals 0.5 - 1st Half","Away Team: Team Over/Under - 1st Half 0.5","1st Half Away Team Over/Under 0.5 Goals","Away Team First Half Over/Under 0.5 Goals",NA,"Over 0.5","Over","Over","Over","Over",NA,160,175,165,190,172,NA
"274","2023-07-30T23:00:00Z","Argentina Liga Profesional de Futbol","Godoy Cruz-Instituto","Away Team - Total Goals (0.5) - 1st Half","Away Team Total Goals 0.5 - 1st Half","Away Team: Team Over/Under - 1st Half 0.5","1st Half Away Team Over/Under 0.5 Goals","Away Team First Half Over/Under 0.5 Goals",NA,"Under 0.5","Under","Under","Under","Under",NA,-238,-265,-215,-260,-225,NA
"275","2023-07-30T18:00:00Z","Argentina Liga Profesional de Futbol","Lanus-Barracas Central","Away Team - Total Goals (0.5) - 1st Half","Away Team Total Goals 0.5 - 1st Half","Away Team: Team Over/Under - 1st Half 0.5","1st Half Away Team Over/Under 0.5 Goals","Away Team First Half Over/Under 0.5 Goals",NA,"Over 0.5","Over","Over","Over","Over",NA,190,205,190,190,190,NA
"276","2023-07-30T18:00:00Z","Argentina Liga Profesional de Futbol","Lanus-Barracas Central","Away Team - Total Goals (0.5) - 1st Half","Away Team Total Goals 0.5 - 1st Half","Away Team: Team Over/Under - 1st Half 0.5","1st Half Away Team Over/Under 0.5 Goals","Away Team First Half Over/Under 0.5 Goals",NA,"Under 0.5","Under","Under","Under","Under",NA,-286,-305,-260,-260,-250,NA
"277","2023-07-30T18:00:00Z","Argentina Liga Profesional de Futbol","Arsenal Sarandi-Colon","Away Team - Total Goals (0.5) - 1st Half","Away Team Total Goals 0.5 - 1st Half","Away Team: Team Over/Under - 1st Half 0.5","1st Half Away Team Over/Under 0.5 Goals","Away Team First Half Over/Under 0.5 Goals",NA,"Over 0.5","Over","Over","Over","Over",NA,145,148,145,160,152,NA
"278","2023-07-30T18:00:00Z","Argentina Liga Profesional de Futbol","Arsenal Sarandi-Colon","Away Team - Total Goals (0.5) - 1st Half","Away Team Total Goals 0.5 - 1st Half","Away Team: Team Over/Under - 1st Half 0.5","1st Half Away Team Over/Under 0.5 Goals","Away Team First Half Over/Under 0.5 Goals",NA,"Under 0.5","Under","Under","Under","Under",NA,-204,-210,-190,-210,-196,NA
"279","2023-07-30T20:30:00Z","Argentina Liga Profesional de Futbol","Gimnasia LP-Platense","Away Team - Total Goals (0.5) - 1st Half","Away Team Total Goals 0.5 - 1st Half","Away Team: Team Over/Under - 1st Half 0.5","1st Half Away Team Over/Under 0.5 Goals","Away Team First Half Over/Under 0.5 Goals",NA,"Over 0.5","Over","Over","Over","Over",NA,170,190,175,175,180,NA
"280","2023-07-30T20:30:00Z","Argentina Liga Profesional de Futbol","Gimnasia LP-Platense","Away Team - Total Goals (0.5) - 1st Half","Away Team Total Goals 0.5 - 1st Half","Away Team: Team Over/Under - 1st Half 0.5","1st Half Away Team Over/Under 0.5 Goals","Away Team First Half Over/Under 0.5 Goals",NA,"Under 0.5","Under","Under","Under","Under",NA,-250,-286,-235,-240,-235,NA
"281","2023-07-30T20:30:00Z","Argentina Liga Profesional de Futbol","Huracan-Velez Sarsfield","Away Team - Total Goals (0.5) - 1st Half","Away Team Total Goals 0.5 - 1st Half","Away Team: Team Over/Under - 1st Half 0.5","1st Half Away Team Over/Under 0.5 Goals","Away Team First Half Over/Under 0.5 Goals",NA,"Over 0.5","Over","Over","Over","Over",NA,175,195,180,175,190,NA
"282","2023-07-30T20:30:00Z","Argentina Liga Profesional de Futbol","Huracan-Velez Sarsfield","Away Team - Total Goals (0.5) - 1st Half","Away Team Total Goals 0.5 - 1st Half","Away Team: Team Over/Under - 1st Half 0.5","1st Half Away Team Over/Under 0.5 Goals","Away Team First Half Over/Under 0.5 Goals",NA,"Under 0.5","Under","Under","Under","Under",NA,-256,-286,-245,-240,-260,NA
"283","2023-07-30T23:00:00Z","Argentina Liga Profesional de Futbol","Godoy Cruz-Instituto","Away Team - Total Goals (0.5) - 1st Half","Away Team Total Goals 0.5 - 1st Half","Away Team: Team Over/Under - 1st Half 0.5","1st Half Away Team Over/Under 0.5 Goals","Away Team First Half Over/Under 0.5 Goals",NA,"Over 0.5","Over","Over","Over","Over",NA,160,175,165,190,172,NA
"284","2023-07-30T23:00:00Z","Argentina Liga Profesional de Futbol","Godoy Cruz-Instituto","Away Team - Total Goals (0.5) - 1st Half","Away Team Total Goals 0.5 - 1st Half","Away Team: Team Over/Under - 1st Half 0.5","1st Half Away Team Over/Under 0.5 Goals","Away Team First Half Over/Under 0.5 Goals",NA,"Under 0.5","Under","Under","Under","Under",NA,-238,-265,-215,-260,-225,NA
"285","2023-07-30T18:00:00Z","Argentina Liga Profesional de Futbol","Lanus-Barracas Central","Home Team - Total Goals (0.5) - 1st Half","Home Team Total Goals 0.5 - 1st Half","Home Team: Team Over/Under - 1st Half 0.5","1st Half Home Team Over/Under 0.5 Goals","Home Team First Half Over/Under 0.5 Goals",NA,"Over 0.5","Over","Over","Over","Over",NA,105,112,110,120,110,NA
"286","2023-07-30T18:00:00Z","Argentina Liga Profesional de Futbol","Lanus-Barracas Central","Home Team - Total Goals (0.5) - 1st Half","Home Team Total Goals 0.5 - 1st Half","Home Team: Team Over/Under - 1st Half 0.5","1st Half Home Team Over/Under 0.5 Goals","Home Team First Half Over/Under 0.5 Goals",NA,"Under 0.5","Under","Under","Under","Under",NA,-147,-157,-145,-150,-140,NA
"287","2023-07-30T18:00:00Z","Argentina Liga Profesional de Futbol","Arsenal Sarandi-Colon","Home Team - Total Goals (0.5) - 1st Half","Home Team Total Goals 0.5 - 1st Half","Home Team: Team Over/Under - 1st Half 0.5","1st Half Home Team Over/Under 0.5 Goals","Home Team First Half Over/Under 0.5 Goals",NA,"Over 0.5","Over","Over","Over","Over",NA,145,155,155,160,160,NA
"288","2023-07-30T18:00:00Z","Argentina Liga Profesional de Futbol","Arsenal Sarandi-Colon","Home Team - Total Goals (0.5) - 1st Half","Home Team Total Goals 0.5 - 1st Half","Home Team: Team Over/Under - 1st Half 0.5","1st Half Home Team Over/Under 0.5 Goals","Home Team First Half Over/Under 0.5 Goals",NA,"Under 0.5","Under","Under","Under","Under",NA,-204,-225,-205,-210,-210,NA
"289","2023-07-30T20:30:00Z","Argentina Liga Profesional de Futbol","Huracan-Velez Sarsfield","Home Team - Total Goals (0.5) - 1st Half","Home Team Total Goals 0.5 - 1st Half","Home Team: Team Over/Under - 1st Half 0.5","1st Half Home Team Over/Under 0.5 Goals","Home Team First Half Over/Under 0.5 Goals",NA,"Over 0.5","Over","Over","Over","Over",NA,150,163,160,165,158,NA
"290","2023-07-30T20:30:00Z","Argentina Liga Profesional de Futbol","Huracan-Velez Sarsfield","Home Team - Total Goals (0.5) - 1st Half","Home Team Total Goals 0.5 - 1st Half","Home Team: Team Over/Under - 1st Half 0.5","1st Half Home Team Over/Under 0.5 Goals","Home Team First Half Over/Under 0.5 Goals",NA,"Under 0.5","Under","Under","Under","Under",NA,-217,-235,-210,-220,-205,NA
"291","2023-07-30T23:00:00Z","Argentina Liga Profesional de Futbol","Godoy Cruz-Instituto","Home Team - Total Goals (0.5) - 1st Half","Home Team Total Goals 0.5 - 1st Half","Home Team: Team Over/Under - 1st Half 0.5","1st Half Home Team Over/Under 0.5 Goals","Home Team First Half Over/Under 0.5 Goals",NA,"Over 0.5","Over","Over","Over","Over",NA,125,125,130,130,132,NA
"292","2023-07-30T23:00:00Z","Argentina Liga Profesional de Futbol","Godoy Cruz-Instituto","Home Team - Total Goals (0.5) - 1st Half","Home Team Total Goals 0.5 - 1st Half","Home Team: Team Over/Under - 1st Half 0.5","1st Half Home Team Over/Under 0.5 Goals","Home Team First Half Over/Under 0.5 Goals",NA,"Under 0.5","Under","Under","Under","Under",NA,-175,-177,-170,-170,-168,NA
