"","League","Matchup","MGM Market Name","BetRivers Market Name","Draftkings Market Name","Caesars Market Name","Fanduel Market Name","PointsBet Market Name","MGM Selection Name","BetRivers Selection Name","Draftkings Selection Name","Caesars Selection Name","Fanduel Selection Name","PointsBet Selection Name","MGM Odds","BetRivers Odds","Draftkings Odds","Caesars Odds","Fanduel Odds","PointsBet Odds","caesars","Time","update_time","selection"
"1","usa---usl-championship","-","1st Half Result","Half Time","Moneyline 1st Half",NA,NA,NA,NA,NA,NA,NA,NA,NA,-125,-124,-130,NA,NA,NA,"1st Half Betting","2023-10-01T23:00:00.0000000Z",2023-10-01 10:42:30.715715,NA
"2","usa---usl-championship","-","1st Half Result","Half Time","Moneyline 1st Half",NA,NA,NA,NA,NA,NA,NA,NA,NA,-125,480,-130,NA,NA,NA,"1st Half Betting","2023-10-01T23:00:00.0000000Z",2023-10-01 10:42:30.715715,NA
"3","usa---usl-championship","-","1st Half Result","Half Time","Moneyline 1st Half",NA,NA,NA,"Draw","Draw","Draw",NA,NA,NA,145,170,150,NA,NA,NA,"1st Half Betting","2023-10-01T23:00:00.0000000Z",2023-10-01 10:42:30.715715,"Draw"
"4",NA,"-",NA,"3-Way Spread - 1st Half 1",NA,NA,NA,NA,NA,NA,NA,NA,NA,NA,NA,-127,NA,NA,NA,NA,"1st Half Handicap +1",NA,2023-10-01 10:42:30.715715,NA
"5",NA,"-",NA,"3-Way Spread - 1st Half -1",NA,NA,NA,NA,NA,NA,NA,NA,NA,NA,NA,320,NA,NA,NA,NA,"1st Half Handicap -1",NA,2023-10-01 10:42:30.715715,NA
"6",NA,"-",NA,"3-Way Spread - 1st Half -1",NA,NA,NA,NA,NA,"Draw",NA,NA,NA,NA,NA,188,NA,NA,NA,NA,"1st Half Handicap -1",NA,2023-10-01 10:42:30.715715,"Draw"
"7","usa---usl-championship","-","1st Half - Total Goals (0.5)","Total Goals - 1st Half 0.5","Over/Under - 1st Half 0.5",NA,NA,NA,"Over 0.5","Over","Over",NA,NA,NA,-357,-455,-380,NA,NA,NA,"1st Half Over/Under 0.5 Goals","2023-10-01T23:00:00.0000000Z",2023-10-01 10:42:30.715715,"Over 0.5"
"8","usa---usl-championship","-","1st Half - Total Goals (0.5)","Total Goals - 1st Half 0.5","Over/Under - 1st Half 0.5",NA,NA,NA,"Under 0.5","Under","Under",NA,NA,NA,230,275,240,NA,NA,NA,"1st Half Over/Under 0.5 Goals","2023-10-01T23:00:00.0000000Z",2023-10-01 10:42:30.715715,"Under 0.5"
"9","usa---usl-championship","-","1st Half - Total Goals (1.5)","Total Goals - 1st Half 1.5","Over/Under - 1st Half 1.5",NA,NA,NA,"Over 1.5","Over","Over",NA,NA,NA,130,130,135,NA,NA,NA,"1st Half Over/Under 1.5 Goals","2023-10-01T23:00:00.0000000Z",2023-10-01 10:42:30.715715,"Over 1.5"
"10","usa---usl-championship","-","1st Half - Total Goals (1.5)","Total Goals - 1st Half 1.5","Over/Under - 1st Half 1.5",NA,NA,NA,"Under 1.5","Under","Under",NA,NA,NA,-189,-190,-195,NA,NA,NA,"1st Half Over/Under 1.5 Goals","2023-10-01T23:00:00.0000000Z",2023-10-01 10:42:30.715715,"Under 1.5"
"11","usa---usl-championship","-",NA,"Total Goals - 1st Half 2.5","Over/Under - 1st Half 2.5",NA,NA,NA,NA,"Over","Over",NA,NA,NA,NA,450,425,NA,NA,NA,"1st Half Over/Under 2.5 Goals","2023-10-01T23:00:00.0000000Z",2023-10-01 10:42:30.715715,"Over"
"12","usa---usl-championship","-",NA,"Total Goals - 1st Half 2.5","Over/Under - 1st Half 2.5",NA,NA,NA,NA,"Under","Under",NA,NA,NA,NA,-835,-800,NA,NA,NA,"1st Half Over/Under 2.5 Goals","2023-10-01T23:00:00.0000000Z",2023-10-01 10:42:30.715715,"Under"
"13","usa---usl-championship","-","Match Result","Regular Time","Moneyline",NA,NA,NA,NA,NA,NA,NA,NA,NA,-312,-305,-290,NA,NA,NA,"90 Minutes","2023-10-01T23:00:00.0000000Z",2023-10-01 10:42:30.715715,NA
"14","usa---usl-championship","-","Match Result","Regular Time","Moneyline",NA,NA,NA,NA,NA,NA,NA,NA,NA,-312,550,-290,NA,NA,NA,"90 Minutes","2023-10-01T23:00:00.0000000Z",2023-10-01 10:42:30.715715,NA
"15","usa---usl-championship","-","Match Result","Regular Time","Moneyline",NA,NA,NA,"Draw","Draw","Draw",NA,NA,NA,375,400,425,NA,NA,NA,"90 Minutes","2023-10-01T23:00:00.0000000Z",2023-10-01 10:42:30.715715,"Draw"
"16","usa---usl-championship","-",NA,"Total Goals by Away Team 0.5","Away Team: Team Over/Under 0.5",NA,NA,NA,NA,"Over","Over",NA,NA,NA,NA,-162,-160,NA,NA,NA,"Away Team Over/Under 0.5 Goals","2023-10-01T23:00:00.0000000Z",2023-10-01 10:42:30.715715,"Over"
"17","usa---usl-championship","-",NA,"Total Goals by Away Team 0.5","Away Team: Team Over/Under 0.5",NA,NA,NA,NA,"Under","Under",NA,NA,NA,NA,118,110,NA,NA,NA,"Away Team Over/Under 0.5 Goals","2023-10-01T23:00:00.0000000Z",2023-10-01 10:42:30.715715,"Under"
"18","usa---usl-championship","-",NA,"Total Goals by Away Team 1.5","Away Team: Team Over/Under 1.5",NA,NA,NA,NA,"Over","Over",NA,NA,NA,NA,330,320,NA,NA,NA,"Away Team Over/Under 1.5 Goals","2023-10-01T23:00:00.0000000Z",2023-10-01 10:42:30.715715,"Over"
"19","usa---usl-championship","-",NA,"Total Goals by Away Team 1.5","Away Team: Team Over/Under 1.5",NA,NA,NA,NA,"Under","Under",NA,NA,NA,NA,-530,-550,NA,NA,NA,"Away Team Over/Under 1.5 Goals","2023-10-01T23:00:00.0000000Z",2023-10-01 10:42:30.715715,"Under"
"20","usa---usl-championship","-",NA,NA,"Away Team: Team Over/Under 2.5",NA,NA,NA,NA,NA,"Over",NA,NA,NA,NA,NA,950,NA,NA,NA,"Away Team Over/Under 2.5 Goals","2023-10-01T23:00:00.0000000Z",2023-10-01 10:42:30.715715,"Over"
"21","usa---usl-championship","-",NA,NA,"Away Team: Team Over/Under 2.5",NA,NA,NA,NA,NA,"Under",NA,NA,NA,NA,NA,-10000,NA,NA,NA,"Away Team Over/Under 2.5 Goals","2023-10-01T23:00:00.0000000Z",2023-10-01 10:42:30.715715,"Under"
"22","usa---usl-championship","-","Both Teams To Score","Both Teams To Score","Both Teams to Score",NA,NA,NA,"No","No","No",NA,NA,NA,-128,-112,-115,NA,NA,NA,"Both Teams To Score","2023-10-01T23:00:00.0000000Z",2023-10-01 10:42:30.715715,"No"
"23","usa---usl-championship","-","Both Teams To Score","Both Teams To Score","Both Teams to Score",NA,NA,NA,"Yes","Yes","Yes",NA,NA,NA,-111,-122,-125,NA,NA,NA,"Both Teams To Score","2023-10-01T23:00:00.0000000Z",2023-10-01 10:42:30.715715,"Yes"
"24","usa---usl-championship","-","Correct Score","Correct Score","Correct Score",NA,NA,NA,NA,NA,NA,NA,NA,NA,650,1600,550,NA,NA,NA,"Correct Score","2023-10-01T23:00:00.0000000Z",2023-10-01 10:42:30.715715,NA
"25","usa---usl-championship","-","Correct Score","Correct Score","Correct Score",NA,NA,NA,NA,NA,NA,NA,NA,NA,650,3000,550,NA,NA,NA,"Correct Score","2023-10-01T23:00:00.0000000Z",2023-10-01 10:42:30.715715,NA
"26","usa---usl-championship","-","Correct Score","Correct Score","Correct Score",NA,NA,NA,NA,NA,NA,NA,NA,NA,650,8000,550,NA,NA,NA,"Correct Score","2023-10-01T23:00:00.0000000Z",2023-10-01 10:42:30.715715,NA
"27","usa---usl-championship","-","Correct Score","Correct Score","Correct Score",NA,NA,NA,NA,NA,NA,NA,NA,NA,650,27500,550,NA,NA,NA,"Correct Score","2023-10-01T23:00:00.0000000Z",2023-10-01 10:42:30.715715,NA
"28","usa---usl-championship","-","Correct Score","Correct Score","Correct Score",NA,NA,NA,NA,NA,NA,NA,NA,NA,650,700,550,NA,NA,NA,"Correct Score","2023-10-01T23:00:00.0000000Z",2023-10-01 10:42:30.715715,NA
"29","usa---usl-championship","-","Correct Score","Correct Score","Correct Score",NA,NA,NA,NA,NA,NA,NA,NA,NA,650,4500,550,NA,NA,NA,"Correct Score","2023-10-01T23:00:00.0000000Z",2023-10-01 10:42:30.715715,NA
"30","usa---usl-championship","-","Correct Score","Correct Score","Correct Score",NA,NA,NA,NA,NA,NA,NA,NA,NA,650,15000,550,NA,NA,NA,"Correct Score","2023-10-01T23:00:00.0000000Z",2023-10-01 10:42:30.715715,NA
"31","usa---usl-championship","-","Correct Score","Correct Score","Correct Score",NA,NA,NA,NA,NA,NA,NA,NA,NA,650,600,550,NA,NA,NA,"Correct Score","2023-10-01T23:00:00.0000000Z",2023-10-01 10:42:30.715715,NA
"32","usa---usl-championship","-","Correct Score","Correct Score","Correct Score",NA,NA,NA,NA,NA,NA,NA,NA,NA,650,14000,550,NA,NA,NA,"Correct Score","2023-10-01T23:00:00.0000000Z",2023-10-01 10:42:30.715715,NA
"33","usa---usl-championship","-","Correct Score","Correct Score","Correct Score",NA,NA,NA,NA,NA,NA,NA,NA,NA,650,800,550,NA,NA,NA,"Correct Score","2023-10-01T23:00:00.0000000Z",2023-10-01 10:42:30.715715,NA
"34","usa---usl-championship","-","Correct Score","Correct Score","Correct Score",NA,NA,NA,NA,NA,NA,NA,NA,NA,650,950,550,NA,NA,NA,"Correct Score","2023-10-01T23:00:00.0000000Z",2023-10-01 10:42:30.715715,NA
"35","usa---usl-championship","-","Correct Score","Correct Score","Correct Score",NA,NA,NA,NA,NA,NA,NA,NA,NA,650,2000,550,NA,NA,NA,"Correct Score","2023-10-01T23:00:00.0000000Z",2023-10-01 10:42:30.715715,NA
"36","usa---usl-championship","-","Correct Score","Correct Score","Correct Score",NA,NA,NA,NA,NA,NA,NA,NA,NA,650,20000,550,NA,NA,NA,"Correct Score","2023-10-01T23:00:00.0000000Z",2023-10-01 10:42:30.715715,NA
"37","usa---usl-championship","-","Correct Score","Correct Score","Correct Score",NA,NA,NA,NA,NA,NA,NA,NA,NA,650,1300,550,NA,NA,NA,"Correct Score","2023-10-01T23:00:00.0000000Z",2023-10-01 10:42:30.715715,NA
"38","usa---usl-championship","-","Correct Score","Correct Score","Correct Score",NA,NA,NA,NA,NA,NA,NA,NA,NA,650,3300,550,NA,NA,NA,"Correct Score","2023-10-01T23:00:00.0000000Z",2023-10-01 10:42:30.715715,NA
"39","usa---usl-championship","-","Correct Score","Correct Score","Correct Score",NA,NA,NA,NA,NA,NA,NA,NA,NA,650,9000,550,NA,NA,NA,"Correct Score","2023-10-01T23:00:00.0000000Z",2023-10-01 10:42:30.715715,NA
"40","usa---usl-championship","-","Correct Score","Correct Score","Correct Score",NA,NA,NA,NA,NA,NA,NA,NA,NA,650,2500,550,NA,NA,NA,"Correct Score","2023-10-01T23:00:00.0000000Z",2023-10-01 10:42:30.715715,NA
"41","usa---usl-championship","-","Correct Score","Correct Score","Correct Score",NA,NA,NA,NA,NA,NA,NA,NA,NA,650,6600,550,NA,NA,NA,"Correct Score","2023-10-01T23:00:00.0000000Z",2023-10-01 10:42:30.715715,NA
"42","usa---usl-championship","-","Correct Score","Correct Score","Correct Score",NA,NA,NA,NA,NA,NA,NA,NA,NA,650,18000,550,NA,NA,NA,"Correct Score","2023-10-01T23:00:00.0000000Z",2023-10-01 10:42:30.715715,NA
"43","usa---usl-championship","-","Correct Score","Correct Score","Correct Score",NA,NA,NA,NA,NA,NA,NA,NA,NA,650,6000,550,NA,NA,NA,"Correct Score","2023-10-01T23:00:00.0000000Z",2023-10-01 10:42:30.715715,NA
"44","usa---usl-championship","-","Correct Score","Correct Score","Correct Score",NA,NA,NA,NA,NA,NA,NA,NA,NA,650,7000,550,NA,NA,NA,"Correct Score","2023-10-01T23:00:00.0000000Z",2023-10-01 10:42:30.715715,NA
"45","usa---usl-championship","-","Correct Score","Correct Score","Correct Score",NA,NA,NA,"Draw 0-0","Draw 0-0"," 0-0",NA,NA,NA,NA,NA,1400,NA,NA,NA,"Correct Score","2023-10-01T23:00:00.0000000Z",2023-10-01 10:42:30.715715,"Draw 0-0"
"46","usa---usl-championship","-","Correct Score","Correct Score","Correct Score",NA,NA,NA,"Draw 1-1","Draw 1-1"," 1-1",NA,NA,NA,NA,NA,700,NA,NA,NA,"Correct Score","2023-10-01T23:00:00.0000000Z",2023-10-01 10:42:30.715715,"Draw 1-1"
"47","usa---usl-championship","-","Correct Score","Correct Score","Correct Score",NA,NA,NA,"Draw 2-2","Draw 2-2"," 2-2",NA,NA,NA,NA,NA,1600,NA,NA,NA,"Correct Score","2023-10-01T23:00:00.0000000Z",2023-10-01 10:42:30.715715,"Draw 2-2"
"48","usa---usl-championship","-","Correct Score","Correct Score","Correct Score",NA,NA,NA,"Draw 3-3","Draw 3-3"," 3-3",NA,NA,NA,NA,NA,4500,NA,NA,NA,"Correct Score","2023-10-01T23:00:00.0000000Z",2023-10-01 10:42:30.715715,"Draw 3-3"
"49","usa---usl-championship","-","Correct Score","Correct Score","Correct Score",NA,NA,NA,"Draw 0-0","Draw 0-0",NA,NA,NA,NA,1350,1600,550,NA,NA,NA,"Correct Score","2023-10-01T23:00:00.0000000Z",2023-10-01 10:42:30.715715,"Draw 0-0"
"50","usa---usl-championship","-","Correct Score","Correct Score","Correct Score",NA,NA,NA,"Draw 1-1","Draw 1-1",NA,NA,NA,NA,875,800,550,NA,NA,NA,"Correct Score","2023-10-01T23:00:00.0000000Z",2023-10-01 10:42:30.715715,"Draw 1-1"
"51","usa---usl-championship","-","Correct Score","Correct Score","Correct Score",NA,NA,NA,"Draw 2-2","Draw 2-2",NA,NA,NA,NA,1750,1600,550,NA,NA,NA,"Correct Score","2023-10-01T23:00:00.0000000Z",2023-10-01 10:42:30.715715,"Draw 2-2"
"52","usa---usl-championship","-","Correct Score","Correct Score","Correct Score",NA,NA,NA,"Draw 3-3","Draw 3-3",NA,NA,NA,NA,5500,6000,550,NA,NA,NA,"Correct Score","2023-10-01T23:00:00.0000000Z",2023-10-01 10:42:30.715715,"Draw 3-3"
"53","usa---usl-championship","-","Correct Score","Correct Score","Correct Score",NA,NA,NA,"Any other score","Draw 0-0",NA,NA,NA,NA,800,NA,550,NA,NA,NA,"Correct Score","2023-10-01T23:00:00.0000000Z",2023-10-01 10:42:30.715715,"Any other score"
"54","usa---usl-championship","-","Double Chance","Double Chance","Double Chance",NA,NA,NA,NA,NA,NA,NA,NA,NA,-1250,-1430,-1100,NA,NA,NA,"Double Chance","2023-10-01T23:00:00.0000000Z",2023-10-01 10:42:30.715715,NA
"55","usa---usl-championship","-","Double Chance","Double Chance","Double Chance",NA,NA,NA,NA,NA,NA,NA,NA,NA,-1250,-770,-1100,NA,NA,NA,"Double Chance","2023-10-01T23:00:00.0000000Z",2023-10-01 10:42:30.715715,NA
"56","usa---usl-championship","-","Double Chance","Double Chance","Double Chance",NA,NA,NA,NA,NA,NA,NA,NA,NA,-1250,188,-1100,NA,NA,NA,"Double Chance","2023-10-01T23:00:00.0000000Z",2023-10-01 10:42:30.715715,NA
"57","usa---usl-championship","-",NA,"Tie No Bet","Tie No Bet",NA,NA,NA,NA,NA,NA,NA,NA,NA,NA,-910,-1200,NA,NA,NA,"Draw No Bet","2023-10-01T23:00:00.0000000Z",2023-10-01 10:42:30.715715,NA
"58","usa---usl-championship","-",NA,"Tie No Bet","Tie No Bet",NA,NA,NA,NA,NA,NA,NA,NA,NA,NA,440,-1200,NA,NA,NA,"Draw No Bet","2023-10-01T23:00:00.0000000Z",2023-10-01 10:42:30.715715,NA
"59","usa---usl-championship","-",NA,NA,"Home Team: Team Over/Under 0.5",NA,NA,NA,NA,NA,"Over",NA,NA,NA,NA,NA,-1600,NA,NA,NA,"Home Team Over/Under 0.5 Goals","2023-10-01T23:00:00.0000000Z",2023-10-01 10:42:30.715715,"Over"
"60","usa---usl-championship","-",NA,NA,"Home Team: Team Over/Under 0.5",NA,NA,NA,NA,NA,"Under",NA,NA,NA,NA,NA,600,NA,NA,NA,"Home Team Over/Under 0.5 Goals","2023-10-01T23:00:00.0000000Z",2023-10-01 10:42:30.715715,"Under"
"61","usa---usl-championship","-",NA,"Total Goals by Home Team 1.5","Home Team: Team Over/Under 1.5",NA,NA,NA,NA,"Over","Over",NA,NA,NA,NA,-240,-245,NA,NA,NA,"Home Team Over/Under 1.5 Goals","2023-10-01T23:00:00.0000000Z",2023-10-01 10:42:30.715715,"Over"
"62","usa---usl-championship","-",NA,"Total Goals by Home Team 1.5","Home Team: Team Over/Under 1.5",NA,NA,NA,NA,"Under","Under",NA,NA,NA,NA,170,165,NA,NA,NA,"Home Team Over/Under 1.5 Goals","2023-10-01T23:00:00.0000000Z",2023-10-01 10:42:30.715715,"Under"
"63","usa---usl-championship","-",NA,"Total Goals by Home Team 2.5","Home Team: Team Over/Under 2.5",NA,NA,NA,NA,"Over","Over",NA,NA,NA,NA,140,125,NA,NA,NA,"Home Team Over/Under 2.5 Goals","2023-10-01T23:00:00.0000000Z",2023-10-01 10:42:30.715715,"Over"
"64","usa---usl-championship","-",NA,"Total Goals by Home Team 2.5","Home Team: Team Over/Under 2.5",NA,NA,NA,NA,"Under","Under",NA,NA,NA,NA,-195,-180,NA,NA,NA,"Home Team Over/Under 2.5 Goals","2023-10-01T23:00:00.0000000Z",2023-10-01 10:42:30.715715,"Under"
"65","usa---usl-championship","-",NA,NA,"Home Team: Team Over/Under 3.5",NA,NA,NA,NA,NA,"Over",NA,NA,NA,NA,NA,330,NA,NA,NA,"Home Team Over/Under 3.5 Goals","2023-10-01T23:00:00.0000000Z",2023-10-01 10:42:30.715715,"Over"
"66","usa---usl-championship","-",NA,NA,"Home Team: Team Over/Under 3.5",NA,NA,NA,NA,NA,"Under",NA,NA,NA,NA,NA,-575,NA,NA,NA,"Home Team Over/Under 3.5 Goals","2023-10-01T23:00:00.0000000Z",2023-10-01 10:42:30.715715,"Under"
"67","usa---usl-championship","-",NA,NA,"Home Team: Team Over/Under 4.5",NA,NA,NA,NA,NA,"Over",NA,NA,NA,NA,NA,750,NA,NA,NA,"Home Team Over/Under 4.5 Goals","2023-10-01T23:00:00.0000000Z",2023-10-01 10:42:30.715715,"Over"
"68","usa---usl-championship","-",NA,NA,"Home Team: Team Over/Under 4.5",NA,NA,NA,NA,NA,"Under",NA,NA,NA,NA,NA,-3500,NA,NA,NA,"Home Team Over/Under 4.5 Goals","2023-10-01T23:00:00.0000000Z",2023-10-01 10:42:30.715715,"Under"
"69",NA,"-",NA,"Total Goals 0.5",NA,NA,NA,NA,NA,"Under",NA,NA,NA,NA,NA,1400,NA,NA,NA,NA,"Total Match Goals Over/Under 0.5 Goals",NA,2023-10-01 10:42:30.715715,"Under"
"70",NA,"-",NA,"Total Goals 0.5",NA,NA,NA,NA,NA,"Over",NA,NA,NA,NA,NA,NA,NA,NA,NA,NA,"Total Match Goals Over/Under 0.5 Goals",NA,2023-10-01 10:42:30.715715,"Over"
"71","usa---usl-championship","-","Total Goals (1.5)","Total Goals 1.5","Over/Under 1.5",NA,NA,NA,"Over 1.5","Over","Over",NA,NA,NA,-526,-625,-600,NA,NA,NA,"Total Match Goals Over/Under 1.5 Goals","2023-10-01T23:00:00.0000000Z",2023-10-01 10:42:30.715715,"Over 1.5"
"72","usa---usl-championship","-","Total Goals (1.5)","Total Goals 1.5","Over/Under 1.5",NA,NA,NA,"Under 1.5","Under","Under",NA,NA,NA,320,370,340,NA,NA,NA,"Total Match Goals Over/Under 1.5 Goals","2023-10-01T23:00:00.0000000Z",2023-10-01 10:42:30.715715,"Under 1.5"
"73","usa---usl-championship","-","Total Goals (2.5)","Total Goals 2.5","Over/Under 2.5",NA,NA,NA,"Over 2.5","Over","Over",NA,NA,NA,-172,-182,-180,NA,NA,NA,"Total Match Goals Over/Under 2.5 Goals","2023-10-01T23:00:00.0000000Z",2023-10-01 10:42:30.715715,"Over 2.5"
"74","usa---usl-championship","-","Total Goals (2.5)","Total Goals 2.5","Over/Under 2.5",NA,NA,NA,"Under 2.5","Under","Under",NA,NA,NA,120,133,125,NA,NA,NA,"Total Match Goals Over/Under 2.5 Goals","2023-10-01T23:00:00.0000000Z",2023-10-01 10:42:30.715715,"Under 2.5"
"75","usa---usl-championship","-","Total Goals (3.5)","Total Goals 3.5","Over/Under 3.5",NA,NA,NA,"Over 3.5","Over","Over",NA,NA,NA,145,150,140,NA,NA,NA,"Total Match Goals Over/Under 3.5 Goals","2023-10-01T23:00:00.0000000Z",2023-10-01 10:42:30.715715,"Over 3.5"
"76","usa---usl-championship","-","Total Goals (3.5)","Total Goals 3.5","Over/Under 3.5",NA,NA,NA,"Under 3.5","Under","Under",NA,NA,NA,-204,-210,-205,NA,NA,NA,"Total Match Goals Over/Under 3.5 Goals","2023-10-01T23:00:00.0000000Z",2023-10-01 10:42:30.715715,"Under 3.5"
"77","usa---usl-championship","-",NA,"Total Goals 4.5","Over/Under 4.5",NA,NA,NA,NA,"Over","Over",NA,NA,NA,NA,335,310,NA,NA,NA,"Total Match Goals Over/Under 4.5 Goals","2023-10-01T23:00:00.0000000Z",2023-10-01 10:42:30.715715,"Over"
"78","usa---usl-championship","-",NA,"Total Goals 4.5","Over/Under 4.5",NA,NA,NA,NA,"Under","Under",NA,NA,NA,NA,-560,-550,NA,NA,NA,"Total Match Goals Over/Under 4.5 Goals","2023-10-01T23:00:00.0000000Z",2023-10-01 10:42:30.715715,"Under"
"79","usa---usl-championship","-",NA,NA,"Over/Under 5.5",NA,NA,NA,NA,NA,"Over",NA,NA,NA,NA,NA,650,NA,NA,NA,"Total Match Goals Over/Under 5.5 Goals","2023-10-01T23:00:00.0000000Z",2023-10-01 10:42:30.715715,"Over"
"80","usa---usl-championship","-",NA,NA,"Over/Under 5.5",NA,NA,NA,NA,NA,"Under",NA,NA,NA,NA,NA,-1800,NA,NA,NA,"Total Match Goals Over/Under 5.5 Goals","2023-10-01T23:00:00.0000000Z",2023-10-01 10:42:30.715715,"Under"
"81","usa---usl-championship","-",NA,NA,"Team to Win in Both Halves",NA,NA,NA,NA,NA,NA,NA,NA,NA,NA,NA,200,NA,NA,NA,"Win Both Halves","2023-10-01T23:00:00.0000000Z",2023-10-01 10:42:30.715715,NA
"82","usa---usl-championship","-",NA,NA,"Team to Win in Both Halves",NA,NA,NA,NA,NA,NA,NA,NA,NA,NA,NA,2800,NA,NA,NA,"Win Both Halves","2023-10-01T23:00:00.0000000Z",2023-10-01 10:42:30.715715,NA
"83","usa---usl-championship","-",NA,NA,"Team to Win Either Half",NA,NA,NA,NA,NA,NA,NA,NA,NA,NA,NA,-525,NA,NA,NA,"Win Either Half","2023-10-01T23:00:00.0000000Z",2023-10-01 10:42:30.715715,NA
"84","usa---usl-championship","-",NA,NA,"Team to Win Either Half",NA,NA,NA,NA,NA,NA,NA,NA,NA,NA,NA,220,NA,NA,NA,"Win Either Half","2023-10-01T23:00:00.0000000Z",2023-10-01 10:42:30.715715,NA
"85",NA,"Sacramento Republic-Las Vegas Lights",NA,NA,NA,"1st Half Away Team Over/Under 0.5 Goals",NA,"away team total 1st half 0.5",NA,NA,NA,"Over",NA,"Over 0.5",NA,NA,NA,200,NA,190,"1st Half Away Team Over/Under 0.5 Goals",NA,2023-10-01 10:42:30.715715,"Over"
"86",NA,"Sacramento Republic-Las Vegas Lights",NA,NA,NA,"1st Half Away Team Over/Under 0.5 Goals",NA,"away team total 1st half 0.5",NA,NA,NA,"Under",NA,"Under 0.5",NA,NA,NA,-280,NA,-280,"1st Half Away Team Over/Under 0.5 Goals",NA,2023-10-01 10:42:30.715715,"Under"
"87",NA,"Sacramento Republic-Las Vegas Lights",NA,NA,NA,"1st Half Away Team Over/Under 1.5 Goals",NA,NA,NA,NA,NA,"Over",NA,NA,NA,NA,NA,1100,NA,NA,"1st Half Away Team Over/Under 1.5 Goals",NA,2023-10-01 10:42:30.715715,"Over"
"88",NA,"Sacramento Republic-Las Vegas Lights",NA,NA,NA,"1st Half Away Team Over/Under 1.5 Goals",NA,NA,NA,NA,NA,"Under",NA,NA,NA,NA,NA,-5000,NA,NA,"1st Half Away Team Over/Under 1.5 Goals",NA,2023-10-01 10:42:30.715715,"Under"
"89",NA,"Sacramento Republic-Las Vegas Lights",NA,NA,NA,"1st Half Away Team Over/Under 2.5 Goals",NA,NA,NA,NA,NA,"Over",NA,NA,NA,NA,NA,2000,NA,NA,"1st Half Away Team Over/Under 2.5 Goals",NA,2023-10-01 10:42:30.715715,"Over"
"90",NA,"Sacramento Republic-Las Vegas Lights",NA,NA,NA,"1st Half Away Team Over/Under 2.5 Goals",NA,NA,NA,NA,NA,"Under",NA,NA,NA,NA,NA,-30000,NA,NA,"1st Half Away Team Over/Under 2.5 Goals",NA,2023-10-01 10:42:30.715715,"Under"
"91",NA,"Sacramento Republic-Las Vegas Lights",NA,NA,NA,"1st Half Away Team Over/Under 3.5 Goals",NA,NA,NA,NA,NA,"Over",NA,NA,NA,NA,NA,3000,NA,NA,"1st Half Away Team Over/Under 3.5 Goals",NA,2023-10-01 10:42:30.715715,"Over"
"92",NA,"Sacramento Republic-Las Vegas Lights",NA,NA,NA,"1st Half Away Team Over/Under 3.5 Goals",NA,NA,NA,NA,NA,"Under",NA,NA,NA,NA,NA,-100000,NA,NA,"1st Half Away Team Over/Under 3.5 Goals",NA,2023-10-01 10:42:30.715715,"Under"
"93",NA,"Sacramento Republic-Las Vegas Lights",NA,NA,NA,"1st Half Away Team Over/Under 4.5 Goals",NA,NA,NA,NA,NA,"Over",NA,NA,NA,NA,NA,3000,NA,NA,"1st Half Away Team Over/Under 4.5 Goals",NA,2023-10-01 10:42:30.715715,"Over"
"94",NA,"Sacramento Republic-Las Vegas Lights",NA,NA,NA,"1st Half Away Team Over/Under 4.5 Goals",NA,NA,NA,NA,NA,"Under",NA,NA,NA,NA,NA,-100000,NA,NA,"1st Half Away Team Over/Under 4.5 Goals",NA,2023-10-01 10:42:30.715715,"Under"
"95",NA,"Sacramento Republic-Las Vegas Lights",NA,NA,NA,"1st Half Betting","Half-Time Result","half-time result",NA,NA,NA,"Draw","Draw","Draw",NA,NA,NA,145,145,160,"1st Half Betting",NA,2023-10-01 10:42:30.715715,"Draw"
"96",NA,"Sacramento Republic-Las Vegas Lights",NA,NA,NA,"1st Half Betting","Half-Time Result","half-time result",NA,NA,NA,"Las Vegas Lights","Las Vegas Lights","Las Vegas Lights",NA,NA,NA,600,650,550,"1st Half Betting",NA,2023-10-01 10:42:30.715715,"Las Vegas Lights"
"97",NA,"Sacramento Republic-Las Vegas Lights",NA,NA,NA,"1st Half Betting","Half-Time Result","half-time result",NA,NA,NA,"Sacramento Republic","Sacramento Republic","Sacramento Republic",NA,NA,NA,-135,-130,-130,"1st Half Betting",NA,2023-10-01 10:42:30.715715,"Sacramento Republic"
"98",NA,"Sacramento Republic-Las Vegas Lights",NA,NA,NA,"1st Half Handicap +1",NA,NA,NA,NA,NA,"Las Vegas Lights",NA,NA,NA,NA,NA,-113,NA,NA,"1st Half Handicap +1",NA,2023-10-01 10:42:30.715715,"Las Vegas Lights"
"99",NA,"Sacramento Republic-Las Vegas Lights",NA,NA,NA,"1st Half Handicap +2",NA,NA,NA,NA,NA,"Las Vegas Lights",NA,NA,NA,NA,NA,-560,NA,NA,"1st Half Handicap +2",NA,2023-10-01 10:42:30.715715,"Las Vegas Lights"
"100",NA,"Sacramento Republic-Las Vegas Lights",NA,NA,NA,"1st Half Handicap +3",NA,NA,NA,NA,NA,"Las Vegas Lights",NA,NA,NA,NA,NA,-5000,NA,NA,"1st Half Handicap +3",NA,2023-10-01 10:42:30.715715,"Las Vegas Lights"
"101",NA,"Sacramento Republic-Las Vegas Lights",NA,NA,NA,"1st Half Handicap -1",NA,NA,NA,NA,NA,"Tie ",NA,NA,NA,NA,NA,190,NA,NA,"1st Half Handicap -1",NA,2023-10-01 10:42:30.715715,"Tie "
"102",NA,"Sacramento Republic-Las Vegas Lights",NA,NA,NA,"1st Half Handicap -1",NA,NA,NA,NA,NA,"Sacramento Republic",NA,NA,NA,NA,NA,300,NA,NA,"1st Half Handicap -1",NA,2023-10-01 10:42:30.715715,"Sacramento Republic"
"103",NA,"Sacramento Republic-Las Vegas Lights",NA,NA,NA,"1st Half Handicap -2",NA,NA,NA,NA,NA,"Sacramento Republic",NA,NA,NA,NA,NA,950,NA,NA,"1st Half Handicap -2",NA,2023-10-01 10:42:30.715715,"Sacramento Republic"
"104",NA,"Sacramento Republic-Las Vegas Lights",NA,NA,NA,"1st Half Handicap -2",NA,NA,NA,NA,NA,"Tie ",NA,NA,NA,NA,NA,450,NA,NA,"1st Half Handicap -2",NA,2023-10-01 10:42:30.715715,"Tie "
"105",NA,"Sacramento Republic-Las Vegas Lights",NA,NA,NA,"1st Half Handicap -3",NA,NA,NA,NA,NA,"Tie ",NA,NA,NA,NA,NA,1100,NA,NA,"1st Half Handicap -3",NA,2023-10-01 10:42:30.715715,"Tie "
"106",NA,"Sacramento Republic-Las Vegas Lights",NA,NA,NA,"1st Half Handicap -3",NA,NA,NA,NA,NA,"Sacramento Republic",NA,NA,NA,NA,NA,2300,NA,NA,"1st Half Handicap -3",NA,2023-10-01 10:42:30.715715,"Sacramento Republic"
"107",NA,"Sacramento Republic-Las Vegas Lights",NA,NA,NA,"1st Half Home Team Over/Under 0.5 Goals",NA,"home team total 1st half 0.5",NA,NA,NA,"Over",NA,"Over 0.5",NA,NA,NA,-190,NA,-220,"1st Half Home Team Over/Under 0.5 Goals",NA,2023-10-01 10:42:30.715715,"Over"
"108",NA,"Sacramento Republic-Las Vegas Lights",NA,NA,NA,"1st Half Home Team Over/Under 0.5 Goals",NA,"home team total 1st half 0.5",NA,NA,NA,"Under",NA,"Under 0.5",NA,NA,NA,140,NA,155,"1st Half Home Team Over/Under 0.5 Goals",NA,2023-10-01 10:42:30.715715,"Under"
"109",NA,"Sacramento Republic-Las Vegas Lights",NA,NA,NA,"1st Half Home Team Over/Under 1.5 Goals",NA,NA,NA,NA,NA,"Over",NA,NA,NA,NA,NA,230,NA,NA,"1st Half Home Team Over/Under 1.5 Goals",NA,2023-10-01 10:42:30.715715,"Over"
"110",NA,"Sacramento Republic-Las Vegas Lights",NA,NA,NA,"1st Half Home Team Over/Under 1.5 Goals",NA,NA,NA,NA,NA,"Under",NA,NA,NA,NA,NA,-320,NA,NA,"1st Half Home Team Over/Under 1.5 Goals",NA,2023-10-01 10:42:30.715715,"Under"
"111",NA,"Sacramento Republic-Las Vegas Lights",NA,NA,NA,"1st Half Home Team Over/Under 2.5 Goals",NA,NA,NA,NA,NA,"Over",NA,NA,NA,NA,NA,650,NA,NA,"1st Half Home Team Over/Under 2.5 Goals",NA,2023-10-01 10:42:30.715715,"Over"
"112",NA,"Sacramento Republic-Las Vegas Lights",NA,NA,NA,"1st Half Home Team Over/Under 2.5 Goals",NA,NA,NA,NA,NA,"Under",NA,NA,NA,NA,NA,-1400,NA,NA,"1st Half Home Team Over/Under 2.5 Goals",NA,2023-10-01 10:42:30.715715,"Under"
"113",NA,"Sacramento Republic-Las Vegas Lights",NA,NA,NA,"1st Half Home Team Over/Under 3.5 Goals",NA,NA,NA,NA,NA,"Over",NA,NA,NA,NA,NA,1400,NA,NA,"1st Half Home Team Over/Under 3.5 Goals",NA,2023-10-01 10:42:30.715715,"Over"
"114",NA,"Sacramento Republic-Las Vegas Lights",NA,NA,NA,"1st Half Home Team Over/Under 3.5 Goals",NA,NA,NA,NA,NA,"Under",NA,NA,NA,NA,NA,-10000,NA,NA,"1st Half Home Team Over/Under 3.5 Goals",NA,2023-10-01 10:42:30.715715,"Under"
"115",NA,"Sacramento Republic-Las Vegas Lights",NA,NA,NA,"1st Half Home Team Over/Under 4.5 Goals",NA,NA,NA,NA,NA,"Over",NA,NA,NA,NA,NA,2500,NA,NA,"1st Half Home Team Over/Under 4.5 Goals",NA,2023-10-01 10:42:30.715715,"Over"
"116",NA,"Sacramento Republic-Las Vegas Lights",NA,NA,NA,"1st Half Home Team Over/Under 4.5 Goals",NA,NA,NA,NA,NA,"Under",NA,NA,NA,NA,NA,-50000,NA,NA,"1st Half Home Team Over/Under 4.5 Goals",NA,2023-10-01 10:42:30.715715,"Under"
"117",NA,"Sacramento Republic-Las Vegas Lights",NA,NA,NA,"1st Half Over/Under 0.5 Goals","1st Half Over/Under 0.5 Goals",NA,NA,NA,NA,"Over 0.5","Over 0.5",NA,NA,NA,NA,-300,-350,NA,"1st Half Over/Under 0.5 Goals",NA,2023-10-01 10:42:30.715715,"Over 0.5"
"118",NA,"Sacramento Republic-Las Vegas Lights",NA,NA,NA,"1st Half Over/Under 0.5 Goals","1st Half Over/Under 0.5 Goals",NA,NA,NA,NA,"Under 0.5","Under 0.5",NA,NA,NA,NA,210,250,NA,"1st Half Over/Under 0.5 Goals",NA,2023-10-01 10:42:30.715715,"Under 0.5"
"119",NA,"Sacramento Republic-Las Vegas Lights",NA,NA,NA,"1st Half Over/Under 1.5 Goals","1st Half Over/Under 1.5 Goals","1st half goals 1.5",NA,NA,NA,"Over 1.5","Over 1.5","Over 1.5",NA,NA,NA,135,144,132,"1st Half Over/Under 1.5 Goals",NA,2023-10-01 10:42:30.715715,"Over 1.5"
"120",NA,"Sacramento Republic-Las Vegas Lights",NA,NA,NA,"1st Half Over/Under 1.5 Goals","1st Half Over/Under 1.5 Goals","1st half goals 1.5",NA,NA,NA,"Under 1.5","Under 1.5","Under 1.5",NA,NA,NA,-180,-182,-185,"1st Half Over/Under 1.5 Goals",NA,2023-10-01 10:42:30.715715,"Under 1.5"
"121",NA,"Sacramento Republic-Las Vegas Lights",NA,NA,NA,"1st Half Over/Under 2.5 Goals","1st Half Over/Under 2.5 Goals",NA,NA,NA,NA,"Over 2.5","Over 2.5",NA,NA,NA,NA,400,520,NA,"1st Half Over/Under 2.5 Goals",NA,2023-10-01 10:42:30.715715,"Over 2.5"
"122",NA,"Sacramento Republic-Las Vegas Lights",NA,NA,NA,"1st Half Over/Under 2.5 Goals","1st Half Over/Under 2.5 Goals",NA,NA,NA,NA,"Under 2.5","Under 2.5",NA,NA,NA,NA,-700,-850,NA,"1st Half Over/Under 2.5 Goals",NA,2023-10-01 10:42:30.715715,"Under 2.5"
"123",NA,"Sacramento Republic-Las Vegas Lights",NA,NA,NA,"1st Half Over/Under 3.5 Goals","1st Half Over/Under 3.5 Goals",NA,NA,NA,NA,"Over 3.5","Over 3.5",NA,NA,NA,NA,1000,1700,NA,"1st Half Over/Under 3.5 Goals",NA,2023-10-01 10:42:30.715715,"Over 3.5"
"124",NA,"Sacramento Republic-Las Vegas Lights",NA,NA,NA,"1st Half Over/Under 3.5 Goals","1st Half Over/Under 3.5 Goals",NA,NA,NA,NA,"Under 3.5","Under 3.5",NA,NA,NA,NA,-3500,-4500,NA,"1st Half Over/Under 3.5 Goals",NA,2023-10-01 10:42:30.715715,"Under 3.5"
"125",NA,"Sacramento Republic-Las Vegas Lights",NA,NA,NA,"90 Minutes","Moneyline","match result",NA,NA,NA,"Draw","Draw","Draw",NA,NA,NA,350,390,400,"90 Minutes",NA,2023-10-01 10:42:30.715715,"Draw"
"126",NA,"Sacramento Republic-Las Vegas Lights",NA,NA,NA,"90 Minutes","Moneyline","match result",NA,NA,NA,"Las Vegas Lights","Las Vegas Lights","Las Vegas Lights",NA,NA,NA,750,700,700,"90 Minutes",NA,2023-10-01 10:42:30.715715,"Las Vegas Lights"
"127",NA,"Sacramento Republic-Las Vegas Lights",NA,NA,NA,"90 Minutes","Moneyline","match result",NA,NA,NA,"Sacramento Republic","Sacramento Republic","Sacramento Republic",NA,NA,NA,-300,-320,-290,"90 Minutes",NA,2023-10-01 10:42:30.715715,"Sacramento Republic"
"128",NA,"Sacramento Republic-Las Vegas Lights",NA,NA,NA,"Away Team Over/Under 0.5 Goals","Away Team Over/Under 0.5 Goals","away team total 0.5",NA,NA,NA,"Over","Over","Over 0.5",NA,NA,NA,-140,-142,-140,"Away Team Over/Under 0.5 Goals",NA,2023-10-01 10:42:30.715715,"Over"
"129",NA,"Sacramento Republic-Las Vegas Lights",NA,NA,NA,"Away Team Over/Under 0.5 Goals","Away Team Over/Under 0.5 Goals","away team total 0.5",NA,NA,NA,"Under","Under","Under 0.5",NA,NA,NA,110,112,102,"Away Team Over/Under 0.5 Goals",NA,2023-10-01 10:42:30.715715,"Under"
"130",NA,"Sacramento Republic-Las Vegas Lights",NA,NA,NA,"Away Team Over/Under 1.5 Goals","Away Team Over/Under 1.5 Goals","away team total 1.5",NA,NA,NA,"Over","Over","Over 1.5",NA,NA,NA,320,360,330,"Away Team Over/Under 1.5 Goals",NA,2023-10-01 10:42:30.715715,"Over"
"131",NA,"Sacramento Republic-Las Vegas Lights",NA,NA,NA,"Away Team Over/Under 1.5 Goals","Away Team Over/Under 1.5 Goals","away team total 1.5",NA,NA,NA,"Under","Under","Under 1.5",NA,NA,NA,-500,-530,-550,"Away Team Over/Under 1.5 Goals",NA,2023-10-01 10:42:30.715715,"Under"
"132",NA,"Sacramento Republic-Las Vegas Lights",NA,NA,NA,"Away Team Over/Under 2.5 Goals","Away Team Over/Under 2.5 Goals","away team total 2.5",NA,NA,NA,"Over","Over","Over 2.5",NA,NA,NA,1000,1300,900,"Away Team Over/Under 2.5 Goals",NA,2023-10-01 10:42:30.715715,"Over"
"133",NA,"Sacramento Republic-Las Vegas Lights",NA,NA,NA,"Away Team Over/Under 2.5 Goals","Away Team Over/Under 2.5 Goals","away team total 2.5",NA,NA,NA,"Under","Under","Under 2.5",NA,NA,NA,-3500,-5000,-5000,"Away Team Over/Under 2.5 Goals",NA,2023-10-01 10:42:30.715715,"Under"
"134",NA,"Sacramento Republic-Las Vegas Lights",NA,NA,NA,"Away Team Over/Under 3.5 Goals","Away Team Over/Under 3.5 Goals",NA,NA,NA,NA,"Over","Over",NA,NA,NA,NA,1800,5000,NA,"Away Team Over/Under 3.5 Goals",NA,2023-10-01 10:42:30.715715,"Over"
"135",NA,"Sacramento Republic-Las Vegas Lights",NA,NA,NA,"Away Team Over/Under 3.5 Goals","Away Team Over/Under 3.5 Goals",NA,NA,NA,NA,"Under","Under",NA,NA,NA,NA,-20000,-100000,NA,"Away Team Over/Under 3.5 Goals",NA,2023-10-01 10:42:30.715715,"Under"
"136",NA,"Sacramento Republic-Las Vegas Lights",NA,NA,NA,"Away Team Over/Under 4.5 Goals","Away Team Over/Under 4.5 Goals",NA,NA,NA,NA,"Over","Over",NA,NA,NA,NA,3000,10000,NA,"Away Team Over/Under 4.5 Goals",NA,2023-10-01 10:42:30.715715,"Over"
"137",NA,"Sacramento Republic-Las Vegas Lights",NA,NA,NA,"Away Team Over/Under 4.5 Goals","Away Team Over/Under 4.5 Goals",NA,NA,NA,NA,"Under","Under",NA,NA,NA,NA,-100000,-100000,NA,"Away Team Over/Under 4.5 Goals",NA,2023-10-01 10:42:30.715715,"Under"
"138",NA,"Sacramento Republic-Las Vegas Lights",NA,NA,NA,"Away Team Over/Under 5.5 Goals","Away Team Over/Under 5.5 Goals",NA,NA,NA,NA,"Over","Over",NA,NA,NA,NA,3000,10000,NA,"Away Team Over/Under 5.5 Goals",NA,2023-10-01 10:42:30.715715,"Over"
"139",NA,"Sacramento Republic-Las Vegas Lights",NA,NA,NA,"Away Team Over/Under 5.5 Goals","Away Team Over/Under 5.5 Goals",NA,NA,NA,NA,"Under","Under",NA,NA,NA,NA,-100000,-100000,NA,"Away Team Over/Under 5.5 Goals",NA,2023-10-01 10:42:30.715715,"Under"
"140",NA,"Sacramento Republic-Las Vegas Lights",NA,NA,NA,"Both Teams To Score","Both Teams To Score","both teams to score",NA,NA,NA,"No","No","No",NA,NA,NA,-110,-110,-120,"Both Teams To Score",NA,2023-10-01 10:42:30.715715,"No"
"141",NA,"Sacramento Republic-Las Vegas Lights",NA,NA,NA,"Both Teams To Score","Both Teams To Score","both teams to score",NA,NA,NA,"Yes","Yes","Yes",NA,NA,NA,-120,-116,-115,"Both Teams To Score",NA,2023-10-01 10:42:30.715715,"Yes"
"142",NA,"Sacramento Republic-Las Vegas Lights",NA,NA,NA,"Correct Score","Correct Score","correct score",NA,NA,NA,"Draw 0-0","Draw 0-0","Draw 0-0",NA,NA,NA,1400,1600,1300,"Correct Score",NA,2023-10-01 10:42:30.715715,"Draw 0-0"
"143",NA,"Sacramento Republic-Las Vegas Lights",NA,NA,NA,"Correct Score","Correct Score","correct score",NA,NA,NA,"Draw 1-1","Draw 1-1","Draw 1-1",NA,NA,NA,750,950,850,"Correct Score",NA,2023-10-01 10:42:30.715715,"Draw 1-1"
"144",NA,"Sacramento Republic-Las Vegas Lights",NA,NA,NA,"Correct Score","Correct Score","correct score",NA,NA,NA,"Draw 2-2","Draw 2-2","Draw 2-2",NA,NA,NA,1600,1700,1500,"Correct Score",NA,2023-10-01 10:42:30.715715,"Draw 2-2"
"145",NA,"Sacramento Republic-Las Vegas Lights",NA,NA,NA,"Correct Score","Correct Score","correct score",NA,NA,NA,"Draw 3-3","Draw 3-3","Draw 3-3",NA,NA,NA,5500,7000,5000,"Correct Score",NA,2023-10-01 10:42:30.715715,"Draw 3-3"
"146",NA,"Sacramento Republic-Las Vegas Lights",NA,NA,NA,"Correct Score","Correct Score","correct score",NA,NA,NA,"Las Vegas Lights 1-0","Las Vegas Lights","Las Vegas Lights",NA,NA,NA,2000,2500,2000,"Correct Score",NA,2023-10-01 10:42:30.715715,"Las Vegas Lights 1-0"
"147",NA,"Sacramento Republic-Las Vegas Lights",NA,NA,NA,"Correct Score","Correct Score","correct score",NA,NA,NA,"Sacramento Republic 2-0","Sacramento Republic","Sacramento Republic",NA,NA,NA,575,650,600,"Correct Score",NA,2023-10-01 10:42:30.715715,"Sacramento Republic 2-0"
"148",NA,"Sacramento Republic-Las Vegas Lights",NA,NA,NA,"Correct Score","Correct Score","correct score",NA,NA,NA,"Sacramento Republic 3-0","Draw 0-0","Draw 0-0",NA,NA,NA,750,NA,1300,"Correct Score",NA,2023-10-01 10:42:30.715715,"Sacramento Republic 3-0"
"149",NA,"Sacramento Republic-Las Vegas Lights",NA,NA,NA,"Correct Score","Correct Score","correct score",NA,NA,NA,"Sacramento Republic 2-1","Draw 0-0","Draw 0-0",NA,NA,NA,750,NA,1300,"Correct Score",NA,2023-10-01 10:42:30.715715,"Sacramento Republic 2-1"
"150",NA,"Sacramento Republic-Las Vegas Lights",NA,NA,NA,"Correct Score","Correct Score","correct score",NA,NA,NA,"Sacramento Republic 3-1","Draw 0-0","Draw 0-0",NA,NA,NA,950,NA,1300,"Correct Score",NA,2023-10-01 10:42:30.715715,"Sacramento Republic 3-1"
"151",NA,"Sacramento Republic-Las Vegas Lights",NA,NA,NA,"Correct Score","Correct Score","correct score",NA,NA,NA,"Sacramento Republic 4-0","Draw 0-0","Draw 0-0",NA,NA,NA,1300,NA,1300,"Correct Score",NA,2023-10-01 10:42:30.715715,"Sacramento Republic 4-0"
"152",NA,"Sacramento Republic-Las Vegas Lights",NA,NA,NA,"Correct Score","Correct Score","correct score",NA,NA,NA,"Sacramento Republic 4-1","Draw 0-0","Draw 0-0",NA,NA,NA,1600,NA,1300,"Correct Score",NA,2023-10-01 10:42:30.715715,"Sacramento Republic 4-1"
"153",NA,"Sacramento Republic-Las Vegas Lights",NA,NA,NA,"Correct Score","Correct Score","correct score",NA,NA,NA,"Las Vegas Lights 2-1","Draw 0-0","Draw 0-0",NA,NA,NA,2200,NA,1300,"Correct Score",NA,2023-10-01 10:42:30.715715,"Las Vegas Lights 2-1"
"154",NA,"Sacramento Republic-Las Vegas Lights",NA,NA,NA,"Correct Score","Correct Score","correct score",NA,NA,NA,"Sacramento Republic 3-2","Draw 0-0","Draw 0-0",NA,NA,NA,2300,NA,1300,"Correct Score",NA,2023-10-01 10:42:30.715715,"Sacramento Republic 3-2"
"155",NA,"Sacramento Republic-Las Vegas Lights",NA,NA,NA,"Correct Score","Correct Score","correct score",NA,NA,NA,"Sacramento Republic 5-0","Draw 0-0","Draw 0-0",NA,NA,NA,2600,NA,1300,"Correct Score",NA,2023-10-01 10:42:30.715715,"Sacramento Republic 5-0"
"156",NA,"Sacramento Republic-Las Vegas Lights",NA,NA,NA,"Correct Score","Correct Score","correct score",NA,NA,NA,"Sacramento Republic 5-1","Draw 0-0","Draw 0-0",NA,NA,NA,3000,NA,1300,"Correct Score",NA,2023-10-01 10:42:30.715715,"Sacramento Republic 5-1"
"157",NA,"Sacramento Republic-Las Vegas Lights",NA,NA,NA,"Correct Score","Correct Score","correct score",NA,NA,NA,"Sacramento Republic 4-2","Draw 0-0","Draw 0-0",NA,NA,NA,3500,NA,1300,"Correct Score",NA,2023-10-01 10:42:30.715715,"Sacramento Republic 4-2"
"158",NA,"Sacramento Republic-Las Vegas Lights",NA,NA,NA,"Correct Score","Correct Score","correct score",NA,NA,NA,"Las Vegas Lights 2-0","Draw 0-0","Draw 0-0",NA,NA,NA,4500,NA,1300,"Correct Score",NA,2023-10-01 10:42:30.715715,"Las Vegas Lights 2-0"
"159",NA,"Sacramento Republic-Las Vegas Lights",NA,NA,NA,"Correct Score","Correct Score","correct score",NA,NA,NA,"Sacramento Republic 6-0","Draw 0-0","Draw 0-0",NA,NA,NA,5500,NA,1300,"Correct Score",NA,2023-10-01 10:42:30.715715,"Sacramento Republic 6-0"
"160",NA,"Sacramento Republic-Las Vegas Lights",NA,NA,NA,"Correct Score","Correct Score","correct score",NA,NA,NA,"Las Vegas Lights 3-2","Draw 0-0","Draw 0-0",NA,NA,NA,5500,NA,1300,"Correct Score",NA,2023-10-01 10:42:30.715715,"Las Vegas Lights 3-2"
"161",NA,"Sacramento Republic-Las Vegas Lights",NA,NA,NA,"Correct Score","Correct Score","correct score",NA,NA,NA,"Las Vegas Lights 3-1","Draw 0-0","Draw 0-0",NA,NA,NA,6000,NA,1300,"Correct Score",NA,2023-10-01 10:42:30.715715,"Las Vegas Lights 3-1"
"162",NA,"Sacramento Republic-Las Vegas Lights",NA,NA,NA,"Correct Score","Correct Score","correct score",NA,NA,NA,"Sacramento Republic 6-1","Draw 0-0","Draw 0-0",NA,NA,NA,6000,NA,1300,"Correct Score",NA,2023-10-01 10:42:30.715715,"Sacramento Republic 6-1"
"163",NA,"Sacramento Republic-Las Vegas Lights",NA,NA,NA,"Correct Score","Correct Score","correct score",NA,NA,NA,"Sacramento Republic 5-2","Draw 0-0","Draw 0-0",NA,NA,NA,6000,NA,1300,"Correct Score",NA,2023-10-01 10:42:30.715715,"Sacramento Republic 5-2"
"164",NA,"Sacramento Republic-Las Vegas Lights",NA,NA,NA,"Correct Score","Correct Score","correct score",NA,NA,NA,"Sacramento Republic 4-3","Draw 0-0","Draw 0-0",NA,NA,NA,8000,NA,1300,"Correct Score",NA,2023-10-01 10:42:30.715715,"Sacramento Republic 4-3"
"165",NA,"Sacramento Republic-Las Vegas Lights",NA,NA,NA,"Correct Score","Correct Score","correct score",NA,NA,NA,"Sacramento Republic 7-0","Draw 0-0","Draw 0-0",NA,NA,NA,9000,NA,1300,"Correct Score",NA,2023-10-01 10:42:30.715715,"Sacramento Republic 7-0"
"166",NA,"Sacramento Republic-Las Vegas Lights",NA,NA,NA,"Correct Score","Correct Score","correct score",NA,NA,NA,"Las Vegas Lights 3-0","Draw 0-0","Draw 0-0",NA,NA,NA,9000,NA,1300,"Correct Score",NA,2023-10-01 10:42:30.715715,"Las Vegas Lights 3-0"
"167",NA,"Sacramento Republic-Las Vegas Lights",NA,NA,NA,"Correct Score","Correct Score","correct score",NA,NA,NA,"Sacramento Republic 6-2","Draw 0-0","Draw 0-0",NA,NA,NA,9000,NA,1300,"Correct Score",NA,2023-10-01 10:42:30.715715,"Sacramento Republic 6-2"
"168",NA,"Sacramento Republic-Las Vegas Lights",NA,NA,NA,"Correct Score","Correct Score","correct score",NA,NA,NA,"Sacramento Republic 7-1","Draw 0-0","Draw 0-0",NA,NA,NA,10000,NA,1300,"Correct Score",NA,2023-10-01 10:42:30.715715,"Sacramento Republic 7-1"
"169",NA,"Sacramento Republic-Las Vegas Lights",NA,NA,NA,"Correct Score","Correct Score","correct score",NA,NA,NA,"Las Vegas Lights 4-2","Draw 0-0","Draw 0-0",NA,NA,NA,10000,NA,1300,"Correct Score",NA,2023-10-01 10:42:30.715715,"Las Vegas Lights 4-2"
"170",NA,"Sacramento Republic-Las Vegas Lights",NA,NA,NA,"Correct Score","Correct Score","correct score",NA,NA,NA,"Las Vegas Lights 4-1","Draw 0-0","Draw 0-0",NA,NA,NA,10000,NA,1300,"Correct Score",NA,2023-10-01 10:42:30.715715,"Las Vegas Lights 4-1"
"171",NA,"Sacramento Republic-Las Vegas Lights",NA,NA,NA,"Correct Score","Correct Score","correct score",NA,NA,NA,"Las Vegas Lights 4-3","Draw 0-0","Draw 0-0",NA,NA,NA,12500,NA,1300,"Correct Score",NA,2023-10-01 10:42:30.715715,"Las Vegas Lights 4-3"
"172",NA,"Sacramento Republic-Las Vegas Lights",NA,NA,NA,"Correct Score","Correct Score","correct score",NA,NA,NA,"Las Vegas Lights 5-2","Draw 0-0","Draw 0-0",NA,NA,NA,12500,NA,1300,"Correct Score",NA,2023-10-01 10:42:30.715715,"Las Vegas Lights 5-2"
"173",NA,"Sacramento Republic-Las Vegas Lights",NA,NA,NA,"Correct Score","Correct Score","correct score",NA,NA,NA,"Las Vegas Lights 4-0","Draw 0-0","Draw 0-0",NA,NA,NA,12500,NA,1300,"Correct Score",NA,2023-10-01 10:42:30.715715,"Las Vegas Lights 4-0"
"174",NA,"Sacramento Republic-Las Vegas Lights",NA,NA,NA,"Correct Score","Correct Score","correct score",NA,NA,NA,"Sacramento Republic 8-0","Draw 0-0","Draw 0-0",NA,NA,NA,12500,NA,1300,"Correct Score",NA,2023-10-01 10:42:30.715715,"Sacramento Republic 8-0"
"175",NA,"Sacramento Republic-Las Vegas Lights",NA,NA,NA,"Correct Score","Correct Score","correct score",NA,NA,NA,"Sacramento Republic 10-0","Draw 0-0","Draw 0-0",NA,NA,NA,15000,NA,1300,"Correct Score",NA,2023-10-01 10:42:30.715715,"Sacramento Republic 10-0"
"176",NA,"Sacramento Republic-Las Vegas Lights",NA,NA,NA,"Correct Score","Correct Score","correct score",NA,NA,NA,"Sacramento Republic 9-0","Draw 0-0","Draw 0-0",NA,NA,NA,15000,NA,1300,"Correct Score",NA,2023-10-01 10:42:30.715715,"Sacramento Republic 9-0"
"177",NA,"Sacramento Republic-Las Vegas Lights",NA,NA,NA,"Correct Score","Correct Score","correct score",NA,NA,NA,"Las Vegas Lights 8-0","Draw 0-0","Draw 0-0",NA,NA,NA,15000,NA,1300,"Correct Score",NA,2023-10-01 10:42:30.715715,"Las Vegas Lights 8-0"
"178",NA,"Sacramento Republic-Las Vegas Lights",NA,NA,NA,"Correct Score","Correct Score","correct score",NA,NA,NA,"Las Vegas Lights 7-0","Draw 0-0","Draw 0-0",NA,NA,NA,15000,NA,1300,"Correct Score",NA,2023-10-01 10:42:30.715715,"Las Vegas Lights 7-0"
"179",NA,"Sacramento Republic-Las Vegas Lights",NA,NA,NA,"Correct Score","Correct Score","correct score",NA,NA,NA,"Las Vegas Lights 5-0","Draw 0-0","Draw 0-0",NA,NA,NA,15000,NA,1300,"Correct Score",NA,2023-10-01 10:42:30.715715,"Las Vegas Lights 5-0"
"180",NA,"Sacramento Republic-Las Vegas Lights",NA,NA,NA,"Correct Score","Correct Score","correct score",NA,NA,NA,"Las Vegas Lights 7-1","Draw 0-0","Draw 0-0",NA,NA,NA,15000,NA,1300,"Correct Score",NA,2023-10-01 10:42:30.715715,"Las Vegas Lights 7-1"
"181",NA,"Sacramento Republic-Las Vegas Lights",NA,NA,NA,"Correct Score","Correct Score","correct score",NA,NA,NA,"Las Vegas Lights 6-0","Draw 0-0","Draw 0-0",NA,NA,NA,15000,NA,1300,"Correct Score",NA,2023-10-01 10:42:30.715715,"Las Vegas Lights 6-0"
"182",NA,"Sacramento Republic-Las Vegas Lights",NA,NA,NA,"Correct Score","Correct Score","correct score",NA,NA,NA,"Las Vegas Lights 5-1","Draw 0-0","Draw 0-0",NA,NA,NA,15000,NA,1300,"Correct Score",NA,2023-10-01 10:42:30.715715,"Las Vegas Lights 5-1"
"183",NA,"Sacramento Republic-Las Vegas Lights",NA,NA,NA,"Correct Score","Correct Score","correct score",NA,NA,NA,"Las Vegas Lights 6-1","Draw 0-0","Draw 0-0",NA,NA,NA,15000,NA,1300,"Correct Score",NA,2023-10-01 10:42:30.715715,"Las Vegas Lights 6-1"
"184",NA,"Sacramento Republic-Las Vegas Lights",NA,NA,NA,"Correct Score","Correct Score","correct score",NA,NA,NA,"Las Vegas Lights 6-2","Draw 0-0","Draw 0-0",NA,NA,NA,15000,NA,1300,"Correct Score",NA,2023-10-01 10:42:30.715715,"Las Vegas Lights 6-2"
"185",NA,"Sacramento Republic-Las Vegas Lights",NA,NA,NA,"Correct Score","Correct Score","correct score",NA,NA,NA,"Sacramento Republic 1-0","Draw 1-1","Draw 1-1",NA,NA,NA,700,NA,850,"Correct Score",NA,2023-10-01 10:42:30.715715,"Sacramento Republic 1-0"
"186",NA,"Sacramento Republic-Las Vegas Lights",NA,NA,NA,"Correct Score","Correct Score","correct score",NA,NA,NA,"Draw 4-4","Las Vegas Lights","Las Vegas Lights",NA,NA,NA,12500,NA,2000,"Correct Score",NA,2023-10-01 10:42:30.715715,"Draw 4-4"
"187",NA,"Sacramento Republic-Las Vegas Lights",NA,NA,NA,"Double Chance","Double Chance","double chance",NA,NA,NA,"Las Vegas Lights Or Draw","Las Vegas Lights","Las Vegas Lights",NA,NA,NA,205,210,210,"Double Chance",NA,2023-10-01 10:42:30.715715,"Las Vegas Lights Or Draw"
"188",NA,"Sacramento Republic-Las Vegas Lights",NA,NA,NA,"Double Chance","Double Chance","double chance",NA,NA,NA,"Sacramento Republic Or Draw","Sacramento Republic","Sacramento Republic",NA,NA,NA,-1750,-1200,-1250,"Double Chance",NA,2023-10-01 10:42:30.715715,"Sacramento Republic Or Draw"
"189",NA,"Sacramento Republic-Las Vegas Lights",NA,NA,NA,"Double Chance","Double Chance","double chance",NA,NA,NA,"Sacramento Republic Or Las Vegas Lights","Las Vegas Lights","Las Vegas Lights",NA,NA,NA,-590,NA,210,"Double Chance",NA,2023-10-01 10:42:30.715715,"Sacramento Republic Or Las Vegas Lights"
"190",NA,"Sacramento Republic-Las Vegas Lights",NA,NA,NA,"Draw No Bet",NA,"draw no bet",NA,NA,NA,"Las Vegas Lights",NA,"Las Vegas Lights",NA,NA,NA,450,NA,490,"Draw No Bet",NA,2023-10-01 10:42:30.715715,"Las Vegas Lights"
"191",NA,"Sacramento Republic-Las Vegas Lights",NA,NA,NA,"Draw No Bet",NA,"draw no bet",NA,NA,NA,"Sacramento Republic",NA,"Sacramento Republic",NA,NA,NA,-800,NA,-950,"Draw No Bet",NA,2023-10-01 10:42:30.715715,"Sacramento Republic"
"192",NA,"Sacramento Republic-Las Vegas Lights",NA,NA,NA,"Home Team Over/Under 0.5 Goals","Home Team Over/Under 0.5 Goals",NA,NA,NA,NA,"Over","Over",NA,NA,NA,NA,-1200,-1800,NA,"Home Team Over/Under 0.5 Goals",NA,2023-10-01 10:42:30.715715,"Over"
"193",NA,"Sacramento Republic-Las Vegas Lights",NA,NA,NA,"Home Team Over/Under 0.5 Goals","Home Team Over/Under 0.5 Goals",NA,NA,NA,NA,"Under","Under",NA,NA,NA,NA,600,800,NA,"Home Team Over/Under 0.5 Goals",NA,2023-10-01 10:42:30.715715,"Under"
"194",NA,"Sacramento Republic-Las Vegas Lights",NA,NA,NA,"Home Team Over/Under 1.5 Goals","Home Team Over/Under 1.5 Goals",NA,NA,NA,NA,"Over","Over",NA,NA,NA,NA,-240,-240,NA,"Home Team Over/Under 1.5 Goals",NA,2023-10-01 10:42:30.715715,"Over"
"195",NA,"Sacramento Republic-Las Vegas Lights",NA,NA,NA,"Home Team Over/Under 1.5 Goals","Home Team Over/Under 1.5 Goals",NA,NA,NA,NA,"Under","Under",NA,NA,NA,NA,175,182,NA,"Home Team Over/Under 1.5 Goals",NA,2023-10-01 10:42:30.715715,"Under"
"196",NA,"Sacramento Republic-Las Vegas Lights",NA,NA,NA,"Home Team Over/Under 2.5 Goals","Home Team Over/Under 2.5 Goals","home team total 2.5",NA,NA,NA,"Over","Over","Over 2.5",NA,NA,NA,125,150,136,"Home Team Over/Under 2.5 Goals",NA,2023-10-01 10:42:30.715715,"Over"
"197",NA,"Sacramento Republic-Las Vegas Lights",NA,NA,NA,"Home Team Over/Under 2.5 Goals","Home Team Over/Under 2.5 Goals","home team total 2.5",NA,NA,NA,"Under","Under","Under 2.5",NA,NA,NA,-160,-194,-195,"Home Team Over/Under 2.5 Goals",NA,2023-10-01 10:42:30.715715,"Under"
"198",NA,"Sacramento Republic-Las Vegas Lights",NA,NA,NA,"Home Team Over/Under 3.5 Goals","Home Team Over/Under 3.5 Goals",NA,NA,NA,NA,"Over","Over",NA,NA,NA,NA,300,430,NA,"Home Team Over/Under 3.5 Goals",NA,2023-10-01 10:42:30.715715,"Over"
"199",NA,"Sacramento Republic-Las Vegas Lights",NA,NA,NA,"Home Team Over/Under 3.5 Goals","Home Team Over/Under 3.5 Goals",NA,NA,NA,NA,"Under","Under",NA,NA,NA,NA,-450,-670,NA,"Home Team Over/Under 3.5 Goals",NA,2023-10-01 10:42:30.715715,"Under"
"200",NA,"Sacramento Republic-Las Vegas Lights",NA,NA,NA,"Home Team Over/Under 4.5 Goals","Home Team Over/Under 4.5 Goals",NA,NA,NA,NA,"Over","Over",NA,NA,NA,NA,700,1060,NA,"Home Team Over/Under 4.5 Goals",NA,2023-10-01 10:42:30.715715,"Over"
"201",NA,"Sacramento Republic-Las Vegas Lights",NA,NA,NA,"Home Team Over/Under 4.5 Goals","Home Team Over/Under 4.5 Goals",NA,NA,NA,NA,"Under","Under",NA,NA,NA,NA,-1600,-3500,NA,"Home Team Over/Under 4.5 Goals",NA,2023-10-01 10:42:30.715715,"Under"
"202",NA,"Sacramento Republic-Las Vegas Lights",NA,NA,NA,"Home Team Over/Under 5.5 Goals","Home Team Over/Under 5.5 Goals",NA,NA,NA,NA,"Over","Over",NA,NA,NA,NA,1200,2500,NA,"Home Team Over/Under 5.5 Goals",NA,2023-10-01 10:42:30.715715,"Over"
"203",NA,"Sacramento Republic-Las Vegas Lights",NA,NA,NA,"Home Team Over/Under 5.5 Goals","Home Team Over/Under 5.5 Goals",NA,NA,NA,NA,"Under","Under",NA,NA,NA,NA,-7500,-20000,NA,"Home Team Over/Under 5.5 Goals",NA,2023-10-01 10:42:30.715715,"Under"
"204",NA,"Sacramento Republic-Las Vegas Lights",NA,NA,NA,"Total Match Goals Over/Under 0.5 Goals","Over/Under 0.5 Goals",NA,NA,NA,NA,"Over 0.5","Over 0.5",NA,NA,NA,NA,-3500,-3500,NA,"Total Match Goals Over/Under 0.5 Goals",NA,2023-10-01 10:42:30.715715,"Over 0.5"
"205",NA,"Sacramento Republic-Las Vegas Lights",NA,NA,NA,"Total Match Goals Over/Under 0.5 Goals","Over/Under 0.5 Goals",NA,NA,NA,NA,"Under 0.5","Under 0.5",NA,NA,NA,NA,1000,850,NA,"Total Match Goals Over/Under 0.5 Goals",NA,2023-10-01 10:42:30.715715,"Under 0.5"
"206",NA,"Sacramento Republic-Las Vegas Lights",NA,NA,NA,"Total Match Goals Over/Under 1.5 Goals","Over/Under 1.5 Goals",NA,NA,NA,NA,"Over 1.5","Over 1.5",NA,NA,NA,NA,-550,-600,NA,"Total Match Goals Over/Under 1.5 Goals",NA,2023-10-01 10:42:30.715715,"Over 1.5"
"207",NA,"Sacramento Republic-Las Vegas Lights",NA,NA,NA,"Total Match Goals Over/Under 1.5 Goals","Over/Under 1.5 Goals",NA,NA,NA,NA,"Under 1.5","Under 1.5",NA,NA,NA,NA,340,350,NA,"Total Match Goals Over/Under 1.5 Goals",NA,2023-10-01 10:42:30.715715,"Under 1.5"
"208",NA,"Sacramento Republic-Las Vegas Lights",NA,NA,NA,"Total Match Goals Over/Under 2.5 Goals","Over/Under 2.5 Goals","alternative total goals 2.5",NA,NA,NA,"Over 2.5","Over 2.5","Over 2.5",NA,NA,NA,-170,-164,-165,"Total Match Goals Over/Under 2.5 Goals",NA,2023-10-01 10:42:30.715715,"Over 2.5"
"209",NA,"Sacramento Republic-Las Vegas Lights",NA,NA,NA,"Total Match Goals Over/Under 2.5 Goals","Over/Under 2.5 Goals","alternative total goals 2.5",NA,NA,NA,"Under 2.5","Under 2.5","Under 2.5",NA,NA,NA,130,116,122,"Total Match Goals Over/Under 2.5 Goals",NA,2023-10-01 10:42:30.715715,"Under 2.5"
"210",NA,"Sacramento Republic-Las Vegas Lights",NA,NA,NA,"Total Match Goals Over/Under 3.5 Goals","Over/Under 3.5 Goals","alternative total goals 3.5",NA,NA,NA,"Over 3.5","Over 3.5","Over 3.5",NA,NA,NA,135,148,150,"Total Match Goals Over/Under 3.5 Goals",NA,2023-10-01 10:42:30.715715,"Over 3.5"
"211",NA,"Sacramento Republic-Las Vegas Lights",NA,NA,NA,"Total Match Goals Over/Under 3.5 Goals","Over/Under 3.5 Goals","alternative total goals 3.5",NA,NA,NA,"Under 3.5","Under 3.5","Under 3.5",NA,NA,NA,-180,-215,-210,"Total Match Goals Over/Under 3.5 Goals",NA,2023-10-01 10:42:30.715715,"Under 3.5"
"212",NA,"Sacramento Republic-Las Vegas Lights",NA,NA,NA,"Total Match Goals Over/Under 4.5 Goals","Over/Under 4.5 Goals",NA,NA,NA,NA,"Over 4.5","Over 4.5",NA,NA,NA,NA,300,360,NA,"Total Match Goals Over/Under 4.5 Goals",NA,2023-10-01 10:42:30.715715,"Over 4.5"
"213",NA,"Sacramento Republic-Las Vegas Lights",NA,NA,NA,"Total Match Goals Over/Under 4.5 Goals","Over/Under 4.5 Goals",NA,NA,NA,NA,"Under 4.5","Under 4.5",NA,NA,NA,NA,-450,-600,NA,"Total Match Goals Over/Under 4.5 Goals",NA,2023-10-01 10:42:30.715715,"Under 4.5"
"214",NA,"Sacramento Republic-Las Vegas Lights",NA,NA,NA,"Total Match Goals Over/Under 5.5 Goals","Over/Under 5.5 Goals",NA,NA,NA,NA,"Over 5.5","Over 5.5",NA,NA,NA,NA,600,650,NA,"Total Match Goals Over/Under 5.5 Goals",NA,2023-10-01 10:42:30.715715,"Over 5.5"
"215",NA,"Sacramento Republic-Las Vegas Lights",NA,NA,NA,"Total Match Goals Over/Under 5.5 Goals","Over/Under 5.5 Goals",NA,NA,NA,NA,"Under 5.5","Under 5.5",NA,NA,NA,NA,-1200,-1800,NA,"Total Match Goals Over/Under 5.5 Goals",NA,2023-10-01 10:42:30.715715,"Under 5.5"
"216",NA,"Sacramento Republic-Las Vegas Lights",NA,NA,NA,"Win Both Halves","To Win Both Halves",NA,NA,NA,NA,"Las Vegas Lights","Las Vegas Lights",NA,NA,NA,NA,2500,4600,NA,"Win Both Halves",NA,2023-10-01 10:42:30.715715,"Las Vegas Lights"
"217",NA,"Sacramento Republic-Las Vegas Lights",NA,NA,NA,"Win Both Halves","To Win Both Halves",NA,NA,NA,NA,"Sacramento Republic","Sacramento Republic",NA,NA,NA,NA,210,235,NA,"Win Both Halves",NA,2023-10-01 10:42:30.715715,"Sacramento Republic"
"218",NA,"Sacramento Republic-Las Vegas Lights",NA,NA,NA,"Win Either Half","To Win Either Half","win either half",NA,NA,NA,"Las Vegas Lights","Las Vegas Lights","Las Vegas Lights",NA,NA,NA,280,290,260,"Win Either Half",NA,2023-10-01 10:42:30.715715,"Las Vegas Lights"
"219",NA,"Sacramento Republic-Las Vegas Lights",NA,NA,NA,"Win Either Half","To Win Either Half","win either half",NA,NA,NA,"Sacramento Republic","Sacramento Republic","Sacramento Republic",NA,NA,NA,-400,-600,-500,"Win Either Half",NA,2023-10-01 10:42:30.715715,"Sacramento Republic"
