"team1","team2","draw","odds1","odds2","drawodds","overodds","underodds","min1","min2","minX","minunder","minover","mg1","mg2","gg1","gg2","fg","lg","confirmed","league","id","player1_1","player1_2","player1_3","player1_4","player1_5","player1_6","player1_7","player1_8","player1_9","player1_10","player1_11","player2_1","player2_2","player2_3","player2_4","player2_5","player2_6","player2_7","player2_8","player2_9","player2_10","player2_11","bet1_1","bet1_2","bet1_3","bet1_4","bet1_5","bet1_6","bet1_7","bet1_8","bet1_9","bet1_10","bet1_11","bet2_1","bet2_2","bet2_3","bet2_4","bet2_5","bet2_6","bet2_7","bet2_8","bet2_9","bet2_10","bet2_11","xline1_1","xline1_2","xline1_3","xline1_4","xline1_5","xline1_6","xline1_7","xline1_8","xline1_9","xline1_10","xline1_11","xline2_1","xline2_2","xline2_3","xline2_4","xline2_5","xline2_6","xline2_7","xline2_8","xline2_9","xline2_10","xline2_11","gsline1_1","gsline1_2","gsline1_3","gsline1_4","gsline1_5","gsline1_6","gsline1_7","gsline1_8","gsline1_9","gsline1_10","gsline1_11","gsline2_1","gsline2_2","gsline2_3","gsline2_4","gsline2_5","gsline2_6","gsline2_7","gsline2_8","gsline2_9","gsline2_10","gsline2_11","expass1_1","expass1_2","expass1_3","expass1_4","expass1_5","expass1_6","expass1_7","expass1_8","expass1_9","expass1_10","expass1_11","expass2_1","expass2_2","expass2_3","expass2_4","expass2_5","expass2_6","expass2_7","expass2_8","expass2_9","expass2_10","expass2_11","exshots1_1","exshots1_2","exshots1_3","exshots1_4","exshots1_5","exshots1_6","exshots1_7","exshots1_8","exshots1_9","exshots1_10","exshots1_11","exshots2_1","exshots2_2","exshots2_3","exshots2_4","exshots2_5","exshots2_6","exshots2_7","exshots2_8","exshots2_9","exshots2_10","exshots2_11","exsogs1_1","exsogs1_2","exsogs1_3","exsogs1_4","exsogs1_5","exsogs1_6","exsogs1_7","exsogs1_8","exsogs1_9","exsogs1_10","exsogs1_11","exsogs2_1","exsogs2_2","exsogs2_3","exsogs2_4","exsogs2_5","exsogs2_6","exsogs2_7","exsogs2_8","exsogs2_9","exsogs2_10","exsogs2_11","pos1_1","pos1_2","pos1_3","pos1_4","pos1_5","pos1_6","pos1_7","pos1_8","pos1_9","pos1_10","pos1_11","pos2_1","pos2_2","pos2_3","pos2_4","pos2_5","pos2_6","pos2_7","pos2_8","pos2_9","pos2_10","pos2_11","importance1","importance2","logo1","logo2","time1","formation","manager1","manager2","goalie1","goalie2","day","min1_dif","min2_dif","minX_dif","minO_dif","minU_dif","min1s_dif","min2s_dif","date","americanOdds1","americanOdds2","americanOddsX","americanOddsU","americanOddsO","americanOdds1DC","americanOdds2DC"
"Portland Timbers","Vancouver Whitecaps","draw",44.4,35.1,30.3,58,47.2,36.7,28.6,21.4,32.8,40.1,99,55.7,22.5,4.4,1063.7,2464,"confirmed","USA MLS","4084837","aljaz ivacic","juan mosquera","zac mcgraw","dario zuparic","claudio bravo","diego chara","cristhian paredes","santiago moreno","evander ferreira","yimmi chara","franck boli","ryan gauld","sergio cordova","pedro vite","alessandro schpf","andrs cubas","julian gressel","luis martins","tristan blackmon","ranko veselinovic","javain brown","yohei takaoka","","","","","","","","*","","","","","","","","","","","","","","","5.2632","16.9492","7.1429","5.2632","5.0000","10.0000","19.6078","23.8095","29.4118","23.8095","39.2157","27.0270","30.3030","16.6667","17.2414","6.2500","17.2414","5.2632","11.1111","3.5714","5.2632","23.8095","0.0000","5.6200","1.5075","0.4925","1.8525","2.9050","4.2550","30.3850","10.0350","14.0350","15.1550","20.4575","19.0575","8.3450","8.6250","0.8775","6.4350","1.5825","4.8225","2.2375","2.0925","0.0000",25.5792,46.7168,44.2689,46.5488,59.4916,62.6921,32.9445,24.1791,23.7907,28.327,14.9023,20.9029,10.5777,39.4974,35.1755,48.6522,36.3587,46.5399,51.0051,41.9125,40.8269,38.821,0,0.5783,0.654,0.1973,0.7941,0.2297,1.4427,1.7088,1.6038,1.5145,1.7988,2.6408,1.7364,1.2278,0.9686,0.4298,1.4295,0.4035,0.4425,0.5389,0.5242,0,0,0.3207,0.0963,0.0378,0.1468,0.0923,0.3877,0.5937,0.6157,0.5739,0.7234,0.5522,0.62,0.9909,0.2753,0.1849,0.376,0.1394,0.1313,0.1723,0.1033,0,0,1,1,1,1,2,2,4,4,4,5,5,5,5,3,3,3,1,1,1,1,0,24.7,18.1,"https://images.fotmob.com/image_resources/logo/teamlogo/307690.png","https://images.fotmob.com/image_resources/logo/teamlogo/307691.png",2023-05-13 19:30:00,"4-2-3-1","Giovanni Savarese","Vanni Sartini","aljaz ivacic","yohei takaoka","20230513",-7.8,-6.5,-8.9,-17.9,-14.3,-16.7,-15.5,2023-05-13,125,185,230,112,-138,-295,-189
"Club AmÃ©rica","AtlÃ©tico San Luis","draw",76.7,13.3,18.2,72.2,35.7,54,8,18.3,49.2,44.6,50.2,39.9,26.2,3,1520.6,1100,"confirmed","MEX Liga MX","4167672","luis malagon","miguel layun","nstor araujo","sebastian caceres","luis fuentes","lvaro fidalgo","richard sanchez","jonathan rodriguez","leonardo surez","diego valds","federico vinas","lo","jhon murillo","dieter villalpando","vitinho","javier guemez","rodrigo dourado","juan sanabria","unai bilbao","jose garcia","ricardo chavez","andres sanchez","","","","","","","","","","","","*","","","","","","","","","","","15.3846","8.3333","8.3333","9.5238","11.1111","22.2222","27.0270","62.2642","33.3333","44.4444","44.4444","17.2414","17.2414","16.6667","17.2414","6.6667","7.6923","30.3030","11.1111","5.8824","6.6667","11.1111","0.0000","10.9250","1.5825","1.7350","4.9425","6.2700","13.3575","13.7250","13.0875","18.4925","39.1275","27.0825","0.0400","0.0150","0.0175","2.2475","2.7350","2.4425","5.7400","0.8025","3.4900","0.0000",27.8841,52.4685,68.6276,53.9114,54.8042,66.3489,51.4454,13.1857,25.5642,35.5432,16.09,16.7487,14.949,26.1566,21.451,36.4857,41.8264,28.8969,39.3361,37.4904,36.6617,22.4374,0,1.1028,0.7455,0.3107,0.705,1.1616,1.4161,1.4626,2.7216,1.8443,2.8242,1.4013,0.7764,1.2361,2.38,0.8678,0.3359,0.4528,0.3252,0.1647,0.3453,0,0,0.4574,0.0664,0.0664,0.2344,0.3134,0.446,0.728,0.691,0.9179,1.1792,0.5313,0.265,0.2863,0.9948,0.1304,0.166,0.1046,0.0839,0.0245,0.1028,0,0,1,1,1,1,2,2,4,4,4,5,5,4,4,4,2,2,1,1,1,1,0,100,100,"https://images.fotmob.com/image_resources/logo/teamlogo/6576.png","https://images.fotmob.com/image_resources/logo/teamlogo/6358.png",2023-05-13 20:16:00,"4-2-3-1","Fernando Ortiz","Andre Jardine","luis malagon","andres sanchez","20230513",-22.7,-5.3,0.1,-27.6,13.5,-22.6,-5.2,2023-05-13,-329,652,449,180,-260,-1861,217
"Vitesse","Cambuur Leeuwarden","draw",76.7,13.3,19.2,66.2,41.7,71.5,7.9,14.7,35.8,59.8,35.9,76,18.1,11.9,118.3,1712,"expected","NED Eredivisie","3900628","kjell scherpen","carlens arcus","ryan flamingo","nicolas isimat mirin","maximilian wittek","marco van ginkel","melle meulensteen","matus bero","million manhoef","mohamed sankoh","kacper kozlowski","bjrn maars johnsen","navarone foor","mitchell paulissen","daniel van kaam","michael breij","mees hoedemakers","sekou sylla","floris smand","marco tol","doke schmidt","robbin ruiter","","","","","","","","","","*","","","","","","","","","","","","","16.9492","7.6923","17.5439","9.0909","27.7778","29.4118","17.5439","28.5714","32.2581","47.6190","35.0877","25.0000","15.3846","13.3333","13.3333","22.7273","10.0000","5.5556","4.7619","7.6923","3.3333","12.5000","0.0000","2.4475","2.2675","7.4025","9.0425","9.5475","18.7575","9.8925","5.2725","72.5500","4.2575","19.3550","9.2400","5.9850","5.2775","12.5925","1.2600","0.4150","0.4200","0.4600","5.1925","0.0000",28.0566,68.2052,54.8965,60.4958,45.0291,53.6805,64.7189,50.533,36.7699,17.7407,28.2513,16.3764,31.6278,29.2745,29.2628,15.8709,31.9924,24.6731,30.1578,35.3682,30.3488,35.4618,0,0.3987,0.8222,0.3514,1.5972,1.5775,1.8325,1.2147,2.6885,3.632,2.0096,1.1419,1.044,0.7369,0.3458,1.6964,0.3145,0.4438,0.1225,0.2486,0.4231,0,0,0.0777,0.0777,0.1825,0.5227,0.7571,0.3352,0.4202,1.196,1.3464,0.894,0.5313,0.2712,0.1789,0.0801,0.5962,0.065,0.1095,0.0676,0.1002,0.0676,0,0,1,1,1,1,3,3,3,5,5,5,5,3,3,3,3,2,1,1,1,1,0,4.2,0,"https://images.fotmob.com/image_resources/logo/teamlogo/8277.png","https://images.fotmob.com/image_resources/logo/teamlogo/7788.png",2023-05-14 03:15:00,"4-3-3","Phillip Cocu","Sjors Ultee","kjell scherpen","robbin ruiter","20230514",-5.2,-5.5,-4.6,-6.4,-5.9,-9.8,-10,2023-05-14,-329,652,421,140,-196,-2339,208
"Verona","Torino","draw",42.5,30.3,33.3,37.9,67.2,23.6,44.8,24.8,47.5,38.8,20.9,102.8,53,39.1,187.4,2194,"expected","ITA Serie A","3919361","lorenzo montipo","giangiacomo magnani","isak hien","pawel dawidowicz","marco davide faraoni","adrien tamze","oliver abildgaard","darko lazovic","simone verdi","ondrej duda","milan djuric","antonio sanabria","demba seck","nikola vlasic","valentino lazaro","ivan ilic","samuele ricci","wilfried singo","ricardo rodriguez","alessandro buongiorno","andrew gravillon","vanja milinkovic savic","","","","","","","","","","","","","*","*","","","","","","","","","5.2632","4.1667","7.6923","6.6667","16.6667","9.5238","7.6923","21.7391","22.7273","26.3158","22.2222","32.2581","14.2857","17.5439","9.0909","12.5000","7.1429","11.1111","11.7647","4.0000","6.2500","11.7647","0.0000","2.3125","5.1525","2.4250","5.1925","2.1600","11.6350","4.3525","13.9600","15.8025","21.6650","32.1225","21.3750","24.8825","10.6525","4.6950","4.9750","8.9100","8.6675","1.7075","0.1900","0.0000",25.7182,27.3003,48.9949,42.2122,33.5329,35.2828,40.9415,33.6052,20.385,27.8966,17.1386,20.6595,25.0593,37.0345,31.74,57.9897,51.4373,36.5075,64.573,52.0598,55.5875,36.7661,0,0.5443,0.3098,0.5012,1.0205,0.4761,0.6739,0.8731,2.0361,0.5721,1.7652,2.1944,1.198,2.7817,0.806,0.8704,0.8932,1.1432,0.5443,0.5387,0.4393,0,0,0.0978,0.1598,0.076,0.3604,0.1501,0.15,0.3193,0.4127,0.5044,0.5936,0.8932,0.6318,0.7353,0.2683,0.2195,0.3733,0.2723,0.2555,0.1681,0.0453,0,0,1,1,1,3,3,3,3,4,4,5,5,4,4,3,3,3,3,1,1,1,0,77.1,0,"https://images.fotmob.com/image_resources/logo/teamlogo/9876.png","https://images.fotmob.com/image_resources/logo/teamlogo/9804.png",2023-05-14 03:30:00,"3-4-2-1","Marco Zaffaroni","Ivan Juric","lorenzo montipo","vanja milinkovic savic","20230514",-19,14.5,-8.6,0.9,-19.8,-27.6,5.9,2023-05-14,135,230,200,-205,164,-313,-175
"Coventry City","Middlesbrough","draw",39.2,35.7,32.3,47.2,57.6,34.3,37.2,25,47.4,45,18.7,34.3,38.9,25.5,266.1,3208,"matt predicted","ENG Championship","4167820","ben wilson","michael rose","callum doyle","kyle mcfadzean","josh eccles","jake bidwell","ben sheaf","gustavo hamer","jamie allen","matt godden","viktor gykeres","zack steffen","tom smith","ryan giles","patrick mcnair","darragh lenihan","alex mowatt","hayden hackney","chuba akpom","riley mcgree","isaiah jones","cameron archer","","","","","","","","","","","","","","","","","","","","","","","11.1111","5.5556","5.5556","7.6923","13.3333","10.0000","11.1111","23.2558","24.3902","31.2500","40.8163","13.3333","3.2258","13.3333","19.2308","3.2258","16.6667","11.1111","35.7143","16.9492","19.2308","30.3030","0.0000","2.5725","2.9825","7.6250","3.9025","6.8525","2.2500","10.7425","15.3825","28.2250","27.1525","0.0000","6.1625","0.3900","3.5250","3.5025","7.2100","7.7400","37.4850","12.0150","4.0350","29.8250",25.1108,46.5363,47.3285,42.5466,33.3588,25.5557,43.3528,44.9452,33.6238,18.1922,24.9326,40.9177,58.4373,51.4815,58.9324,75.3002,53.5498,70.4667,25.6524,50.3271,42.2827,26.9003,0,0.4055,0.5589,0.7372,0.8232,0.5522,0.8213,1.5769,1.7405,2.1364,2.8431,0,0.5523,0.3968,0.6265,0.7387,1.0762,1.1923,3.2932,2.2173,0.8373,2.608,0,0.121,0.2295,0.1364,0.1955,0.1923,0.099,0.5826,0.652,0.7959,1.1298,0,0.1711,0.0794,0.1297,0.2559,0.4343,0.2257,1.4451,0.7036,0.2375,1.0948,0,1,1,1,3,3,3,3,4,5,5,0,1,1,1,1,2,2,3,3,3,5,100,100,"https://images.fotmob.com/image_resources/logo/teamlogo/8669.png","https://images.fotmob.com/image_resources/logo/teamlogo/8549.png",2023-05-14 04:00:00,"3-4-1-2","Mark Robins","Michael Carrick","ben wilson","zack steffen","20230514",-4.9,1.5,-7.2,-2.2,-10.2,-12.2,-5.7,2023-05-14,155,180,210,-136,112,-251,-213
"Clermont Foot","Lyon","draw",23.8,56.5,27,57.6,47.2,24,43.8,24.9,49.8,45.4,73.2,23.9,48,58.6,241.7,2204,"expected","FRA Ligue 1","3904732","mory diaw","alidu seidu","florent ogier","maximiliano caufriez","jim allevinah","johan gastien","yohann magnin","neto borges","muhammed cham saracevic","grejohn kyei","elbasan rashani","alexandre lacazette","bradley barcola","maxence caqueret","rayan cherki","corentin tolisso","thiago mendes","nicols tagliafico","dejan lovren","castello lukeba","malo gusto","anthony lopes","","","*","","","","","","","","","","","","","","","","","","","","4.5455","6.6667","5.0000","4.0000","19.6078","13.3333","5.8824","11.7647","25.6410","28.5714","25.0000","53.4884","33.3333","16.6667","33.8983","22.7273","14.2857","9.5238","9.0909","15.3846","5.2632","17.2414","0.0000","0.2000","11.6325","0.2375","6.1025","5.5375","2.7950","1.5875","13.9725","27.3875","13.8125","34.1625","28.5550","4.7000","23.6225","5.3325","7.5475","2.7200","2.7475","3.8000","2.7775","0.0000",35.8351,39.8979,55.2982,41.5201,23.5231,58.2109,41.7136,28.3969,25.2275,15.7574,21.7102,19.6262,20.8456,45.8588,35.0395,53.1638,57.448,41.1128,64.2211,66.5094,59.9092,30.6521,0,0.1669,0.9725,0.5299,1.2119,0.6031,0.8718,0.4393,0.8098,2.1582,2.2293,2.1539,2.0197,0.8805,2.0117,0.8603,0.7278,0.5225,0.8641,0.2894,0.5205,0,0,0.1026,0.3055,0.1026,0.4619,0.2717,0.0914,0.1,0.6275,0.5956,0.6538,0.9985,0.7088,0.2038,0.9872,0.2447,0.2418,0.1331,0.1498,0.1331,0.1331,0,0,1,1,1,3,3,3,3,5,5,5,5,3,3,3,2,2,1,1,1,1,0,0,0,"https://images.fotmob.com/image_resources/logo/teamlogo/8311.png","https://images.fotmob.com/image_resources/logo/teamlogo/9748.png",2023-05-14 04:00:00,"3-4-3","Pascal Gastien","Laurent Blanc","mory diaw","anthony lopes","20230514",0.2,-12.7,-2.2,-12.2,2.6,-2,-14.9,2023-05-14,320,-130,270,112,-136,-103,-506
"Antwerp","Club Brugge","draw",53.5,27,28.6,54.5,53.7,37.7,30.4,25.3,48,43.2,47.9,10.7,57.1,69.5,1520.6,1720,"matt predicted","BEL First Division A","4161641","jean butez","jelle bataille","ritchie de laet","william pacho","toby alderweireld","alhassan yusuf","arthur vermeeren","calvin stengs","jurgen ekkelenkamp","michel ange balikwisha","vincent janssen","simon mignolet","denis odoi","clinton mata","bjorn meijer","brandon mechele","mats rits","raphael onyedika","andreas skov olsen","casper nielsen","hans vanaken","ferrn jutglà","","","","","","","","","","","","","","","","","","","","","","","28.5714","5.5556","23.2558","5.5556","18.5185","15.3846","11.7647","19.6078","33.3333","28.5714","48.7805","31.2500","5.8824","4.0000","12.5000","5.0000","14.2857","8.3333","19.6078","19.2308","19.6078","28.5714","0.0000","1.2700","5.1775","1.6075","5.5625","9.6950","1.0900","8.3450","22.3300","19.8300","27.5950","0.0000","7.1600","0.3875","3.3575","1.3300","8.2425","1.5550","12.1675","10.0625","22.4975","24.7475",36.9369,42.5217,43.66,61.6835,59.8244,58.26,43.2811,39.3453,26.8507,30.2482,18.8776,36.3475,48.3825,39.8076,40.1278,49.416,38.2404,55.4512,22.338,23.2105,44.9782,17.532,0,0.401,0.7096,0.3106,0.6999,0.8896,0.9221,1.8682,1.8907,1.4854,2.2048,0,0.6969,0.2502,0.5631,0.37,1.3306,0.342,1.6929,1.5476,1.6957,1.9532,0,0.1331,0.2327,0.041,0.1568,0.3188,0.1815,0.4503,0.5452,0.8967,0.8941,0,0.1903,0.0412,0.1636,0.1129,0.3737,0.0729,0.536,0.4693,0.7671,0.7976,0,1,1,1,1,2,2,3,3,3,5,0,1,1,1,1,2,2,3,3,3,5,100,0,"https://images.fotmob.com/image_resources/logo/teamlogo/9988.png","https://images.fotmob.com/image_resources/logo/teamlogo/8342.png",2023-05-14 04:30:00,"4-2-3-1","Mark van Bommel","Rik De Mil","jean butez","simon mignolet","20230514",-15.8,3.3,-3.2,-11.3,-5.7,-19,0.1,2023-05-14,-115,270,250,-116,-120,-459,-125
"Hannover 96","SV Darmstadt 98","draw",25.6,56.5,25,62.7,45.5,25.3,42.3,26.3,54.5,33.4,61.8,31.1,16.1,15.6,95.1,528,"matt predicted","GER 2. Bundesliga","3904269","ron robert zieler","derrick khn","julian brner","phil neumann","enzo leopold","max besuschkow","sei muroya","fabian kunze","hvard nielsen","cedric teuchert","maximilian beier","marcel schuhen","thomas isherwood","patric pfeiffer","jannik mller","christoph zimmermann","fabian schnellhardt","fabian holland","matthias bader","tobias kempe","phillip tietz","filip stojilkovic","","","","","","","","","","","","","","","","","","","","","","","29.4118","18.1818","11.1111","3.4483","35.7143","12.5000","15.3846","10.0000","31.2500","33.3333","30.3030","8.3333","7.6923","15.3846","7.6923","7.6923","15.3846","14.2857","9.5238","30.3030","41.6667","35.7143","0.0000","1.6050","3.4900","1.6250","2.1150","2.1275","12.2325","1.9800","11.5575","19.9600","24.2075","0.0000","0.7275","4.8475","3.1850","0.1025","1.7125","7.6425","6.5850","21.7875","31.1000","25.2100",34.0079,37.9305,51.615,44.8124,33.5039,49.3945,24.665,35.9592,31.856,15.7395,21.5028,36.1206,41.3234,51.0908,43.3142,48.9579,39.558,42.4571,33.2724,32.4902,26.7875,14.4841,0,0.6402,0.3909,0.2701,0.8667,1.6244,0.8455,0.4609,1.8032,2.1403,2.0401,0,0.3614,0.9561,0.3743,0.486,1.3042,0.8572,1.5258,1.9649,2.6162,2.048,0,0.154,0.1071,0.0388,0.1571,0.3975,0.2648,0.1733,0.648,0.8182,0.9792,0,0.0487,0.2671,0.1162,0.065,0.3749,0.1931,0.5431,0.6377,1.1292,0.7667,0,1,1,1,3,3,3,3,4,5,5,0,1,1,1,1,3,3,3,3,5,5,0,100,"https://images.fotmob.com/image_resources/logo/teamlogo/9904.png","https://images.fotmob.com/image_resources/logo/teamlogo/8262.png",2023-05-14 04:30:00,"3-4-1-2","Stefan Leitl","Torsten Lieberknecht","ron robert zieler","marcel schuhen","20230514",-0.4,-14.2,1.3,-29.3,9.1,1,-12.9,2023-05-14,291,-130,300,120,-168,-102,-441
"Jahn Regensburg","Hamburg SV","draw",25,57.5,25,62.7,45,28.3,40.2,25.5,49.5,47.4,31,31,6.6,16.1,612,528,"matt predicted","GER 2. Bundesliga","3904271","jonas urbig","konrad faber","benedikt saller","steve breitkreuz","jan elvedi","joshua mees","sarpreet singh","haralambos makridis","kaan caliskaner","prince osei owusu","andreas albers","daniel heuer fernandes","jonas david","moritz heyer","sebastian schonlau","miro muheim","jean luc dompe","jonas meffert","ludovit reis","sonny kittel","bakery jatta","robert glatzel","","","","","","","","","","","","","","","","","","","","","","","4.7619","6.2500","5.2632","7.1429","6.2500","18.8679","19.6078","20.8333","27.0270","28.5714","30.3030","10.5263","4.7619","16.9492","7.6923","6.2500","25.6410","11.1111","27.0270","45.4545","30.3030","57.4468","0.0000","3.0750","3.1925","2.8975","3.6600","7.9475","10.8850","8.9300","6.4050","18.1350","29.4925","0.0000","8.0875","3.8325","0.0775","0.0775","6.8325","2.7225","15.1150","12.1025","11.5125","45.1875",33.2033,31.5177,34.6183,39.234,36.3793,17.6275,33.9169,22.0796,31.6714,18.3005,20.9209,49.7402,50.4678,43.2658,68.5418,51.6231,33.9763,59.7056,49.3784,30.8508,28.463,16.9841,0,0.5976,0.5076,0.5135,0.3563,1.0306,1.027,1.0918,0.8181,1.8304,2.6974,0,0.4154,0.6799,0.4785,0.6818,1.4163,0.4644,1.407,2.3755,1.0484,3.0212,0,0.1262,0.1976,0.0945,0.0854,0.2481,0.4165,0.3419,0.2755,0.7916,0.9291,0,0.12,0.2018,0.1899,0.0676,0.535,0.1195,0.3484,0.9921,0.3597,1.2954,0,1,1,1,1,3,3,3,3,5,5,0,1,1,1,1,3,3,3,5,5,5,28.4,59.6,"https://images.fotmob.com/image_resources/logo/teamlogo/7789.png","https://images.fotmob.com/image_resources/logo/teamlogo/9790.png",2023-05-14 04:30:00,"4-4-2","Mersad Selimbegovic","Tim Walter","jonas urbig","daniel heuer fernandes","20230514",3.3,-17.2,0.5,-15.3,4.4,3.8,-16.7,2023-05-14,300,-135,300,122,-168,100,-471
"SC Paderborn","1. FC Heidenheim 1846","draw",43.5,33.9,30.3,55,52.8,45.6,21.9,25,54.2,41.1,31.1,31.1,14,16,266.1,528,"matt predicted","GER 2. Bundesliga","3904267","jannik huth","tobias mller","marcel hoffmeier","jannis heuer","kai klefisch","raphael obermair","ron schallenberg","julian justvan","florent muslija","sirlord conteh","marvin pieringer","kevin mller","tim siersleben","marnon thomas busch","jonas fhrenbach","patrick mainka","norman theuerkauf","jan schppner","florian pick","denis thomalla","jan niklas beste","tim kleindienst","","","","","","","","","","","","","","","","","","","","","","","10.5263","5.8824","9.0909","10.5263","12.5000","9.0909","10.5263","25.0000","27.7778","25.6410","32.2581","17.5439","6.2500","7.1429","7.1429","9.5238","16.9492","13.3333","20.0000","28.5714","23.2558","36.3636","0.0000","3.5200","3.4375","7.8475","0.5650","2.6550","8.8475","13.2875","17.7050","24.5950","33.7425","0.0000","5.8675","0.6250","0.5500","3.0500","4.8850","5.0000","6.2725","13.1800","18.1575","20.6100",41.5688,55.6978,48.0178,49.1753,56.3936,34.3533,43.4272,28.0578,31.8776,17.7742,22.504,34.2937,49.6751,38.4561,33.3313,46.1656,53.2217,33.5319,22.4384,30.6158,24.1946,19.3329,0,0.3287,0.6398,0.7899,1.1786,0.9514,0.5121,1.4186,1.6815,1.6986,2.9227,0,0.2185,0.6077,0.2624,0.864,1.208,0.5678,1.6062,1.2207,1.9888,1.9976,0,0.1574,0.1574,0.1962,0.1954,0.2997,0.1213,0.5965,0.641,0.8536,0.9417,0,0.0572,0.1558,0.0389,0.2373,0.2673,0.2673,0.5159,0.4037,0.743,0.7991,0,1,1,1,3,3,3,3,4,5,5,0,1,1,1,1,2,2,3,3,3,5,4.7,100,"https://images.fotmob.com/image_resources/logo/teamlogo/8460.png","https://images.fotmob.com/image_resources/logo/teamlogo/94937.png",2023-05-14 04:30:00,"3-4-1-2","Lukas Kwasniok","Frank Schmidt","jannik huth","kevin mller","20230514",2.1,-12,-5.3,-13.9,1.4,-3.2,-17.3,2023-05-14,130,195,230,-112,-122,-282,-179
"Celta Vigo","Valencia","draw",44.4,30.3,31.2,44.6,60,44.2,27.6,25.2,53.1,42.9,93.5,13.2,15.9,28,645.1,2180,"expected","ESP LaLiga","3918270","ivn villar","hugo mallo","renato tapia","unai nunez","franco cervi","carles prez","gabriel veiga","fran beltrn","luca de la torre","iago aspas","haris seferovic","hugo duro","samuel dias lino","andr almeida","justin kluivert","nico gonzlez","javier guerra","jos gayà","mouctar diakhaby","gabriel paulista","dimitri foulquier","giorgi mamardashvili","","","","","","","","","","","","","","","","","","","","","","","3.1250","6.6667","5.5556","5.5556","17.5439","23.2558","33.3333","4.5455","10.0000","43.4783","32.2581","26.3158","29.4118","10.5263","26.3158","9.5238","11.7647","5.8824","7.6923","5.8824","16.9492","15.3846","0.0000","3.1375","3.8225","5.2375","2.9750","15.1925","16.2600","1.9175","5.2900","28.8950","27.6800","23.7725","30.3075","1.9725","7.4075","6.5300","0.0975","4.3600","3.1150","4.1125","0.2575","0.0000",25.894,38.6949,43.9757,42.7142,58.8893,27.3774,25.5439,43.0924,49.3384,30.4597,12.9358,15.4925,26.9294,36.6328,15.455,30.6871,36.8559,42.7922,40.5356,51.1795,31.1433,23.6497,0,0.4894,0.7278,0.4704,0.4704,1.9871,1.4777,0.6748,0.6468,1.9957,2.3435,1.5429,2.4579,0.7577,0.9158,0.7043,0.3371,0.6217,0.4048,0.3789,0.1937,0,0,0.1255,0.2398,0.1208,0.1208,0.7021,0.4942,0.1394,0.1562,0.9344,0.8449,0.6125,0.7443,0.1839,0.3882,0.152,0.1216,0.1611,0.1214,0.0796,0.0383,0,0,1,1,1,1,3,3,3,3,5,5,5,3,3,3,2,2,1,1,1,1,0,2.8,63.7,"https://images.fotmob.com/image_resources/logo/teamlogo/9910.png","https://images.fotmob.com/image_resources/logo/teamlogo/10267.png",2023-05-14 05:00:00,"4-4-2","Carlos Carvalhal","Ruben Baraja","ivn villar","giorgi mamardashvili","20230514",-0.2,-2.7,-6,-1.8,-6.9,-6.2,-8.7,2023-05-14,125,230,221,-150,124,-310,-160
"Young Boys","FC Zurich","draw",68.8,17.9,22.7,65.5,42.7,67.4,10.4,17.1,37.1,57.1,72.7,67,23.2,55.2,298.1,848,"matt predicted","SUI Super League","3905530","anthony racioppi","lewin blum","fabian lustenberger","ulisses garcia","cedric zesiger","cheikh niasse","filip ugrinic","kastriot imeri","christian fassnacht","fabian rieder","meschack elia","yanick brecher","becir omeragic","lindrit kamberi","fidan aliti","cheick conde","blerim dzemaili","ifeanyi matthew","adrin guerrero","fabian rohner","antonio marchesano","jonathan okita",NA,NA,NA,NA,NA,NA,NA,NA,NA,NA,NA,NA,NA,NA,NA,NA,NA,NA,NA,NA,NA,NA,NA,NA,NA,NA,NA,NA,NA,NA,NA,NA,NA,NA,NA,NA,NA,NA,NA,NA,NA,NA,NA,NA,NA,NA,NA,NA,NA,NA,NA,NA,NA,NA,NA,NA,NA,NA,NA,NA,NA,NA,NA,NA,NA,NA,27.5659,40.682,72.963,56.1142,69.3985,57.1544,57.6625,33.9317,26.9452,37.331,19.3063,29.0422,32.9831,32.5551,35.0534,27.0756,28.4813,39.6483,23.6396,6.2201,26.1941,24.7009,0,0.7155,0.3349,1.2872,0.7989,0.4611,1.8759,2.1879,2.5192,1.5955,3.5686,0,0.3273,0.4366,0.4189,0.3005,0.6994,0.7294,0.5359,0.8278,1.372,1.8587,0,0.1324,0.0826,0.4234,0.205,0.1029,0.5406,0.8983,1.0904,0.6264,1.4261,0,0.056,0.0864,0.0833,0.0393,0.2543,0.1241,0.1156,0.4302,0.4506,0.6029,0,1,1,1,1,2,2,3,3,3,5,0,1,1,1,3,3,3,3,5,5,5,0,0.3,"https://images.fotmob.com/image_resources/logo/teamlogo/10192.png","https://images.fotmob.com/image_resources/logo/teamlogo/10243.png",2023-05-14 05:15:00,"4-2-3-1","Raphael Wicky","Bo Henriksen","anthony racioppi","yanick brecher","20230514",-1.3,-7.4,-5.6,-8.4,-5.7,-6.9,-13,2023-05-14,-221,459,341,134,-190,-1076,146
"SK Sturm Graz","SK Austria Klagenfurt","draw",84.6,9.1,16.7,68.2,40,63.3,9.4,14.3,29.3,57.1,100.7,53.3,20.4,25.7,75.9,686,"matt predicted","AUT Bundesliga","4143792","arthur okonkwo","amadou dante","david affengruber","gregory wthrich","jusuf gazibegovic","alexander prass","otar kiteishvili","bryan teixera","tomi horvat","jakob jantscher","manprit sarkaria","phillip menzel","christopher wernitznig","till schumacher","nicolas wimmer","thorsten mahrer","kosmas gezos","andy irving","christopher cvetko","sinan karweina","florian jaritz","florian rieder","","","","","","","","","","","","","","","","","","","","","*","","35.0877","9.0909","22.2222","16.9492","9.0909","16.6667","54.5455","46.5116","34.4828","53.4884","50.0000","5.2632","8.3333","6.2500","10.5263","7.1429","12.5000","16.6667","13.3333","18.5185","16.9492","17.5439","0.0000","1.0475","4.7175","17.6575","4.3500","7.1900","22.4800","24.1575","33.7275","31.8675","27.7125","0.0000","0.5125","0.5400","1.8950","1.0000","1.7250","9.9625","5.3550","5.2675","25.7675","18.6475",29.4349,59.6161,72.665,64.2256,46.3315,50.8249,42.5342,24.7714,22.9111,20.5466,21.4819,32.0193,39.2046,22.47,33.0089,31.0681,27.2016,37.9265,28.5667,15.7477,20.0571,16.1805,0,0.6727,0.742,0.8771,0.8849,2.6656,2.5342,1.9754,3.3622,3.4468,1.9879,0,0.3546,0.2922,0.5767,0.1625,0.3208,0.9899,0.9768,1.4775,0.868,1.4168,0,0.1187,0.1349,0.3738,0.3281,0.3182,1.0484,0.9292,0,1.3682,1.0799,0,0.0813,0.1267,0.1088,0.0813,0.1358,0.2778,0.18,0.3305,0.6463,0.5666,0,1,1,1,1,3,3,3,4,5,5,0,1,1,1,1,3,3,3,5,5,5,4.2,0,"https://images.fotmob.com/image_resources/logo/teamlogo/10014.png","https://images.fotmob.com/image_resources/logo/teamlogo/10009.png",2023-05-14 05:30:00,"4-3-1-2","Christian Ilzer","Peter Pacult","arthur okonkwo","phillip menzel","20230514",-21.3,0.3,-2.4,-11.1,-10.7,-23.7,-2.1,2023-05-14,-549,999,499,150,-214,7792,288
"FC Groningen","Ajax","draw",9.5,83,16.7,69.7,38.5,6.4,63.5,17.1,51.8,41.6,18.6,16.5,20.6,48.5,220,1712,"expected","NED Eredivisie","3900621","michael verrips","nordin musampa","radinio balker","matej chalus","damil dankerlui","tomas suslov","johan hove","isak dybvik","daleho irandust","ricardo pepi","oliver antman","steven bergwijn","brian brobbey","dusan tadic","davy klaassen","florian grillitsch","kenneth taylor","youri baas","jurrien timber","edson lvarez","jorge snchez","geronimo rulli","","","","","","","","","","","","","","","","","","","","","","","22.7273","3.4483","4.1667","4.1667","9.5238","20.4082","15.3846","9.5238","13.3333","24.3902","17.2414","46.5116","50.0000","43.4783","33.3333","14.2857","20.8333","8.3333","11.7647","22.2222","10.0000","12.5000","0.0000","3.3175","3.4300","3.3525","0.0350","0.3975","1.9850","0.0375","8.9600","16.6025","7.2100","29.7125","35.6825","27.1350","18.7300","7.3425","12.5075","4.7175","5.2375","8.8425","5.9575","0.0000",36.1392,42.4988,31.2498,35.8369,33.5104,22.7251,36.3908,32.4695,21.364,16.9292,18.291,32.7796,13.6704,39.3552,37.6875,64.4798,68.5322,49.9868,70.2669,104.8797,35.395,37.047,0,0.3174,0.1253,0.1907,0.1707,1.1367,1.1819,0.1568,1.3201,1.9589,1.067,2.8338,2.669,2.0542,1.7206,1.2712,1.3125,0.4058,0.5421,1.3551,0.6578,0,0,0.0722,0.0767,0.0722,0.0758,0.2261,0.408,0.0758,0.3397,0.648,0.2746,1.0325,1.3689,0.7077,0.6302,0.2939,0.3892,0.0639,0.1485,0.4072,0.1244,0,0,1,1,1,3,3,3,3,5,5,5,5,5,5,3,3,3,1,1,1,1,0,0,16.3,"https://images.fotmob.com/image_resources/logo/teamlogo/8674.png","https://images.fotmob.com/image_resources/logo/teamlogo/8593.png",2023-05-14 05:30:00,"3-4-3","Dennis van der Ree","Johnny Heitinga","michael verrips","geronimo rulli","20230514",-3.1,-19.6,0.4,-28.1,13.3,-2.7,-19.1,2023-05-14,953,-488,499,160,-230,282,-33233
"Brentford","West Ham United","draw",52.4,25.6,27.8,52.8,51.9,41.8,28.1,25.1,49.9,44.2,122,134.1,51.9,52.3,399.8,2208,"expected","ENG Premier League","3901284","david raya","mathias jrgensen","ben mee","ethan pinnock","aaron hickey","mathias jensen","vitaly janelt","joshua dasilva","rico henry","bryan mbeumo","ivan toney","pablo fornals","danny ings","maxwel cornet","flynn downes","declan rice","manuel lanzini","emerson","naif aguerd","thilo kehrer","ben johnson","lukasz fabianski","","","","","","","","","","","","","","","","","","","","","","","18.5185","11.7647","10.0000","7.1429","4.3478","11.7647","13.3333","19.6078","4.3478","28.5714","44.4444","16.6667","25.0000","23.2558","8.3333","7.1429","14.2857","9.0909","7.1429","3.4483","2.5000","35.7143","0.0000","3.6900","2.9525","2.1525","5.5400","8.5750","9.2625","7.9825","4.0875","19.1750","40.9050","14.4450","29.6350","8.1875","7.9950","2.0250","10.1650","4.5450","6.1200","0.3750","1.9275","0.0000",38.1902,61.4619,44.0669,52.528,32.6688,41.4081,36.0756,37.7264,30.1134,20.9549,21.7917,31.6314,12.5924,17.104,44.1313,41.8613,36.0538,49.0098,50.4077,56.3734,38.53,23.7599,0,0.4125,0.6349,0.5087,0.7737,0.9813,0.6414,1.793,0.7962,1.741,3.1991,1.8435,1.5389,1.2069,0.773,0.8188,1.232,0.6877,0.7019,0.349,0.1844,0,0,0.1125,0.1297,0.132,0.3918,0.3012,0.2151,0.4155,0.1626,0.6191,1.3661,0.7552,0.7559,0.3866,0.2202,0.2023,0.407,0.2375,0.169,0.0638,0.0409,0,0,1,1,1,3,3,3,3,3,5,5,5,5,5,3,3,3,1,1,1,1,0,0,0,"https://images.fotmob.com/image_resources/logo/teamlogo/9937.png","https://images.fotmob.com/image_resources/logo/teamlogo/8654.png",2023-05-14 06:00:00,"3-5-2","Thomas Frank","David Moyes","david raya","lukasz fabianski","20230514",-10.6,2.4,-2.6,-8.7,-2.1,-13.2,-0.2,2023-05-14,-110,291,260,-108,-112,-405,-115
"Brest","Auxerre","draw",46.5,28.6,31.2,46.7,58,46.2,25.4,24,45.4,42.7,18.7,97,52.8,16.1,86.7,2204,"expected","FRA Ligue 1","3904738","marco bizot","kenny lala","brendan chardonnet","lilian brassier","jean kevin duverne","haris belkebla","pierre lees melou","mahdi camara","romain del castillo","steve mounie","jrémy le douaron","mbaye niang","nuno da costa","birama tour","han noah massengo","gauthier hein","gideon mensah","souleymane tour","jubal","rayan raveloson","akim zedadka","ionut andrei radu","","","","","","","","","","","","","","*","","","","","","","","","15.3846","17.5439","10.0000","5.5556","3.5714","6.6667","26.3158","15.3846","23.2558","34.4828","31.2500","28.5714","27.0270","9.5238","6.6667","18.5185","3.0303","4.0000","8.3333","11.7647","9.0909","24.3902","0.0000","5.9200","8.4775","3.6400","0.5575","0.3425","12.9575","12.6800","27.0650","26.3900","20.8750","30.6725","10.1650","19.8775","4.5925","4.7800","0.2100","0.2350","4.1125","9.2850","0.8350","0.0000",26.7504,48.8084,58.211,57.1128,54.5266,52.9802,47.2534,46.4317,31.3243,24.7393,14.6445,16.2015,12.7768,43.4981,30.5065,40.524,38.2459,38.1701,38.0303,37.6536,35.0763,31.7724,0,0.6718,0.5773,0.8032,0.4361,0.2903,2.196,1.0479,1.9616,2.3026,1.9385,2.0028,1.088,0.3759,0.4736,2.0286,0.3036,0.5404,0.6385,0.7692,0.6165,0,0,0.213,0.2121,0.0866,0.0979,0.3418,0.2988,0.4015,0.7637,1.033,0.7748,0.8847,0.3146,0.33,0.0813,0.7853,0.0466,0.0466,0.1896,0.3367,0.0938,0,0,1,1,1,1,3,3,3,5,5,5,5,3,3,3,3,1,1,1,1,1,0,66.2,97.3,"https://images.fotmob.com/image_resources/logo/teamlogo/8521.png","https://images.fotmob.com/image_resources/logo/teamlogo/8583.png",2023-05-14 06:00:00,"4-3-3","Eric Roy","Christophe Pelissier","marco bizot","ionut andrei radu","20230514",-0.4,-3.1,-7.3,-4.1,-12.6,-7.7,-10.4,2023-05-14,115,250,221,-138,114,-348,-149
"Montpellier","Lorient","draw",55.6,25,26.3,57.6,47.2,46,27,23.9,43.3,52,94.3,36.4,26,32,316.2,2204,"expected","FRA Ligue 1","3904733","benjamin lecomte","falaye sacko","christopher jullien","kiki kouyat","issiaga sylla","lo leroy","jordan ferri","arnaud nordin","joris chotard","faitout maouassa","elye wahi","ibrahima kon","enzo le fee","romain faivre","darline yongwa","bonke innocent","laurent abergel","gdéon kalulu","vincent le goff","montassar talbi","bamo meit","yvon mvogo","","","","","","","","","","*","","","","","*","","","","","","","","11.1111","4.5455","12.5000","13.3333","9.5238","7.1429","16.6667","32.2581","11.7647","22.2222","54.5455","30.3030","17.8571","23.2558","8.3333","6.2500","9.0909","5.2632","7.1429","8.3333","10.5263","9.5238","0.0000","2.6000","6.8975","4.7825","1.9975","4.6075","8.1100","13.8675","7.9300","27.4200","38.2950","21.6125","9.3300","25.0775","20.1825","0.7225","0.7775","0.8175","5.2725","2.0500","3.4400","0.0000",29.2564,49.4781,54.978,50.4866,51.2746,28.3092,69.4426,24.6582,34.9091,23.5963,20.0008,17.6791,34.5617,22.6011,35.9463,34.4717,46.3811,32.2571,44.3385,46.6552,55.6014,25.2959,0,0.2893,0.9171,0.6098,0.6403,1.0669,0.7643,2.5913,0.9857,1.5452,2.9585,1.8571,1.6173,1.5778,0.8564,0.3879,0.7195,0.942,0.3602,0.3995,0.5781,0,0,0.0725,0.2861,0.1925,0.144,0.331,0.1309,0.7687,0.4788,0.5864,1.3035,0.7728,0.4368,0.8524,0.642,0.1127,0.139,0.1104,0.1173,0.102,0.206,0,0,1,1,1,1,2,2,3,3,3,5,5,4,4,3,3,3,3,1,1,1,0,0,0,"https://images.fotmob.com/image_resources/logo/teamlogo/10249.png","https://images.fotmob.com/image_resources/logo/teamlogo/8689.png",2023-05-14 06:00:00,"4-2-3-1","Michel Der Zakarian","Regis Le Bris","benjamin lecomte","yvon mvogo","20230514",-9.6,2.1,-2.4,-5.6,-3.9,-12,-0.3,2023-05-14,-125,300,280,112,-136,-452,-105
"Stade Rennes","Troyes","draw",82.8,10,15.4,68.8,36.2,72.3,6.2,12.6,33,58.9,92.7,76.5,46.1,29.9,86.7,2204,"expected","FRA Ligue 1","3904739","steve mandanda","hamari traor","warmed omari","arthur theate","jeanul belocian","benjamin bourigeaud","baptiste santamaria","lovro majer","jrémy doku","arnaud kalimuendo muinga","amine gouiri","mama bald","wilson odobert","xavier chavalerin","rominigue kouam","rony lopes","yasser larouci","yoann salmier","adil rami","tanguy zoukrou","andreas bruus","gauthier gallon","","","","","","","","","","","","","","","","","","","","","","","34.4828","10.0000","9.5238","11.7647","6.6667","42.5532","20.4082","36.3636","32.2581","50.0000","55.5556","25.0000","16.6667","13.3333","6.2500","17.2414","7.1429","3.8462","7.1429","2.6316","11.1111","18.5185","0.0000","7.4425","7.6350","12.5700","7.2300","15.1450","2.6200","15.8500","13.8525","41.2675","53.4975","14.2050","5.9025","8.3625","3.2575","10.1050","1.7500","1.8750","1.6650","1.8150","5.0650","0.0000",31.0612,67.2285,81.4852,65.2177,82.4106,66.2864,65.8333,57.7232,38.5375,21.1582,39.2211,17.1143,16.4326,27.3795,39.3335,18.6011,22.0844,37.8245,24.1114,24.7535,26.415,28.293,0,1.6414,0.1459,1.1527,0.4949,1.8863,1.1213,1.7008,1.765,3.1211,3.5482,1.4473,0.6397,0.6635,0.7495,1.274,0.2547,0.376,0.2313,0.2547,0.5653,0,0,0.3317,0.2898,0.2898,0.2898,0.6526,0.2978,0.5349,0.6542,1.3173,1.6029,0.4289,0.1193,0.2529,0.233,0.5527,0.0663,0.1227,0.0602,0.0663,0.2073,0,0,1,1,1,1,3,3,3,5,5,5,5,3,3,3,3,1,1,1,1,1,0,0,0,"https://images.fotmob.com/image_resources/logo/teamlogo/9851.png","https://images.fotmob.com/image_resources/logo/teamlogo/10242.png",2023-05-14 06:00:00,"4-3-3","Bruno Genesio","Patrick Kisnorbo","steve mandanda","gauthier gallon","20230514",-10.5,-3.8,-2.8,-9.9,-3.2,-13.3,-6.6,2023-05-14,-481,900,549,176,-221,-5456,294
"Fiorentina","Udinese","draw",50,27.8,29.4,53.7,51.5,47.9,25.6,23.5,41.2,53.1,120.4,35.5,34.9,51.1,31.1,2194,"expected","ITA Serie A","3919360","pietro terracciano","dodo","nikola milenkovic","lucas martinez quarta","aleksa terzic","sofyan amrabat","gaetano castrovilli","jonathan ikon","antonin barak","riccardo saponara","luka jovic","ilija nestorovski","roberto pereyra","iyenoma udogie","sandi lovric","walace","lazar samardzic","festy ebosele","nehun pérez","jaka bijol","rodrigo becao","marco silvestri","","","","","","","","","","","","","","","","","","","","","","","8.3333","7.6923","11.7647","9.0909","5.2632","10.0000","20.8333","22.2222","31.2500","24.3902","32.2581","25.0000","21.7391","11.1111","21.7391","7.6923","21.7391","8.3333","9.5238","12.5000","5.2632","14.2857","0.0000","1.5550","7.3600","5.3475","1.6575","9.9175","9.0625","5.4375","23.3175","25.6650","28.9200","14.3975","17.4975","14.7025","3.7650","3.1050","17.7100","7.7275","1.8050","1.8550","3.1000","0.0000",37.2868,44.0258,53.1113,60.0109,47.9091,79.3214,21.5329,22.2385,36.4447,26.0889,17.1467,15.6791,30.5869,31.9075,40.661,53.3354,32.6303,13.4315,42.0248,51.389,37.5945,25.4042,0,0.4241,0.6155,0.8762,0.4677,0.4621,1.4297,1.6161,1.5026,1.7486,2.7471,1.4781,1.6975,0.5992,0.9952,0.6684,1.6125,0.2664,0.401,0.4966,0.6127,0,0,0.0985,0.208,0.3559,0.1136,0.2783,0.2415,0.4415,0.9764,0.5367,0.9215,0.6381,0.6729,0.2668,0.2239,0.1327,0.4986,0.0861,0.073,0.1409,0.1405,0,0,1,1,1,1,2,2,3,3,3,5,5,4,3,3,3,3,3,1,1,1,0,0,0,"https://images.fotmob.com/image_resources/logo/teamlogo/8535.png","https://images.fotmob.com/image_resources/logo/teamlogo/8600.png",2023-05-14 06:00:00,"4-2-3-1","Vincenzo Italiano","Andrea Sottil","pietro terracciano","marco silvestri","20230514",-2.1,-2.2,-5.9,-0.6,-10.3,-8.1,-8.2,2023-05-14,100,260,240,-106,-116,-385,-134
"Monza","Napoli","draw",22.2,56.5,27.8,52.8,51.9,19,48.9,23.4,52.1,42.3,29.2,87.1,18.3,40.9,184.6,2194,"expected","ITA Serie A","3919365","michele di gregorio","armando izzo","pablo mari","luca caldirola","patrick ciurria","matteo pessina","jose machin","carlos augusto","mattia valoti","gianluca caprari","dany mota","khvicha kvaratskhelia","victor osimhen","giacomo raspadori","piotr zielinski","stanislav lobotka","andre frank zambo anguissa","bartosz bereszynski","min jae kim","leo stigard","giovanni di lorenzo","alex meret","","","","","","","","","","","","","","","","","","","","","","","9.5238","5.2632","7.6923","7.6923","20.0000","16.6667","12.5000","19.2308","19.2308","23.2558","22.7273","47.6190","52.3810","37.0370","33.3333","11.7647","17.2414","6.6667","22.2222","7.6923","10.0000","2.2222","0.0000","2.8775","4.6725","1.4100","4.3425","10.9125","0.0975","5.1675","12.1100","13.3450","18.6075","25.8450","40.5475","20.0050","14.8300","1.3875","3.3500","0.8725","0.6050","8.2925","6.8025","0.0000",32.8726,44.1995,45.8429,46.2219,29.4615,51.4014,36.7732,34.5237,28.2457,24.5026,19.209,37.5441,15.7109,26.7106,41.1175,63.5559,56.4536,44.6174,80.2895,56.494,70.2477,27.0552,0,0.6615,0.447,0.4619,1.1085,0.6707,0.5124,0.9134,1.5794,1.1773,1.6839,2.5907,3.281,1.4906,1.6852,0.2997,1.0125,0.1953,0.2172,1.0461,0.6543,0,0,0.1204,0.2437,0.0892,0.3759,0.316,0.1179,0.2689,0.4709,0.3938,0.571,0.9149,1.4472,0.7071,0.6188,0.0599,0.2505,0.0344,0.0352,0.3023,0.2234,0,0,1,1,1,3,3,3,3,4,4,5,5,5,5,3,3,3,1,1,1,1,0,0,0,"https://images.fotmob.com/image_resources/logo/teamlogo/6504.png","https://images.fotmob.com/image_resources/logo/teamlogo/9875.png",2023-05-14 06:00:00,"3-4-2-1","Raffaele Palladino","Luciano Spalletti","michele di gregorio","alex meret","20230514",-3.2,-7.7,-4.4,-10.5,0.1,-7.6,-12,2023-05-14,350,-130,260,-108,-112,100,-537
"VfB Stuttgart","Bayer Leverkusen","draw",41.7,35.7,28.6,59,45.9,24.6,40.6,25.7,51.8,42,75.6,35,8.3,68.3,86,1788,"expected","GER 1. Bundesliga","3903831","fabian bredlow","waldemar anton","dan axel zagadou","hiroki ito","josha vagnoman","wataru endo","atakan karazor","borna sosa","tiago toms","sehrou guirassy","enzo millot","florian wirtz","amine adli","moussa diaby","mitchel bakker","nadiem amiri","kerem demirbay","jeremie frimpong","piero hincapi","jonathan tah","edmond tapsoba","lukas hradecky","","","","","","","","","","","","","","","","","","","","","","","23.2558","10.5263","7.6923","7.6923","15.3846","10.5263","9.5238","15.3846","33.3333","39.2157","19.2308","24.3902","39.2157","39.2157","23.2558","17.8571","22.2222","18.1818","5.8824","6.2500","17.8571","5.2632","0.0000","4.9975","11.5125","3.5525","6.9475","13.2025","0.3650","3.4350","13.4225","18.5350","5.6375","21.9925","19.7750","19.4725","11.2325","5.5900","2.8025","8.5825","2.4350","11.2425","4.7800","0.0000",34.1311,44.266,52.1521,50.3924,25.1329,46.6716,48.4669,36.5591,25.0817,13.9764,5.835,33.4216,25.7687,20.4345,41.1007,43.1429,52.1559,30.671,50.8404,50.9471,58.4801,39.603,0,0.6721,0.4571,0.4544,1.554,0.959,0.3647,0.542,1.4254,1.8449,0.4472,1.0605,1.9926,2.5326,0.6172,0.9264,1.0809,0.8899,0.2907,0.5079,0.9027,0,0,0.2071,0.1865,0.0977,0.4462,0.3955,0.0496,0.1388,0.497,0.4912,0.1968,0.5214,0.5462,1.2764,0.3218,0.2033,0.2743,0.2414,0.141,0.1282,0.3093,0,0,1,1,1,3,3,3,3,4,5,5,5,5,5,3,3,3,3,1,1,1,0,87.7,0.5,"https://images.fotmob.com/image_resources/logo/teamlogo/10269.png","https://images.fotmob.com/image_resources/logo/teamlogo/8178.png",2023-05-14 06:30:00,"3-4-1-2","Sebastian Hoeness","Xabi Alonso","fabian bredlow","lukas hradecky","20230514",-17.1,4.9,-2.8,-17,5.9,-19.9,2.1,2023-05-14,140,180,250,118,-144,-237,-180
"Elche","Atletico Madrid","draw",12.5,76.2,19.2,58.7,46.3,12,50.7,25.5,65.5,31.2,9.6,131.2,42.5,16.9,416,2180,"expected","ESP LaLiga","3918272","edgar badia","josan","lisandro magalln","omar mascarell","lautaro blanco","john nwankwo","gerard gumbau","fidel chaves","tete morente","lucas boye","pere milla","lvaro morata","antoine griezmann","yannick carrasco","thomas lemar","koke","rodrigo de paul","nahuel molina","mario hermoso","jos giménez","axel witsel","ivo grbic","","","","","","","","","","","","","","","","","","","","","","","5.5556","7.6923","2.9412","4.0000","4.5455","5.2632","7.1429","40.8163","13.3333","20.4082","28.5714","53.4884","45.4545","27.0270","35.0877","16.6667","20.4082","12.5000","11.7647","12.5000","12.5000","8.3333","0.0000","0.3800","0.0500","0.0475","0.0300","3.2525","2.4150","5.0675","9.1775","16.4525","12.0825","30.0400","22.8725","7.9075","9.9225","3.4900","11.9500","14.6250","3.8000","4.4850","3.5900","0.0000",25.8757,25.7412,36.8423,49.3594,25.5731,31.6248,28.8632,28.7033,15.0717,18.3988,16.7445,14.9957,32.1175,29.4736,32.5873,61.6225,48.0508,33.8266,65.591,53.9215,64.7074,25.5685,0,0.3154,0.327,0.2597,0.4364,0.6743,1.0631,0.5986,1.0379,1.7425,1.0714,2.3663,2.518,1.4894,0.7668,0.5881,1.4937,1.2409,0.7125,0.6536,0.1978,0,0,0.1659,0.047,0.0238,0.0238,0.1721,0.147,0.1863,0.3168,0.568,0.4055,1.0678,0.8732,0.3779,0.3778,0.1295,0.5321,0.4122,0.1802,0.1378,0.1378,0,0,1,1,1,1,3,3,3,5,5,5,5,5,3,3,3,3,3,1,1,1,0,0,0.1,"https://images.fotmob.com/image_resources/logo/teamlogo/10268.png","https://images.fotmob.com/image_resources/logo/teamlogo/9906.png",2023-05-14 07:15:00,"4-3-3","Sebastian Beccacece","Diego Simeone","edgar badia","ivo grbic","20230514",-0.5,-25.4,6.3,-27.5,19.2,5.8,-19.1,2023-05-14,700,-320,421,116,-142,215,-2074
"FC Lugano","Winterthur","draw",61.5,21.3,26.3,57.3,51,55,16.6,20.2,37.1,55.1,55.5,31.2,24,8.8,1520.6,848,"matt predicted","SUI Super League","3905533",NA,NA,NA,NA,NA,NA,NA,NA,NA,NA,NA,NA,NA,NA,NA,NA,NA,NA,NA,NA,NA,NA,NA,NA,NA,NA,NA,NA,NA,NA,NA,NA,NA,NA,NA,NA,NA,NA,NA,NA,NA,NA,NA,NA,NA,NA,NA,NA,NA,NA,NA,NA,NA,NA,NA,NA,NA,NA,NA,NA,NA,NA,NA,NA,NA,NA,NA,NA,NA,NA,NA,NA,NA,NA,NA,NA,NA,NA,NA,NA,NA,NA,NA,NA,NA,NA,NA,NA,NA,NA,-5.156604,NA,NA,NA,NA,NA,NA,NA,-17.9031,NA,NA,-17.9031,NA,NA,NA,NA,NA,NA,NA,NA,NA,NA,NA,NA,NA,NA,NA,NA,NA,NA,NA,NA,NA,NA,NA,NA,NA,NA,NA,NA,NA,NA,NA,NA,NA,NA,NA,NA,NA,NA,NA,NA,NA,NA,NA,NA,NA,NA,NA,NA,NA,NA,NA,NA,NA,NA,55.5154,NA,NA,NA,NA,NA,NA,NA,31.17338,NA,NA,31.17338,NA,NA,NA,NA,NA,NA,NA,NA,72.5,34.8,"https://images.fotmob.com/image_resources/logo/teamlogo/7896.png","https://images.fotmob.com/image_resources/logo/teamlogo/7894.png",2023-05-14 07:30:00,"4-2-3-1","Mattia Croci-Torti","Bruno Berner","amir saipi","markus kuster","20230514",-6.5,-4.7,-6.1,-2.2,-13.9,-12.6,-10.8,2023-05-14,-160,369,280,-104,-134,-720,110
"Feyenoord","Go Ahead Eagles","draw",88.2,7.1,13.3,73.7,33.6,66.5,9.6,17.6,41.8,53.7,85.8,83.8,31.8,18.2,1520.6,1712,"expected","NED Eredivisie","3900625","timon wellenreuther","marcus holmgren pedersen","lutsharel geertruida","david hancko","quilindschy hartman","orkun kkcü","mats wieffer","alireza jahanbakhsh","sebastian szymanski","oussama idrissi","santiago gimenez","isac lidberg","oliver edvardsen","willum willumsson","bobby adekanye","philippe rommens","xander blomme","bas kuipers","jay idzes","jamal amofa","mats deijl","jeffrey de lange","","","","","","","","","","","","","","","","","","","","","","","17.5439","11.7647","18.5185","17.8571","13.3333","42.5532","20.4082","47.6190","38.4615","45.4545","54.5455","18.1818","17.2414","16.9492","20.0000","10.5263","6.6667","7.6923","4.0000","2.7778","4.7619","18.8679","0.0000","3.0800","3.5925","7.8575","4.7200","17.5475","2.3150","29.4200","15.6275","33.0075","39.7675","19.9025","12.3000","10.2025","7.0125","1.5950","0.6750","5.6175","0.2750","0.1700","1.9500","0.0000",32.4431,42.4121,65.1227,75.0675,61.3303,70.396,56.8172,36.2948,34.5286,39.138,17.2743,17.5498,17.7981,35.4057,19.0151,40.9563,17.895,27.6889,38.7412,39.2706,30.4826,33.016,0,0.4991,0.5911,1.2169,0.5407,1.876,0.7328,2.6607,2.1422,2.4211,2.8548,1.5257,0.9555,1.2674,1.1561,0.5888,0.3238,0.6981,0.248,0.0274,0.3308,0,0,0.1061,0.1242,0.3622,0.244,0.7009,0.079,1.2631,0.6406,0.9012,1.2088,0.5848,0.337,0.4479,0.3852,0.1465,0.0806,0.1482,0.0537,0.0537,0.0668,0,0,1,1,1,1,2,2,3,3,3,5,5,3,3,3,2,2,1,1,1,1,0,8.5,0,"https://images.fotmob.com/image_resources/logo/teamlogo/10235.png","https://images.fotmob.com/image_resources/logo/teamlogo/6433.png",2023-05-14 07:45:00,"4-2-3-1","Arne Slot","Rene Hake","timon wellenreuther","jeffrey de lange","20230514",-21.7,2.4,4.2,-20,8.2,-17.5,6.6,2023-05-14,-747,1308,652,198,-280,6767,390
"FK Austria Vienna","Rapid Vienna","draw",43.5,37,29.4,59.4,49,37.9,36.5,22.9,36.5,55,20.5,18.3,18.6,20.2,444.9,686,"matt predicted","AUT Bundesliga","4143790","christian frchtl","reinhold ranftl","marvin martins","lukas mhl","andreas gruber","manuel polster","aleksandar jukic","matthias braunder","manfred fischer","dominik fitz","haris tabakovic","niklas hedl","kevin wimmer","michael sollbauer","martin moormann","jonas auer","roman kerschbaum","aleksa pejic","ante bajic","patrick greil","marco grll","guido burgstaller","","","","*","","","","","","","","","","","","","","","","","*","","21.7391","13.3333","5.2632","4.1667","34.4828","15.3846","16.9492","9.5238","9.5238","27.0270","57.4468","25.6410","7.1429","3.8462","3.8462","10.5263","11.7647","9.0909","21.7391","18.8679","23.2558","38.4615","0.0000","1.8225","1.9975","9.4925","14.1325","2.0200","6.7275","7.1125","10.4900","0.8275","53.3900","0.0000","4.1100","0.6725","4.5500","6.8675","9.1600","1.7075","7.8900","14.5225","30.6775","35.1925",34.3039,47.1956,43.6535,57.1911,24.7437,29.3497,35.1091,46.0074,46.3683,25.0632,16.3735,29.4346,48.984,37.841,44.8186,51.7136,40.4498,48.4057,24.4876,38.1887,23.251,19.7473,0,0.8425,0.2723,0.6695,1.2618,0.8584,1.1697,0.9038,1.6206,2.1483,2.7604,0,0.3342,0.2498,0.658,0.8394,1.2297,0.5242,1.6341,1.5573,2.2422,2.5583,0,0.1328,0.2599,0.1328,0.6345,0.0906,0.3354,0.1808,0.4478,0.5234,1.5026,0,0.1382,0.0939,0.1995,0.1426,0.2472,0.2773,0.546,0.4493,0.9865,1.0693,0,1,1,1,3,3,3,3,3,5,5,0,1,1,1,1,2,2,3,3,3,5,0,0,"https://images.fotmob.com/image_resources/logo/teamlogo/10011.png","https://images.fotmob.com/image_resources/logo/teamlogo/10015.png",2023-05-14 08:00:00,"3-5-2","Michael Wimmer","Zoran Barisic","christian frchtl","niklas hedl","20230514",-5.6,-0.5,-6.5,-4.3,-12.5,-12.1,-7.1,2023-05-14,130,170,240,104,-146,-269,-198
"AS Monaco","Lille","draw",36.4,41.7,27.8,62.1,42.7,27.4,44.1,25.1,50.7,47,133.6,82,48.7,15.2,645.1,2204,"expected","FRA Ligue 1","3904731","alexander nbel","ruben aguilar","axel disasi","chrislain matsima","ismail jakobs","vanderson","mohamed camara","youssouf fofana","aleksandr golovin","kevin volland","eliesse ben seghir","jonathan david","jonathan bamba","rmy cabella","edon zhegrova","benjamin andr","angel gomes","ismaily","alexsandro ribeiro","jos fonte","bafod diakité","lucas chevalier","","","","","","","","","","","","","","","","","","","","","","","11.7647","12.5000","14.2857","5.0000","10.5263","11.1111","11.1111","10.0000","24.3902","33.3333","32.2581","47.6190","32.2581","31.2500","28.5714","11.1111","22.7273","14.2857","11.7647","6.2500","11.7647","3.4483","0.0000","1.3925","8.7425","0.9400","1.3350","9.7550","2.1225","3.2875","16.5375","36.8400","7.4975","35.2250","8.8100","27.5050","17.2125","2.2075","11.9825","1.8350","10.5950","1.3550","2.9275","0.0000",28.8199,39.9488,43.5591,29.4482,40.6973,26.0999,42.71,43.8784,26.4061,19.6158,21.7993,19.7073,30.4718,47.0917,20.7518,58.6103,56.9796,45.38,60.4261,56.8813,53.2406,29.5463,0,0.399,0.6931,0.4185,0.2228,1.2224,0.5033,1.2072,1.3214,2.2482,1.5752,2.2816,1.4633,1.4732,1.9607,0.6855,1.1543,0.4875,0.9089,0.3824,0.2834,0,0,0.1111,0.2289,0.0758,0.1111,0.3885,0.1114,0.2972,0.573,1.0476,0.5431,0.9901,0.4242,0.7099,0.7586,0.1243,0.422,0.1205,0.358,0.0584,0.0836,0,0,1,1,1,1,3,3,3,3,5,5,5,3,3,3,2,2,1,1,1,1,0,4.1,1.2,"https://images.fotmob.com/image_resources/logo/teamlogo/9829.png","https://images.fotmob.com/image_resources/logo/teamlogo/8639.png",2023-05-14 08:05:00,"4-4-2","Philippe Clement","Paulo Fonseca","alexander nbel","lucas chevalier","20230514",-9,2.4,-2.7,-15.1,7.9,-11.7,-0.3,2023-05-14,175,140,260,134,-164,-179,-228
"Arsenal","Brighton and Hove Albion","draw",57.5,23.8,24.4,66.4,38.5,45.9,26.7,24.2,44.8,49.9,132.5,75.2,59.6,10.7,1520.6,2208,"expected","ENG Premier League","3901282","aaron ramsdale","ben white","jakub kiwior","gabriel","kieran tierney","jorginho","granit xhaka","bukayo saka","martin degaard","gabriel martinelli","gabriel jesus","evan ferguson","kaoru mitoma","alexis mac allister","julio enciso","billy gilmour","moiss caicedo","pervis estupinn","levi colwill","lewis dunk","pascal gross","jason steele","","","","","","","","","","","","","","*","","","","","","","","","3.4483","5.2632","6.2500","10.0000","5.2632","16.6667","18.1818","35.7143","29.4118","34.4828","41.6667","31.2500","20.8333","18.1818","25.6410","9.0909","9.0909","5.8824","5.0000","6.2500","14.2857","9.5238","0.0000","2.6325","2.9900","4.5050","5.9925","10.3725","3.6800","22.5025","12.9875","23.6875","31.1750","23.5650","11.8975","23.2700","6.4850","6.8775","3.5475","0.8450","6.4900","3.5650","2.4250","0.0000",26.6202,54.4068,42.3038,59.1041,41.5979,54.4552,48.9016,25.3802,48.8136,20.7238,17.8219,16.9725,31.1242,35.6433,16.111,45.4406,53.352,45.0555,49.8273,54.373,42.2844,43.0853,0,0.3842,0.3481,0.7763,0.7418,0.4891,1.5723,1.7784,1.7828,2.1873,2.3399,1.6866,1.4231,1.9597,0.7471,0.7194,0.8916,0.5016,0.2681,0.4442,0.5769,0,0,0.0846,0.0987,0.2184,0.2065,0.2653,0.3218,0.7059,0.5816,0.8311,0.9662,0.7076,0.5941,0.5816,0.3119,0.3505,0.0835,0.0672,0.1152,0.1653,0.1472,0,0,1,1,1,1,2,2,3,3,3,5,5,3,3,3,2,2,1,1,1,1,0,59.5,6.3,"https://images.fotmob.com/image_resources/logo/teamlogo/9825.png","https://images.fotmob.com/image_resources/logo/teamlogo/10204.png",2023-05-14 08:30:00,"4-2-3-1","Mikel Arteta","Roberto De Zerbi","aaron ramsdale","jason steele","20230514",-11.5,2.9,-0.2,-16.6,6.3,-11.7,2.7,2023-05-14,-135,320,310,160,-198,-452,107
"RB Leipzig","Werder Bremen","draw",82.5,9.5,16.7,70.2,34.7,63.1,13.8,19.4,39.6,54.1,116,33.3,38.9,32.9,248,1788,"expected","GER 1. Bundesliga","3903825","janis blaswich","lukas klostermann","mohamed simakan","willi orban","benjamin henrichs","dominik szoboszlai","konrad laimer","amadou haidara","dani olmo","christopher nkunku","timo werner","romano schmid","marvin ducksch","anthony jung","jens stage","christian gross","leonardo bittencourt","mitchell weiser","marco friedl","niklas stark","amos pieper","jiri pavlenka","","","","","","","","","","","","","","","","","","","","","","","30.3030","10.0000","10.0000","20.0000","23.8095","46.5116","17.5439","11.7647","42.5532","55.5556","53.4884","16.6667","25.6410","6.6667","13.3333","5.2632","14.2857","6.2500","4.3478","5.2632","4.7619","32.2581","0.0000","4.1600","4.5850","6.2225","2.7825","23.5375","5.2250","13.7525","19.3175","37.7450","31.9325","16.9700","21.4250","1.9975","9.4675","1.8800","4.7150","1.3925","1.7950","1.6875","6.9300","0.0000",33.9485,62.2532,53.2248,64.6634,53.1573,45.2413,46.7714,57.6695,26.7002,26.7285,19.9491,19.1058,17.3748,36.1417,30.961,36.3571,26.3807,30.6814,41.7533,38.0752,41.7772,30.1261,0,0.557,0.6953,0.8355,0.593,1.6753,0.9486,1.1024,2.0001,2.4416,2.5089,1.1206,2.2468,0.395,1.0686,0.2527,1.2691,0.5791,0.4001,0.279,0.391,0,0,0.1583,0.2713,0.265,0.1616,0.7992,0.2698,0.357,0.6348,1.1485,1.0247,0.4556,0.8077,0.0697,0.3344,0.0697,0.2912,0.1476,0.1405,0.0327,0.1439,0,0,1,1,1,1,3,3,3,3,5,5,5,5,3,3,3,3,3,1,1,1,0,58.6,0.1,"https://images.fotmob.com/image_resources/logo/teamlogo/178475.png","https://images.fotmob.com/image_resources/logo/teamlogo/8697.png",2023-05-14 08:30:00,"4-4-2","Marco Rose","Ole Werner","janis blaswich","jiri pavlenka","20230514",-19.4,4.2,2.8,-16.1,4.9,-16.6,7,2023-05-14,-471,953,499,188,-236,-12400,282
"AGF Aarhus","FC Nordsjaelland","draw",44.4,33.9,31.2,51.5,57.3,32.8,32.9,26.1,51.5,42,27.8,11,39.9,23.3,184.6,750,"expected","DEN Superligaen","4143864","jesper hansen","tobias mlgaard","frederik tingager","yann aurel bisseck","felix beijmo","mads emil madsen","nicolai poulsen","gift links","mikkel duelund","mikael anderson","patrick mortensen","mohammed diomande","wahid faghir","ernest nuamah","daniel svensson","jacob steen christensen","mads bidstrup","martin frese","adamo nagalo","kian hansen","oliver villadsen","andreas hansen","","","","","","","","","","","","","","","","","","","","","","","25.6410","5.8824","8.3333","13.3333","11.7647","15.3846","10.5263","13.3333","24.3902","24.3902","42.5532","21.7391","30.3030","29.4118","14.2857","10.5263","13.3333","6.2500","5.8824","6.6667","10.0000","25.6410","0.0000","2.1825","2.5900","4.1000","1.9475","8.0075","1.1250","8.3625","15.7100","22.0250","29.2825","11.7050","27.4000","23.5200","3.7125","4.5900","10.4175","2.4200","5.9800","0.8425","0.9600","0.0000",37.5054,42.8222,50.4441,55.0258,48.7565,39.4236,44.0998,28.9911,31.0573,30.7659,20.947,40.0475,14.8305,22.2856,36.4813,48.3893,50.9485,42.5484,64.1928,57.5688,39.7546,42.8723,0,0.4386,0.6106,0.6393,1.185,1.1174,0.1799,1.3644,2.4313,1.807,2.5717,2.0423,1.8736,2.1685,1.0116,0.9349,0.9561,0.494,0.4498,0.4258,0.3414,0,0,0.1632,0.1684,0.1418,0.0923,0.5858,0.0801,0.3664,1.0572,0.4605,1.1131,0.4595,1.1191,0.7149,0.2049,0.2437,0.4309,0.0609,0.2235,0.0374,0.1399,0,0,1,1,1,3,3,3,3,4,4,5,5,5,5,3,3,3,1,1,1,1,0,32.9,100,"https://images.fotmob.com/image_resources/logo/teamlogo/8071.png","https://images.fotmob.com/image_resources/logo/teamlogo/10202.png",2023-05-14 09:00:00,"3-4-2-1","Uwe Rösler","Johannes Hoff Thorup","jesper hansen","andreas hansen","20230514",-11.7,-1,-5.1,-9.5,-5.8,-16.8,-6.2,2023-05-14,125,195,221,-134,-106,-310,-187
"Bologna","AS Roma","draw",35.1,37.7,33.3,40,64.8,27.6,39.5,25.4,50.9,47,66.1,116.4,48.1,67.2,316.2,2194,"expected","ITA Serie A","3919359","lukasz skorupski","lorenzo de silvestri","kevin bonifazi","joaquin sosa","andrea cambiaso","nicols dominguez","jerdy schouten","riccardo orsolini","lewis ferguson","michel aebischer","musa barrow","tammy abraham","lorenzo pellegrini","paulo dybala","leonardo spinazzola","edoardo bove","nemanja matic","nicola zalewski","roger ibanez","bryan cristante","gianluca mancini","rui patricio","","","","","","","","","","","","","","","*","","","","","","","","25.0000","10.5263","8.3333","5.0000","5.8824","14.2857","9.0909","28.5714","28.5714","11.1111","23.8095","35.0877","22.2222","33.3333","9.0909","10.0000","6.2500","15.3846","10.0000","13.3333","8.3333","25.6410","0.0000","7.2975","1.7350","1.6525","1.6650","7.4125","0.6050","18.1325","18.8625","5.5475","25.2325","35.7775","19.3800","18.9325","17.8725","1.4650","1.7050","1.5925","5.4100","2.1300","2.4975","0.0000",29.4056,35.5501,53.5606,41.8566,48.8738,39.6434,45.6362,18.5588,33.5711,26.9915,19.7439,22.4082,31.0201,33.1416,33.4632,38.286,62.9948,38.137,57.9112,48.315,56.7227,23.2622,0,0.4666,0.7521,0.2212,0.4907,0.9577,0.4641,1.6382,1.8322,0.8587,2.175,2.7524,1.7201,2.4618,1.0732,0.5363,0.5929,1.4468,0.6052,0.3096,0.5903,0,0,0.1897,0.0895,0.0895,0.1182,0.2469,0.0973,0.5524,0.6625,0.2633,0.8985,1.0997,0.9987,0.6761,0.5557,0.1391,0.1538,0.2025,0.2254,0.1513,0.0981,0,0,1,1,1,1,2,2,3,3,3,5,5,4,4,3,3,3,3,1,1,1,0,0,54.2,"https://images.fotmob.com/image_resources/logo/teamlogo/9857.png","https://images.fotmob.com/image_resources/logo/teamlogo/8686.png",2023-05-14 09:00:00,"4-2-3-1","Thiago Motta","José Mourinho","lukasz skorupski","rui patricio","20230514",-7.5,1.7,-8,7,-13.9,-15.5,-6.2,2023-05-14,185,165,200,-184,150,-216,-245
"Union Saint Gilloise","Genk","draw",52.4,29.4,27,64.5,43.5,38.4,33.9,25.1,46.3,48.9,48.2,107.2,52.5,48.6,444.9,1720,"matt predicted","BEL First Division A","4161640","anthony moris","ismael kandouss","siebe van der heyden","christian burgess","senne lynen","jean thierry lazare","loic lapoussin","bart nieuwkoop","teddy teuma","simon adingra","victor okoh boniface","maarten vandevoordt","carlos cuesta","mark mckenzie","gerardo arteaga","daniel munoz","patrik hrosovsky","bryan heynen","eboue kouassi","joseph paintsil","bilal el khannous","mbwana samatta","","","","","","","","","","","","","","","","","","","","*","","","14.2857","7.1429","9.5238","16.6667","12.5000","23.2558","23.8095","16.9492","39.2157","31.2500","37.7358","16.6667","3.7037","5.0000","6.2500","16.6667","15.3846","23.2558","7.6923","23.8095","16.6667","32.2581","0.0000","1.8450","3.1250","6.6225","3.4400","4.5500","4.6825","10.7600","14.0875","19.5225","34.0075","0.0000","1.1750","3.7700","2.1100","5.8250","0.2575","9.8875","11.4875","31.5250","0.9700","26.9650",34.237,46.4337,50.2309,51.2272,44.6419,24.002,41.1964,26.563,51.4232,21.1233,22.5414,32.9886,46.022,59.2243,42.1384,54.4013,58.1579,46.596,38.6002,18.9448,32.957,17.9894,0,0.7598,0.1693,0.7415,0.8112,1.1224,1.1006,0.9743,1.4975,1.7281,2.8511,0,0.2547,0.489,0.4416,0.6521,0.5472,1.1405,0.7326,2.3097,1.4428,1.927,0,0.1748,0.066,0.28,0.1972,0.3479,0.3048,0.3234,0.4931,0.7107,1.2039,0,0.041,0.1491,0.0657,0.267,0.0545,0.4392,0.2424,1.283,0.1929,0.8422,0,1,1,1,3,3,3,3,3,5,5,0,1,1,1,1,2,2,3,3,3,5,100,100,"https://images.fotmob.com/image_resources/logo/teamlogo/7978.png","https://images.fotmob.com/image_resources/logo/teamlogo/9987.png",2023-05-14 09:30:00,"3-5-2","Karel Geraerts","Wouter Vrancken","anthony moris","maarten vandevoordt","20230514",-14,4.5,-1.9,-15.7,2.8,-15.9,2.6,2023-05-14,-110,240,270,130,-182,-385,-129
"Real Valladolid","Sevilla FC","draw",45.5,32.3,29.4,52.4,52.4,24.6,46.4,27,57.8,39.2,37.6,55.6,23,28.5,90,2180,"expected","ESP LaLiga","3918276","jordi masip","ivn fresneda","joaquin fernndez","martin hongla","jawad el yamiq","sergio escudero","lvaro aguado","monchu","kike prez","gonzalo plata","cyle larin","rafa mir","alejandro gomez","oliver torres","erik lamela","fernando","pape gueye","alex telles","nemanja gudelj","loic bad","gonzalo montiel","marko dmitrovic","","","","","","","","","","","","","*","","","","","","","","","","9.5238","3.8462","5.0000","14.2857","6.2500","6.2500","14.2857","23.2558","12.5000","27.7778","55.5556","33.3333","14.2857","17.5439","24.3902","10.0000","9.0909","4.1667","9.0909","5.0000","6.2500","32.2581","0.0000","2.1025","1.8850","2.2200","3.3725","4.3550","5.2900","11.7225","5.0625","12.7450","26.1650","23.9000","21.2425","8.1875","28.1950","5.5525","5.1950","4.3650","2.3650","5.2950","0.3775","0.0000",23.4448,24.4301,28.7898,37.8991,36.0631,27.182,37.2337,23.8045,23.4685,20.8006,14.0395,16.8434,33.9896,27.5359,24.6905,43.9465,55.2517,41.2118,56.0865,55.6264,36.3271,26.2487,0,0.1065,0.3477,0.1065,1.0807,1.0485,0.6169,0.8382,1.1382,1.4621,2.0994,2.0729,1.4425,0.6681,3.0024,0.2557,1.411,0.6817,0.5889,0.3297,0.4404,0,0,0.0846,0.0846,0.0846,0.1671,0.1953,0.1293,0.2893,0.3096,0.3977,0.7898,0.8652,0.5571,0.2044,1.1402,0.2716,0.2716,0.2256,0.0924,0.1164,0.1049,0,0,1,1,1,1,1,3,3,3,5,5,5,3,3,3,2,2,1,1,1,1,0,61.5,0,"https://images.fotmob.com/image_resources/logo/teamlogo/10281.png","https://images.fotmob.com/image_resources/logo/teamlogo/8302.png",2023-05-14 09:30:00,"5-3-2","Paulo Pezzolano","Jose Luis Mendilibar","jordi masip","marko dmitrovic","20230514",-20.8,14.1,-2.5,-13.2,5.4,-23.3,11.7,2023-05-14,120,210,240,-110,-110,-298,-161
"Bradford City","Carlisle United","draw",46.5,27.8,32.3,43.9,64.3,43.6,28.5,26.2,56.1,40,47.2,48.1,25.7,24.6,494.7,1038,"matt predicted","ENG League Two","4167696","harry lewis","liam ridehalgh","romoney crichlow noble","matty platt","bradley halliday","alex gilliead","richard smallwood","scott banks","jamie walker","harry chapman","andy cook","tomas holy","morgan feeney","paul huntington","jon mellish","fin back","jordan gibson","jack armer","callum guy","owen moxon","omari patrick","kristian dennis","","","","","","","","","","","","","","","","","","","","","","","26.3158","3.3333","6.2500","7.1429","6.2500","12.5000","12.5000","24.3902","23.8095","6.2500","42.5532","6.2500","14.2857","8.3333","16.6667","14.2857","14.2857","7.6923","11.7647","14.2857","23.2558","31.2500","0.0000","0.6600","0.6475","3.3800","10.0675","9.3050","3.1525","23.6575","17.5125","11.1050","30.3075","0.0000","4.6450","1.2750","2.5675","1.1975","16.2725","6.7550","1.2025","7.7475","8.1550","34.3000",27.3578,41.297,57.2801,51.2993,51.4228,39.428,60.8746,26.4835,36.4314,26.6958,18.6987,29.4996,40.7238,41.0777,42.0317,28.971,32.115,30.0319,33.1521,40.4969,19.722,16.8037,0,0.2216,0.6238,0.8485,0.6589,1.0448,0.8361,1.8945,2.2437,1.6417,2.5057,0,0.4638,0.4707,0.4205,0.4269,1.5128,0.6355,0.6318,1.4875,2.0868,2.0078,0,0.1352,0.1411,0.203,0.1476,0.3461,0.1516,0.8661,0.6908,0.4904,0.9916,0,0.1303,0.1144,0.1068,0.2235,0.6265,0.1878,0.1149,0.2266,0.782,0.807,0,1,1,1,1,2,2,3,3,3,5,0,1,1,1,3,3,3,3,3,5,5,100,100,"https://images.fotmob.com/image_resources/logo/teamlogo/8484.png","https://images.fotmob.com/image_resources/logo/teamlogo/10196.png",2023-05-14 11:00:00,"4-2-3-1","Mark Hughes","Paul Simpson","harry lewis","tomas holy","20230514",-2.9,0.7,-6,-3.9,-8.2,-8.9,-5.3,2023-05-14,115,260,210,-180,128,-372,-151
"Toluca","Tigres UANL","draw",50,30.3,27.8,60.6,47.6,34,36,26.5,52.5,40.9,68.6,15.6,21.4,46.5,626.1,1100,"matt predicted","MEX Liga MX","4167670","tiago volpi","brayan angulo","andrs mosquera","valber huerta","brian garcia","marcel ruiz","claudio baeza","leonardo fernandez","maximiliano araujo","jean meneses","carlos gonzalez","nahuel guzman","diego reyes","igor lichnovsky","javier aquino","jesus angulo","juan pablo vigon","francisco cordova","rafael carioca","guido pizarro","nicols ibánez","andre pierre gignac","","","","","","","","","","","","","","","","","","","","","","","19.6078","6.6667","5.5556","11.7647","14.2857","16.6667","10.5263","35.0877","27.7778","31.2500","35.0877","18.8679","10.0000","7.1429","16.6667","7.6923","22.7273","21.7391","7.1429","7.1429","35.7143","46.5116","0.0000","2.8125","0.6550","8.5000","0.6000","6.1400","6.2475","20.1800","16.3175","8.7225","27.4750","0.0000","9.3400","0.4625","1.6850","0.1500","7.4525","19.8650","1.9500","4.8850","30.1050","22.8350",30.1107,43.4297,46.9954,52.6865,36.1028,42.6197,49.1807,31.9177,20.0112,31.7716,17.1851,28.8426,36.8787,41.6817,40.9163,37.492,22.661,22.6412,42.6141,45.4064,18.1267,23.1171,0,0.6182,0.3434,0.7594,0.3927,1.1841,0.5095,2.1261,1.2174,1.633,2.0911,0,0.5667,0.343,0.6583,0.3905,1.1937,2.1105,0.4343,0.7843,2.11,2.577,0,0.1792,0.0617,0.2865,0.0617,0.4102,0.056,0.7152,0.4838,0.5543,0.874,0,0.1853,0.0974,0.2005,0.0224,0.4756,0.6523,0.1407,0.1124,0.8717,1.0377,0,1,1,1,1,2,2,3,3,3,5,0,1,1,1,1,3,3,3,3,5,5,100,100,"https://images.fotmob.com/image_resources/logo/teamlogo/6618.png","https://images.fotmob.com/image_resources/logo/teamlogo/8561.png",2023-05-14 11:00:00,"4-2-3-1","Ignacio Ambriz","Robert Siboldi","tiago volpi","nahuel guzman","20230514",-16,5.7,-1.3,-19.8,4.9,-17.3,4.4,2023-05-14,100,230,260,110,-154,-350,-139
"Marseille","Angers","draw",87.5,7.7,13.3,69.2,35.7,72.6,7.3,15.2,37.9,54.4,75.7,8.5,48.2,46.9,36,2204,"expected","FRA Ligue 1","3904734","pau lopez","chancel mbemba","samuel gigot","sead kolasinac","jonathan clauss","valentin rongier","jordan veretout","nuno tavares","cengiz nder","ruslan malinovsky","alexis snchez","ibrahima niane","abdallah sima","batista mendy","nabil bentaleb","himad abdelli","justin noel kalumba","abdoulaye bamba","miha blazic","yan valery","sada thioub","paul bernardoni","","","","","","","","","","","*","*","","","","","","","","","","","17.2414","19.6078","17.2414","15.3846","31.2500","22.2222","31.2500","28.5714","40.8163","41.6667","56.5217","16.9492","16.6667","6.6667","14.2857","10.0000","11.7647","1.9608","8.3333","2.9412","13.3333","10.5263","0.0000","7.5750","11.9500","6.6825","5.3500","1.2100","10.6125","4.5050","31.6450","12.3575","61.9325","38.7375","7.3300","0.0175","0.0475","0.0450","0.0125","0.0475","0.0000","0.0575","0.0200","0.0000",29.7668,88.6501,79.9666,71.3378,43.1672,80.5789,66.5012,45.7583,33.7067,35.6779,19.8962,18.479,15.6134,26.7222,37.1277,30.109,40.3716,30.2921,41.8868,30.4127,20.8246,21.9073,0,0.7167,1.151,0.7684,1.3939,0.6425,1.1502,2.2336,2.1977,2.1065,3.1714,1.5176,0.7485,0.3015,0.9504,1.0173,1.1038,0.0568,0.3082,0.284,0.0568,0,0,0.3123,0.3603,0.2161,0.4411,0.1958,0.5445,0.4569,0.7584,0.5991,1.6451,0.9189,0.1696,0.159,0.159,0.1887,0.0464,0.0464,0.0604,0.0781,0.0464,0,0,1,1,1,3,3,3,3,4,4,5,5,5,3,3,3,1,1,1,1,1,0,13.4,0,"https://images.fotmob.com/image_resources/logo/teamlogo/8592.png","https://images.fotmob.com/image_resources/logo/teamlogo/8121.png",2023-05-14 11:45:00,"3-4-2-1","Igor Tudor","Alexandre Dujeux","pau lopez","paul bernardoni","20230514",-15,-0.4,1.9,-14.9,2.2,-13.1,1.5,2023-05-14,-700,1199,652,180,-225,12600,376
"Juventus","Cremonese","draw",74.4,12.5,20.8,55.4,49.5,66.3,8.7,16.3,43.6,44.4,92.1,52.6,67.5,13.1,191.8,2194,"expected","ITA Serie A","3919363","wojciech szczesny","federico gatti","danilo","alex sandro","tommaso barbieri","nicolo fagioli","leandro paredes","fabio miretti","samuel iling junior","arkadiusz milik","moise kean","daniel ciofani","david okereke","pablo galdames","michele castagnetti","soualiho meit","marco benassi","johan vsquez","luka lochoshvili","vlad chiriches","leonardo sernicola","marco carnesecchi","","","","","*","","","","","","","","","","","","","","","","","","21.7391","11.7647","15.3846","9.5238","4.5455","27.7778","19.2308","16.6667","27.7778","47.6190","45.4545","22.2222","21.2766","6.6667","6.6667","7.6923","14.2857","4.1667","6.6667","8.3333","9.0909","16.6667","0.0000","7.8875","3.1100","1.6450","11.2625","13.6250","11.4150","10.8975","13.5250","41.2500","37.5500","19.9750","7.4150","3.4250","0.5050","0.7525","12.7175","0.1425","3.8825","1.8475","0.1925","0.0000",26.5175,52.3813,75.118,69.2347,25.7279,51.5581,76.4236,36.1889,24.3318,29.3357,15.635,18.9687,17.6934,27.5971,34.8358,35.177,24.38,32.9988,37.4633,46.4866,32.7831,30.8247,0,0.71,0.7614,0.4452,1.7537,0.502,1.3652,1.6366,1.1982,3.3652,2.2947,1.5915,1.1354,0.7816,0.7916,0.4009,1.2688,0.4172,0.4932,0.2256,0.2432,0,0,0.2721,0.2154,0.1116,0.5658,0.2491,0.6735,0.3385,0.2491,1.2625,1.0141,0.5124,0.4153,0.2614,0.1786,0.0249,0.389,0.082,0.1829,0.063,0.0742,0,0,1,1,1,3,3,3,3,3,5,5,5,5,3,3,3,3,1,1,1,1,0,41.9,15,"https://images.fotmob.com/image_resources/logo/teamlogo/9885.png","https://images.fotmob.com/image_resources/logo/teamlogo/7801.png",2023-05-14 11:45:00,"3-5-2","Massimiliano Allegri","Davide Ballardini","wojciech szczesny","marco carnesecchi","20230514",-8,-3.8,-4.6,-11,-5.9,-12.6,-8.3,2023-05-14,-291,700,381,102,-124,-1983,200
"Guadalajara","Atlas","draw",52.4,25,29.4,51.9,56.9,37.7,32.8,26.9,55.6,40.4,90.3,19.7,24.6,47,626.1,1100,"matt predicted","MEX Liga MX","4167668","miguel ponce jimenez","cristian calderon","alan mozo","jesus orozco","gilberto sepulveda","fernando beltran","fernando gonzalez","roberto alvarado","sergio flores","victor guzman","ronaldo cisneros","camilo vargas","jose abella","luis reyes","anderson santamaria","martin hugo nervo","brian lozano","angel marquez","edgar zaldivar","aldo rocha","julio cesar furch","julian quinones","","","","","","","","","","*","","","","","","","","","","","","","7.6923","15.3846","5.2632","5.2632","5.2632","18.8679","16.6667","27.7778","11.1111","8.3333","31.2500","9.0909","12.5000","5.2632","5.2632","6.6667","21.7391","6.6667","5.2632","10.0000","21.2766","27.0270","0.0000","6.7450","1.9000","2.7675","1.3450","7.6425","4.7325","12.0850","5.1250","28.6775","28.2650","0.0000","1.5950","5.2350","3.0250","0.9150","16.7850","2.7550","4.4475","11.5075","21.2500","24.0450",23.5159,45.7565,41.7157,49.0364,58.1734,48.2641,47.4206,24.0921,40.9346,24.7166,15.7285,29.7531,39.1179,36.3694,39.5199,43.2634,32.9792,30.6683,35.657,49.1384,19.0188,23.5023,0,1.2455,0.5256,0.3045,0.3179,1.1911,0.6165,1.6546,0.361,3.4016,2.1762,0,0.4107,0.5843,0.4488,0.3392,2.6969,0.9062,0.4257,0.6536,1.4151,2.6925,0,0.373,0.1103,0.0927,0.0664,0.3294,0.1799,0.5265,0.339,1.0709,0.8982,0,0.1409,0.1817,0.0846,0.0536,0.9324,0.1707,0.1467,0.1961,0.5619,1.0419,0,1,1,1,1,2,2,3,3,3,5,0,1,1,1,1,3,3,3,3,5,5,100,100,"https://images.fotmob.com/image_resources/logo/teamlogo/7807.png","https://images.fotmob.com/image_resources/logo/teamlogo/6577.png",2023-05-14 18:05:00,"4-2-3-1","Veljko Paunovic","Benjamin Mora","miguel ponce jimenez","camilo vargas","20230514",-14.7,7.8,-2.5,-11.6,-1.3,-17.2,5.3,2023-05-14,-110,300,240,-132,-108,-449,-119
"Los Angeles Galaxy","San Jose Earthquakes","draw",55.6,26.3,27.8,61.8,42.7,47.9,22,22.7,44.7,50.1,95.7,54,34.4,43,1520.6,2464,"matt predicted","USA MLS","4084820","jonathan bond","calegari","martin cceres","julian araujo","raheem edwards","gaston brugman","marco delgado","efrain alvarez","memo rodriguez","ricard puig","javier hernndez","james marcinkowski","rodrigues","tanner beason","paul marie","jonathan mensah","judson","jackson yueill","carlos gruezo","cristian espinoza","jamiro monteiro","jeremy ebobisse","","","","","","","","","","*","*","","","","","","","","","","","","27.7778","4.3478","8.3333","7.1429","11.7647","20.0000","15.3846","21.7391","26.3158","16.6667","20.4082","3.3333","9.0909","2.6316","5.2632","5.2632","4.0000","19.2308","8.3333","27.0270","16.9492","28.5714","0.0000","8.2400","0.9950","2.8950","3.5800","0.5375","13.2525","15.2300","14.9575","27.1100","34.9175","0.0000","1.3775","1.4875","1.8875","5.5675","0.5425","7.8375","4.0600","18.5600","14.1275","23.9250",30.7764,48.8289,48.3248,52.7323,46.9278,56.6135,49.6184,23.7079,17.6925,52.1599,20.6966,28.7235,39.367,41.0942,33.9619,50.1114,35.6157,46.3069,22.6345,21.9675,38.0567,19.2424,0,0.6782,0.3656,0.5809,0.6734,1.3462,0.8084,2.1556,1.6281,1.853,2.8036,0,0.2488,0.3341,0.5426,0.5153,0.4948,0.9701,0.5558,2.4664,1.2559,2.0463,0,0.2116,0.0825,0.0769,0.2342,0.2439,0.3583,0.7365,0.4966,0.8444,1.134,0,0.043,0.0942,0.0488,0.2691,0.0528,0.3593,0.4153,0.6776,0.4573,0.8435,0,1,1,1,1,2,2,3,3,3,5,0,1,1,1,1,2,2,3,3,3,5,23.7,18.9,"https://images.fotmob.com/image_resources/logo/teamlogo/6637.png","https://images.fotmob.com/image_resources/logo/teamlogo/6603.png",2023-05-14 18:30:00,"4-2-3-1","Greg Vanney","Luchi Gonzalez","jonathan bond","james marcinkowski","20230514",-7.7,-4.3,-5,-11.7,2,-12.8,-9.3,2023-05-14,-125,280,260,134,-162,-502,-118
